
> vue-element-admin@4.4.0 dev
> vue-cli-service serve

[baseline-browser-mapping] The data in this module is over two months old.  To ensure accurate Baseline data, please update: `npm i baseline-browser-mapping@latest -D`
 INFO  Starting development server...
<s> [webpack.Progress] 0% compiling
<s> [webpack.Progress] 10% building 0/0 modules 0 active 
<s> [webpack.Progress] 10% building 0/1 modules 1 active multi /data/5e-admin/node_modules/webpack-dev-server/client/index.js?http://localhost:8080&sockPath=/sockjs-node /data/5e-admin/node_modules/webpack/hot/dev-server.js ./src/main.js
<s> [webpack.Progress] 10% building 1/1 modules 0 active 
<s> [webpack.Progress] 10% building 1/1 modules 0 active 
<s> [webpack.Progress] 10% building 1/2 modules 1 active multi /data/5e-admin/node_modules/webpack/hot/dev-server.js /data/5e-admin/node_modules/webpack-dev-server/client/index.js?http://localhost:8080&sockPath=/sockjs-node ./src/main.js
<s> [webpack.Progress] 10% building 2/2 modules 0 active 
<s> [webpack.Progress] 10% building 2/3 modules 1 active /data/5e-admin/node_modules/webpack-dev-server/client/index.js?http://localhost:8080&sockPath=/sockjs-node
<s> [webpack.Progress] 10% building 2/4 modules 2 active /data/5e-admin/node_modules/webpack/hot/dev-server.js
<s> [webpack.Progress] 10% building 2/5 modules 3 active /data/5e-admin/node_modules/cache-loader/dist/cjs.js??ref--12-0!/data/5e-admin/node_modules/babel-loader/lib/index.js!/data/5e-admin/node_modules/eslint-loader/index.js??ref--13-0!/data/5e-admin/src/main.js
<s> [webpack.Progress] 10% building 3/5 modules 2 active /data/5e-admin/node_modules/cache-loader/dist/cjs.js??ref--12-0!/data/5e-admin/node_modules/babel-loader/lib/index.js!/data/5e-admin/node_modules/eslint-loader/index.js??ref--13-0!/data/5e-admin/src/main.js
<s> [webpack.Progress] 10% building 4/5 modules 1 active /data/5e-admin/node_modules/cache-loader/dist/cjs.js??ref--12-0!/data/5e-admin/node_modules/babel-loader/lib/index.js!/data/5e-admin/node_modules/eslint-loader/index.js??ref--13-0!/data/5e-admin/src/main.js
<s> [webpack.Progress] 10% building 5/5 modules 0 active 
<s> [webpack.Progress] 40% building 5/5 modules 0 active 
<s> [webpack.Progress] 40% building 5/6 modules 1 active /data/5e-admin/node_modules/webpack/hot sync nonrecursive /^\.\/log$/
<s> [webpack.Progress] 40% building 6/6 modules 0 active 
<s> [webpack.Progress] 40% building 6/7 modules 1 active /data/5e-admin/node_modules/webpack/hot/log.js
<s> [webpack.Progress] 40% building 6/8 modules 2 active /data/5e-admin/node_modules/webpack/hot/log-apply-result.js
<s> [webpack.Progress] 40% building 6/9 modules 3 active /data/5e-admin/node_modules/webpack/hot/emitter.js
<s> [webpack.Progress] 40% building 6/10 modules 4 active /data/5e-admin/node_modules/webpack-dev-server/client/socket.js
<s> [webpack.Progress] 40% building 6/11 modules 5 active /data/5e-admin/node_modules/webpack-dev-server/client/overlay.js
<s> [webpack.Progress] 40% building 6/12 modules 6 active /data/5e-admin/node_modules/cache-loader/dist/cjs.js??ref--12-0!/data/5e-admin/node_modules/babel-loader/lib/index.js!/data/5e-admin/node_modules/eslint-loader/index.js??ref--13-0!/data/5e-admin/src/permission.js
<s> [webpack.Progress] 40% building 6/13 modules 7 active /data/5e-admin/node_modules/webpack-dev-server/client/utils/log.js
<s> [webpack.Progress] 40% building 6/14 modules 8 active /data/5e-admin/node_modules/webpack-dev-server/client/utils/sendMessage.js
<s> [webpack.Progress] 40% building 6/15 modules 9 active /data/5e-admin/node_modules/webpack-dev-server/client/utils/reloadApp.js
<s> [webpack.Progress] 40% building 6/16 modules 10 active /data/5e-admin/node_modules/webpack-dev-server/client/utils/createSocketUrl.js
<s> [webpack.Progress] 40% building 7/16 modules 9 active /data/5e-admin/node_modules/webpack-dev-server/client/utils/createSocketUrl.js
<s> [webpack.Progress] 40% building 8/16 modules 8 active /data/5e-admin/node_modules/webpack-dev-server/client/utils/createSocketUrl.js
<s> [webpack.Progress] 40% building 9/16 modules 7 active /data/5e-admin/node_modules/webpack-dev-server/client/utils/createSocketUrl.js
<s> [webpack.Progress] 40% building 9/17 modules 8 active /data/5e-admin/node_modules/cache-loader/dist/cjs.js??ref--12-0!/data/5e-admin/node_modules/babel-loader/lib/index.js!/data/5e-admin/node_modules/eslint-loader/index.js??ref--13-0!/data/5e-admin/src/utils/error-log.js
<s> [webpack.Progress] 40% building 10/17 modules 7 active /data/5e-admin/node_modules/cache-loader/dist/cjs.js??ref--12-0!/data/5e-admin/node_modules/babel-loader/lib/index.js!/data/5e-admin/node_modules/eslint-loader/index.js??ref--13-0!/data/5e-admin/src/utils/error-log.js
<s> [webpack.Progress] 40% building 11/17 modules 6 active /data/5e-admin/node_modules/cache-loader/dist/cjs.js??ref--12-0!/data/5e-admin/node_modules/babel-loader/lib/index.js!/data/5e-admin/node_modules/eslint-loader/index.js??ref--13-0!/data/5e-admin/src/utils/error-log.js
<s> [webpack.Progress] 40% building 11/18 modules 7 active /data/5e-admin/node_modules/core-js/modules/es.array.iterator.js
<s> [webpack.Progress] 40% building 11/19 modules 8 active /data/5e-admin/node_modules/core-js/modules/es.promise.js
<s> [webpack.Progress] 40% building 11/20 modules 9 active /data/5e-admin/node_modules/core-js/modules/es.object.assign.js
<s> [webpack.Progress] 40% building 11/21 modules 10 active /data/5e-admin/node_modules/core-js/modules/es.promise.finally.js
<s> [webpack.Progress] 40% building 11/22 modules 11 active /data/5e-admin/node_modules/core-js/modules/es.array.filter.js
<s> [webpack.Progress] 40% building 11/23 modules 12 active /data/5e-admin/node_modules/core-js/modules/es.object.keys.js
<s> [webpack.Progress] 40% building 11/24 modules 13 active /data/5e-admin/node_modules/core-js/modules/es.object.to-string.js
<s> [webpack.Progress] 40% building 11/25 modules 14 active /data/5e-admin/node_modules/core-js/modules/esnext.iterator.constructor.js
<s> [webpack.Progress] 40% building 11/26 modules 15 active /data/5e-admin/node_modules/core-js/modules/esnext.iterator.filter.js
<s> [webpack.Progress] 40% building 11/27 modules 16 active /data/5e-admin/node_modules/core-js/modules/esnext.iterator.for-each.js
<s> [webpack.Progress] 40% building 11/28 modules 17 active /data/5e-admin/node_modules/core-js/modules/web.dom-collections.for-each.js
<s> [webpack.Progress] 40% building 11/29 modules 18 active /data/5e-admin/node_modules/vue/dist/vue.runtime.esm.js
<s> [webpack.Progress] 40% building 12/29 modules 17 active /data/5e-admin/node_modules/vue/dist/vue.runtime.esm.js
<s> [webpack.Progress] 40% building 13/29 modules 16 active /data/5e-admin/node_modules/vue/dist/vue.runtime.esm.js
<s> [webpack.Progress] 40% building 14/29 modules 15 active /data/5e-admin/node_modules/vue/dist/vue.runtime.esm.js
<s> [webpack.Progress] 40% building 15/29 modules 14 active /data/5e-admin/node_modules/vue/dist/vue.runtime.esm.js
<s> [webpack.Progress] 40% building 16/29 modules 13 active /data/5e-admin/node_modules/vue/dist/vue.runtime.esm.js
<s> [webpack.Progress] 40% building 16/30 modules 14 active /data/5e-admin/node_modules/vue-style-loader/index.js??ref--6-oneOf-3-0!/data/5e-admin/node_modules/css-loader/dist/cjs.js??ref--6-oneOf-3-1!/data/5e-admin/node_modules/postcss-loader/src/index.js??ref--6-oneOf-3-2!/data/5e-admin/node_modules/normalize.css/normalize.css
<s> [webpack.Progress] 40% building 17/30 modules 13 active /data/5e-admin/node_modules/vue/dist/vue.runtime.esm.js
<s> [webpack.Progress] 40% building 17/31 modules 14 active /data/5e-admin/node_modules/css-loader/dist/cjs.js??ref--6-oneOf-3-1!/data/5e-admin/node_modules/postcss-loader/src/index.js??ref--6-oneOf-3-2!/data/5e-admin/node_modules/normalize.css/normalize.css
<s> [webpack.Progress] 40% building 17/32 modules 15 active /data/5e-admin/node_modules/vue-style-loader/index.js??ref--8-oneOf-3-0!/data/5e-admin/node_modules/css-loader/dist/cjs.js??ref--8-oneOf-3-1!/data/5e-admin/node_modules/postcss-loader/src/index.js??ref--8-oneOf-3-2!/data/5e-admin/node_modules/sass-loader/dist/cjs.js??ref--8-oneOf-3-3!/data/5e-admin/src/styles/element-variables.scss
<s> [webpack.Progress] 40% building 18/32 modules 14 active /data/5e-admin/node_modules/css-loader/dist/cjs.js??ref--6-oneOf-3-1!/data/5e-admin/node_modules/postcss-loader/src/index.js??ref--6-oneOf-3-2!/data/5e-admin/node_modules/normalize.css/normalize.css
<s> [webpack.Progress] 40% building 18/33 modules 15 active /data/5e-admin/node_modules/vue-style-loader/index.js??ref--8-oneOf-3-0!/data/5e-admin/node_modules/css-loader/dist/cjs.js??ref--8-oneOf-3-1!/data/5e-admin/node_modules/postcss-loader/src/index.js??ref--8-oneOf-3-2!/data/5e-admin/node_modules/sass-loader/dist/cjs.js??ref--8-oneOf-3-3!/data/5e-admin/src/styles/index.scss
<s> [webpack.Progress] 40% building 19/33 modules 14 active /data/5e-admin/node_modules/css-loader/dist/cjs.js??ref--6-oneOf-3-1!/data/5e-admin/node_modules/postcss-loader/src/index.js??ref--6-oneOf-3-2!/data/5e-admin/node_modules/normalize.css/normalize.css
<s> [webpack.Progress] 40% building 19/34 modules 15 active /data/5e-admin/node_modules/css-loader/dist/cjs.js??ref--8-oneOf-3-1!/data/5e-admin/node_modules/postcss-loader/src/index.js??ref--8-oneOf-3-2!/data/5e-admin/node_modules/sass-loader/dist/cjs.js??ref--8-oneOf-3-3!/data/5e-admin/src/styles/element-variables.scss
<s> [webpack.Progress] 40% building 19/35 modules 16 active /data/5e-admin/node_modules/css-loader/dist/cjs.js??ref--8-oneOf-3-1!/data/5e-admin/node_modules/postcss-loader/src/index.js??ref--8-oneOf-3-2!/data/5e-admin/node_modules/sass-loader/dist/cjs.js??ref--8-oneOf-3-3!/data/5e-admin/src/styles/index.scss
<s> [webpack.Progress] 40% building 20/35 modules 15 active /data/5e-admin/node_modules/css-loader/dist/cjs.js??ref--8-oneOf-3-1!/data/5e-admin/node_modules/postcss-loader/src/index.js??ref--8-oneOf-3-2!/data/5e-admin/node_modules/sass-loader/dist/cjs.js??ref--8-oneOf-3-3!/data/5e-admin/src/styles/index.scss
<s> [webpack.Progress] 40% building 21/35 modules 14 active /data/5e-admin/node_modules/css-loader/dist/cjs.js??ref--8-oneOf-3-1!/data/5e-admin/node_modules/postcss-loader/src/index.js??ref--8-oneOf-3-2!/data/5e-admin/node_modules/sass-loader/dist/cjs.js??ref--8-oneOf-3-3!/data/5e-admin/src/styles/index.scss
<s> [webpack.Progress] 40% building 22/35 modules 13 active /data/5e-admin/node_modules/css-loader/dist/cjs.js??ref--8-oneOf-3-1!/data/5e-admin/node_modules/postcss-loader/src/index.js??ref--8-oneOf-3-2!/data/5e-admin/node_modules/sass-loader/dist/cjs.js??ref--8-oneOf-3-3!/data/5e-admin/src/styles/index.scss
<s> [webpack.Progress] 40% building 23/35 modules 12 active /data/5e-admin/node_modules/css-loader/dist/cjs.js??ref--8-oneOf-3-1!/data/5e-admin/node_modules/postcss-loader/src/index.js??ref--8-oneOf-3-2!/data/5e-admin/node_modules/sass-loader/dist/cjs.js??ref--8-oneOf-3-3!/data/5e-admin/src/styles/index.scss
<s> [webpack.Progress] 40% building 24/35 modules 11 active /data/5e-admin/node_modules/css-loader/dist/cjs.js??ref--8-oneOf-3-1!/data/5e-admin/node_modules/postcss-loader/src/index.js??ref--8-oneOf-3-2!/data/5e-admin/node_modules/sass-loader/dist/cjs.js??ref--8-oneOf-3-3!/data/5e-admin/src/styles/index.scss
<s> [webpack.Progress] 40% building 25/35 modules 10 active /data/5e-admin/node_modules/css-loader/dist/cjs.js??ref--8-oneOf-3-1!/data/5e-admin/node_modules/postcss-loader/src/index.js??ref--8-oneOf-3-2!/data/5e-admin/node_modules/sass-loader/dist/cjs.js??ref--8-oneOf-3-3!/data/5e-admin/src/styles/index.scss
<s> [webpack.Progress] 40% building 26/35 modules 9 active /data/5e-admin/node_modules/css-loader/dist/cjs.js??ref--8-oneOf-3-1!/data/5e-admin/node_modules/postcss-loader/src/index.js??ref--8-oneOf-3-2!/data/5e-admin/node_modules/sass-loader/dist/cjs.js??ref--8-oneOf-3-3!/data/5e-admin/src/styles/index.scss
<s> [webpack.Progress] 40% building 27/35 modules 8 active /data/5e-admin/node_modules/css-loader/dist/cjs.js??ref--8-oneOf-3-1!/data/5e-admin/node_modules/postcss-loader/src/index.js??ref--8-oneOf-3-2!/data/5e-admin/node_modules/sass-loader/dist/cjs.js??ref--8-oneOf-3-3!/data/5e-admin/src/styles/index.scss
<s> [webpack.Progress] 40% building 28/35 modules 7 active /data/5e-admin/node_modules/css-loader/dist/cjs.js??ref--8-oneOf-3-1!/data/5e-admin/node_modules/postcss-loader/src/index.js??ref--8-oneOf-3-2!/data/5e-admin/node_modules/sass-loader/dist/cjs.js??ref--8-oneOf-3-3!/data/5e-admin/src/styles/index.scss
<s> [webpack.Progress] 40% building 29/35 modules 6 active /data/5e-admin/node_modules/css-loader/dist/cjs.js??ref--8-oneOf-3-1!/data/5e-admin/node_modules/postcss-loader/src/index.js??ref--8-oneOf-3-2!/data/5e-admin/node_modules/sass-loader/dist/cjs.js??ref--8-oneOf-3-3!/data/5e-admin/src/styles/index.scss
<s> [webpack.Progress] 40% building 30/35 modules 5 active /data/5e-admin/node_modules/css-loader/dist/cjs.js??ref--8-oneOf-3-1!/data/5e-admin/node_modules/postcss-loader/src/index.js??ref--8-oneOf-3-2!/data/5e-admin/node_modules/sass-loader/dist/cjs.js??ref--8-oneOf-3-3!/data/5e-admin/src/styles/index.scss
<s> [webpack.Progress] 40% building 31/35 modules 4 active /data/5e-admin/node_modules/css-loader/dist/cjs.js??ref--8-oneOf-3-1!/data/5e-admin/node_modules/postcss-loader/src/index.js??ref--8-oneOf-3-2!/data/5e-admin/node_modules/sass-loader/dist/cjs.js??ref--8-oneOf-3-3!/data/5e-admin/src/styles/index.scss
<s> [webpack.Progress] 40% building 31/36 modules 5 active /data/5e-admin/node_modules/element-ui/lib/locale/lang/en.js
<s> [webpack.Progress] 40% building 31/37 modules 6 active /data/5e-admin/node_modules/webpack-dev-server/client/clients/SockJSClient.js
<s> [webpack.Progress] 40% building 32/37 modules 5 active /data/5e-admin/node_modules/webpack-dev-server/client/clients/SockJSClient.js
<s> [webpack.Progress] 40% building 32/38 modules 6 active /data/5e-admin/node_modules/webpack/buildin/global.js
<s> [webpack.Progress] 40% building 32/39 modules 7 active /data/5e-admin/node_modules/core-js/modules/es.array.includes.js
<s> [webpack.Progress] 40% building 32/40 modules 8 active /data/5e-admin/node_modules/core-js/modules/es.string.includes.js
<s> [webpack.Progress] 40% building 32/41 modules 9 active /data/5e-admin/node_modules/events/events.js
<s> [webpack.Progress] 40% building 33/41 modules 8 active /data/5e-admin/node_modules/events/events.js
<s> [webpack.Progress] 40% building 33/42 modules 9 active /data/5e-admin/node_modules/cache-loader/dist/cjs.js??ref--12-0!/data/5e-admin/node_modules/babel-loader/lib/index.js!/data/5e-admin/node_modules/eslint-loader/index.js??ref--13-0!/data/5e-admin/src/utils/auth.js
<s> [webpack.Progress] 40% building 33/43 modules 10 active /data/5e-admin/node_modules/cache-loader/dist/cjs.js??ref--12-0!/data/5e-admin/node_modules/babel-loader/lib/index.js!/data/5e-admin/node_modules/eslint-loader/index.js??ref--13-0!/data/5e-admin/src/utils/get-page-title.js
<s> [webpack.Progress] 40% building 33/44 modules 11 active /data/5e-admin/node_modules/vue-style-loader/index.js??ref--6-oneOf-3-0!/data/5e-admin/node_modules/css-loader/dist/cjs.js??ref--6-oneOf-3-1!/data/5e-admin/node_modules/postcss-loader/src/index.js??ref--6-oneOf-3-2!/data/5e-admin/node_modules/nprogress/nprogress.css
<s> [webpack.Progress] 40% building 34/44 modules 10 active /data/5e-admin/node_modules/cache-loader/dist/cjs.js??ref--12-0!/data/5e-admin/node_modules/babel-loader/lib/index.js!/data/5e-admin/node_modules/eslint-loader/index.js??ref--13-0!/data/5e-admin/src/utils/get-page-title.js
<s> [webpack.Progress] 40% building 34/45 modules 11 active /data/5e-admin/node_modules/css-loader/dist/cjs.js??ref--6-oneOf-3-1!/data/5e-admin/node_modules/postcss-loader/src/index.js??ref--6-oneOf-3-2!/data/5e-admin/node_modules/nprogress/nprogress.css
<s> [webpack.Progress] 40% building 35/45 modules 10 active /data/5e-admin/node_modules/css-loader/dist/cjs.js??ref--6-oneOf-3-1!/data/5e-admin/node_modules/postcss-loader/src/index.js??ref--6-oneOf-3-2!/data/5e-admin/node_modules/nprogress/nprogress.css
<s> [webpack.Progress] 40% building 36/45 modules 9 active /data/5e-admin/node_modules/css-loader/dist/cjs.js??ref--6-oneOf-3-1!/data/5e-admin/node_modules/postcss-loader/src/index.js??ref--6-oneOf-3-2!/data/5e-admin/node_modules/nprogress/nprogress.css
<s> [webpack.Progress] 40% building 36/46 modules 10 active /data/5e-admin/node_modules/webpack-dev-server/client/utils/getCurrentScriptSource.js
<s> [webpack.Progress] 40% building 36/47 modules 11 active /data/5e-admin/node_modules/vue-style-loader/lib/addStylesClient.js
<s> [webpack.Progress] 40% building 36/48 modules 12 active /data/5e-admin/node_modules/cache-loader/dist/cjs.js??ref--0-0!/data/5e-admin/node_modules/vue-loader/lib/index.js??vue-loader-options!/data/5e-admin/node_modules/eslint-loader/index.js??ref--13-0!/data/5e-admin/src/App.vue
<s> [webpack.Progress] 40% building 36/49 modules 13 active /data/5e-admin/node_modules/url/url.js
<s> [webpack.Progress] 40% building 37/49 modules 12 active /data/5e-admin/node_modules/url/url.js
<s> [webpack.Progress] 40% building 38/49 modules 11 active /data/5e-admin/node_modules/url/url.js
<s> [webpack.Progress] 40% building 38/50 modules 12 active /data/5e-admin/node_modules/cache-loader/dist/cjs.js??ref--12-0!/data/5e-admin/node_modules/babel-loader/lib/index.js!/data/5e-admin/node_modules/eslint-loader/index.js??ref--13-0!/data/5e-admin/src/utils/validate.js
<s> [webpack.Progress] 40% building 38/51 modules 13 active /data/5e-admin/node_modules/cache-loader/dist/cjs.js??ref--12-0!/data/5e-admin/node_modules/babel-loader/lib/index.js!/data/5e-admin/node_modules/eslint-loader/index.js??ref--13-0!/data/5e-admin/src/settings.js
<s> [webpack.Progress] 40% building 39/51 modules 12 active /data/5e-admin/node_modules/cache-loader/dist/cjs.js??ref--12-0!/data/5e-admin/node_modules/babel-loader/lib/index.js!/data/5e-admin/node_modules/eslint-loader/index.js??ref--13-0!/data/5e-admin/src/settings.js
<s> [webpack.Progress] 40% building 39/52 modules 13 active /data/5e-admin/node_modules/element-ui/lib/element-ui.common.js
<s> [webpack.Progress] 40% building 40/52 modules 12 active /data/5e-admin/node_modules/element-ui/lib/element-ui.common.js
<s> [webpack.Progress] 40% building 40/53 modules 13 active /data/5e-admin/node_modules/cache-loader/dist/cjs.js??ref--12-0!/data/5e-admin/node_modules/babel-loader/lib/index.js!/data/5e-admin/node_modules/@babel/runtime/helpers/esm/regenerator.js
<s> [webpack.Progress] 40% building 40/54 modules 14 active /data/5e-admin/node_modules/cache-loader/dist/cjs.js??ref--12-0!/data/5e-admin/node_modules/babel-loader/lib/index.js!/data/5e-admin/node_modules/@babel/runtime/helpers/esm/objectSpread2.js
<s> [webpack.Progress] 40% building 40/55 modules 15 active /data/5e-admin/node_modules/cache-loader/dist/cjs.js??ref--12-0!/data/5e-admin/node_modules/babel-loader/lib/index.js!/data/5e-admin/node_modules/@babel/runtime/helpers/esm/asyncToGenerator.js
<s> [webpack.Progress] 40% building 41/55 modules 14 active /data/5e-admin/node_modules/cache-loader/dist/cjs.js??ref--12-0!/data/5e-admin/node_modules/babel-loader/lib/index.js!/data/5e-admin/node_modules/@babel/runtime/helpers/esm/asyncToGenerator.js
<s> [webpack.Progress] 40% building 42/55 modules 13 active /data/5e-admin/node_modules/cache-loader/dist/cjs.js??ref--12-0!/data/5e-admin/node_modules/babel-loader/lib/index.js!/data/5e-admin/node_modules/@babel/runtime/helpers/esm/asyncToGenerator.js
<s> [webpack.Progress] 40% building 42/56 modules 14 active /data/5e-admin/node_modules/core-js/internals/to-indexed-object.js
<s> [webpack.Progress] 40% building 42/57 modules 15 active /data/5e-admin/node_modules/core-js/internals/add-to-unscopables.js
<s> [webpack.Progress] 40% building 42/58 modules 16 active /data/5e-admin/node_modules/core-js/internals/iterators.js
<s> [webpack.Progress] 40% building 42/59 modules 17 active /data/5e-admin/node_modules/core-js/internals/internal-state.js
<s> [webpack.Progress] 40% building 42/60 modules 18 active /data/5e-admin/node_modules/core-js/internals/define-iterator.js
<s> [webpack.Progress] 40% building 42/61 modules 19 active /data/5e-admin/node_modules/core-js/internals/export.js
<s> [webpack.Progress] 40% building 42/62 modules 20 active /data/5e-admin/node_modules/core-js/internals/is-pure.js
<s> [webpack.Progress] 40% building 42/63 modules 21 active /data/5e-admin/node_modules/core-js/internals/global.js
<s> [webpack.Progress] 40% building 42/64 modules 22 active /data/5e-admin/node_modules/core-js/internals/get-built-in.js
<s> [webpack.Progress] 40% building 42/65 modules 23 active /data/5e-admin/node_modules/core-js/internals/native-promise-constructor.js
<s> [webpack.Progress] 40% building 42/66 modules 24 active /data/5e-admin/node_modules/core-js/internals/redefine.js
<s> [webpack.Progress] 40% building 42/67 modules 25 active /data/5e-admin/node_modules/core-js/internals/redefine-all.js
<s> [webpack.Progress] 40% building 42/68 modules 26 active /data/5e-admin/node_modules/core-js/internals/set-to-string-tag.js
<s> [webpack.Progress] 40% building 42/69 modules 27 active /data/5e-admin/node_modules/core-js/internals/set-species.js
<s> [webpack.Progress] 40% building 42/70 modules 28 active /data/5e-admin/node_modules/core-js/internals/is-object.js
<s> [webpack.Progress] 40% building 42/71 modules 29 active /data/5e-admin/node_modules/core-js/internals/a-function.js
<s> [webpack.Progress] 40% building 42/72 modules 30 active /data/5e-admin/node_modules/core-js/internals/an-instance.js
<s> [webpack.Progress] 40% building 42/73 modules 31 active /data/5e-admin/node_modules/core-js/internals/classof-raw.js
<s> [webpack.Progress] 40% building 42/74 modules 32 active /data/5e-admin/node_modules/core-js/internals/inspect-source.js
<s> [webpack.Progress] 40% building 42/75 modules 33 active /data/5e-admin/node_modules/core-js/internals/iterate.js
<s> [webpack.Progress] 40% building 42/76 modules 34 active /data/5e-admin/node_modules/core-js/internals/check-correctness-of-iteration.js
<s> [webpack.Progress] 40% building 42/77 modules 35 active /data/5e-admin/node_modules/core-js/internals/species-constructor.js
<s> [webpack.Progress] 40% building 42/78 modules 36 active /data/5e-admin/node_modules/core-js/internals/task.js
<s> [webpack.Progress] 40% building 42/79 modules 37 active /data/5e-admin/node_modules/core-js/internals/microtask.js
<s> [webpack.Progress] 40% building 42/80 modules 38 active /data/5e-admin/node_modules/core-js/internals/promise-resolve.js
<s> [webpack.Progress] 40% building 42/81 modules 39 active /data/5e-admin/node_modules/core-js/internals/host-report-errors.js
<s> [webpack.Progress] 40% building 42/82 modules 40 active /data/5e-admin/node_modules/core-js/internals/new-promise-capability.js
<s> [webpack.Progress] 40% building 42/83 modules 41 active /data/5e-admin/node_modules/core-js/internals/perform.js
<s> [webpack.Progress] 40% building 42/84 modules 42 active /data/5e-admin/node_modules/core-js/internals/is-forced.js
<s> [webpack.Progress] 40% building 42/85 modules 43 active /data/5e-admin/node_modules/core-js/internals/well-known-symbol.js
<s> [webpack.Progress] 40% building 42/86 modules 44 active /data/5e-admin/node_modules/core-js/internals/engine-v8-version.js
<s> [webpack.Progress] 40% building 42/87 modules 45 active /data/5e-admin/node_modules/core-js/internals/object-assign.js
<s> [webpack.Progress] 40% building 42/88 modules 46 active /data/5e-admin/node_modules/core-js/internals/fails.js
<s> [webpack.Progress] 40% building 42/89 modules 47 active /data/5e-admin/node_modules/core-js/internals/array-iteration.js
<s> [webpack.Progress] 40% building 42/90 modules 48 active /data/5e-admin/node_modules/core-js/internals/array-method-has-species-support.js
<s> [webpack.Progress] 40% building 42/91 modules 49 active /data/5e-admin/node_modules/core-js/internals/array-method-uses-to-length.js
<s> [webpack.Progress] 40% building 42/92 modules 50 active /data/5e-admin/node_modules/core-js/internals/to-string-tag-support.js
<s> [webpack.Progress] 40% building 42/93 modules 51 active /data/5e-admin/node_modules/core-js/internals/object-to-string.js
<s> [webpack.Progress] 40% building 42/94 modules 52 active /data/5e-admin/node_modules/core-js/internals/to-object.js
<s> [webpack.Progress] 40% building 42/95 modules 53 active /data/5e-admin/node_modules/core-js/internals/object-keys.js
<s> [webpack.Progress] 40% building 42/96 modules 54 active /data/5e-admin/node_modules/core-js/internals/create-non-enumerable-property.js
<s> [webpack.Progress] 40% building 42/97 modules 55 active /data/5e-admin/node_modules/core-js/internals/array-for-each.js
<s> [webpack.Progress] 40% building 43/97 modules 54 active /data/5e-admin/node_modules/core-js/internals/array-for-each.js
<s> [webpack.Progress] 40% building 44/97 modules 53 active /data/5e-admin/node_modules/core-js/internals/array-for-each.js
<s> [webpack.Progress] 40% building 44/98 modules 54 active /data/5e-admin/node_modules/cache-loader/dist/cjs.js??ref--12-0!/data/5e-admin/node_modules/babel-loader/lib/index.js!/data/5e-admin/node_modules/eslint-loader/index.js??ref--13-0!/data/5e-admin/src/store/index.js
<s> [webpack.Progress] 40% building 44/99 modules 55 active /data/5e-admin/node_modules/cache-loader/dist/cjs.js??ref--12-0!/data/5e-admin/node_modules/babel-loader/lib/index.js!/data/5e-admin/node_modules/eslint-loader/index.js??ref--13-0!/data/5e-admin/src/router/index.js
<s> [webpack.Progress] 40% building 44/100 modules 56 active /data/5e-admin/node_modules/cache-loader/dist/cjs.js??ref--12-0!/data/5e-admin/node_modules/babel-loader/lib/index.js!/data/5e-admin/node_modules/eslint-loader/index.js??ref--13-0!/data/5e-admin/src/icons/index.js
<s> [webpack.Progress] 40% building 44/101 modules 57 active /data/5e-admin/node_modules/cache-loader/dist/cjs.js??ref--12-0!/data/5e-admin/node_modules/babel-loader/lib/index.js!/data/5e-admin/node_modules/eslint-loader/index.js??ref--13-0!/data/5e-admin/src/filters/index.js
<s> [webpack.Progress] 40% building 45/101 modules 56 active /data/5e-admin/node_modules/cache-loader/dist/cjs.js??ref--12-0!/data/5e-admin/node_modules/babel-loader/lib/index.js!/data/5e-admin/node_modules/eslint-loader/index.js??ref--13-0!/data/5e-admin/src/filters/index.js
<s> [webpack.Progress] 40% building 46/101 modules 55 active /data/5e-admin/node_modules/cache-loader/dist/cjs.js??ref--12-0!/data/5e-admin/node_modules/babel-loader/lib/index.js!/data/5e-admin/node_modules/eslint-loader/index.js??ref--13-0!/data/5e-admin/src/filters/index.js
<s> [webpack.Progress] 40% building 47/101 modules 54 active /data/5e-admin/node_modules/cache-loader/dist/cjs.js??ref--12-0!/data/5e-admin/node_modules/babel-loader/lib/index.js!/data/5e-admin/node_modules/eslint-loader/index.js??ref--13-0!/data/5e-admin/src/filters/index.js
<s> [webpack.Progress] 40% building 47/102 modules 55 active /data/5e-admin/node_modules/core-js/internals/dom-iterables.js
<s> [webpack.Progress] 40% building 47/103 modules 56 active /data/5e-admin/node_modules/js-cookie/src/js.cookie.js
<s> [webpack.Progress] 40% building 47/104 modules 57 active /data/5e-admin/node_modules/core-js/modules/es.array.concat.js
<s> [webpack.Progress] 40% building 47/105 modules 58 active /data/5e-admin/node_modules/core-js/internals/an-object.js
<s> [webpack.Progress] 40% building 47/106 modules 59 active /data/5e-admin/node_modules/webpack-dev-server/client/clients/BaseClient.js
<s> [webpack.Progress] 40% building 48/106 modules 58 active /data/5e-admin/node_modules/webpack-dev-server/client/clients/BaseClient.js
<s> [webpack.Progress] 40% building 49/106 modules 57 active /data/5e-admin/node_modules/webpack-dev-server/client/clients/BaseClient.js
<s> [webpack.Progress] 40% building 50/106 modules 56 active /data/5e-admin/node_modules/webpack-dev-server/client/clients/BaseClient.js
<s> [webpack.Progress] 40% building 51/106 modules 55 active /data/5e-admin/node_modules/webpack-dev-server/client/clients/BaseClient.js
<s> [webpack.Progress] 40% building 52/106 modules 54 active /data/5e-admin/node_modules/webpack-dev-server/client/clients/BaseClient.js
<s> [webpack.Progress] 40% building 53/106 modules 53 active /data/5e-admin/node_modules/webpack-dev-server/client/clients/BaseClient.js
<s> [webpack.Progress] 40% building 54/106 modules 52 active /data/5e-admin/node_modules/webpack-dev-server/client/clients/BaseClient.js
<s> [webpack.Progress] 40% building 55/106 modules 51 active /data/5e-admin/node_modules/webpack-dev-server/client/clients/BaseClient.js
<s> [webpack.Progress] 40% building 56/106 modules 50 active /data/5e-admin/node_modules/webpack-dev-server/client/clients/BaseClient.js
<s> [webpack.Progress] 40% building 57/106 modules 49 active /data/5e-admin/node_modules/webpack-dev-server/client/clients/BaseClient.js
<s> [webpack.Progress] 40% building 58/106 modules 48 active /data/5e-admin/node_modules/webpack-dev-server/client/clients/BaseClient.js
<s> [webpack.Progress] 40% building 59/106 modules 47 active /data/5e-admin/node_modules/webpack-dev-server/client/clients/BaseClient.js
<s> [webpack.Progress] 40% building 60/106 modules 46 active /data/5e-admin/node_modules/webpack-dev-server/client/clients/BaseClient.js
<s> [webpack.Progress] 40% building 61/106 modules 45 active /data/5e-admin/node_modules/webpack-dev-server/client/clients/BaseClient.js
<s> [webpack.Progress] 40% building 62/106 modules 44 active /data/5e-admin/node_modules/webpack-dev-server/client/clients/BaseClient.js
<s> [webpack.Progress] 40% building 63/106 modules 43 active /data/5e-admin/node_modules/webpack-dev-server/client/clients/BaseClient.js
<s> [webpack.Progress] 40% building 64/106 modules 42 active /data/5e-admin/node_modules/webpack-dev-server/client/clients/BaseClient.js
<s> [webpack.Progress] 40% building 65/106 modules 41 active /data/5e-admin/node_modules/webpack-dev-server/client/clients/BaseClient.js
<s> [webpack.Progress] 40% building 66/106 modules 40 active /data/5e-admin/node_modules/webpack-dev-server/client/clients/BaseClient.js
<s> [webpack.Progress] 40% building 67/106 modules 39 active /data/5e-admin/node_modules/webpack-dev-server/client/clients/BaseClient.js
<s> [webpack.Progress] 40% building 68/106 modules 38 active /data/5e-admin/node_modules/webpack-dev-server/client/clients/BaseClient.js
<s> [webpack.Progress] 40% building 69/106 modules 37 active /data/5e-admin/node_modules/webpack-dev-server/client/clients/BaseClient.js
<s> [webpack.Progress] 40% building 70/106 modules 36 active /data/5e-admin/node_modules/webpack-dev-server/client/clients/BaseClient.js
<s> [webpack.Progress] 40% building 71/106 modules 35 active /data/5e-admin/node_modules/webpack-dev-server/client/clients/BaseClient.js
<s> [webpack.Progress] 40% building 72/106 modules 34 active /data/5e-admin/node_modules/webpack-dev-server/client/clients/BaseClient.js
<s> [webpack.Progress] 40% building 73/106 modules 33 active /data/5e-admin/node_modules/webpack-dev-server/client/clients/BaseClient.js
<s> [webpack.Progress] 40% building 74/106 modules 32 active /data/5e-admin/node_modules/webpack-dev-server/client/clients/BaseClient.js
<s> [webpack.Progress] 40% building 75/106 modules 31 active /data/5e-admin/node_modules/webpack-dev-server/client/clients/BaseClient.js
<s> [webpack.Progress] 40% building 76/106 modules 30 active /data/5e-admin/node_modules/webpack-dev-server/client/clients/BaseClient.js
<s> [webpack.Progress] 40% building 77/106 modules 29 active /data/5e-admin/node_modules/webpack-dev-server/client/clients/BaseClient.js
<s> [webpack.Progress] 40% building 78/106 modules 28 active /data/5e-admin/node_modules/webpack-dev-server/client/clients/BaseClient.js
<s> [webpack.Progress] 40% building 79/106 modules 27 active /data/5e-admin/node_modules/webpack-dev-server/client/clients/BaseClient.js
<s> [webpack.Progress] 40% building 80/106 modules 26 active /data/5e-admin/node_modules/webpack-dev-server/client/clients/BaseClient.js
<s> [webpack.Progress] 40% building 81/106 modules 25 active /data/5e-admin/node_modules/webpack-dev-server/client/clients/BaseClient.js
<s> [webpack.Progress] 40% building 82/106 modules 24 active /data/5e-admin/node_modules/webpack-dev-server/client/clients/BaseClient.js
<s> [webpack.Progress] 40% building 83/106 modules 23 active /data/5e-admin/node_modules/webpack-dev-server/client/clients/BaseClient.js
<s> [webpack.Progress] 40% building 84/106 modules 22 active /data/5e-admin/node_modules/webpack-dev-server/client/clients/BaseClient.js
<s> [webpack.Progress] 40% building 85/106 modules 21 active /data/5e-admin/node_modules/webpack-dev-server/client/clients/BaseClient.js
<s> [webpack.Progress] 40% building 86/106 modules 20 active /data/5e-admin/node_modules/webpack-dev-server/client/clients/BaseClient.js
<s> [webpack.Progress] 40% building 87/106 modules 19 active /data/5e-admin/node_modules/webpack-dev-server/client/clients/BaseClient.js
<s> [webpack.Progress] 40% building 88/106 modules 18 active /data/5e-admin/node_modules/webpack-dev-server/client/clients/BaseClient.js
<s> [webpack.Progress] 40% building 89/106 modules 17 active /data/5e-admin/node_modules/webpack-dev-server/client/clients/BaseClient.js
<s> [webpack.Progress] 40% building 90/106 modules 16 active /data/5e-admin/node_modules/webpack-dev-server/client/clients/BaseClient.js
<s> [webpack.Progress] 40% building 91/106 modules 15 active /data/5e-admin/node_modules/webpack-dev-server/client/clients/BaseClient.js
<s> [webpack.Progress] 40% building 92/106 modules 14 active /data/5e-admin/node_modules/webpack-dev-server/client/clients/BaseClient.js
<s> [webpack.Progress] 40% building 93/106 modules 13 active /data/5e-admin/node_modules/webpack-dev-server/client/clients/BaseClient.js
<s> [webpack.Progress] 40% building 94/106 modules 12 active /data/5e-admin/node_modules/webpack-dev-server/client/clients/BaseClient.js
<s> [webpack.Progress] 40% building 94/107 modules 13 active /data/5e-admin/node_modules/core-js/modules/es.regexp.exec.js
<s> [webpack.Progress] 40% building 94/108 modules 14 active /data/5e-admin/node_modules/core-js/modules/es.regexp.test.js
<s> [webpack.Progress] 40% building 94/109 modules 15 active /data/5e-admin/node_modules/core-js/modules/es.regexp.to-string.js
<s> [webpack.Progress] 40% building 95/109 modules 14 active /data/5e-admin/node_modules/core-js/modules/es.regexp.to-string.js
<s> [webpack.Progress] 40% building 95/110 modules 15 active /data/5e-admin/node_modules/webpack-dev-server/node_modules/strip-ansi/index.js
<s> [webpack.Progress] 40% building 96/110 modules 14 active /data/5e-admin/node_modules/webpack-dev-server/node_modules/strip-ansi/index.js
<s> [webpack.Progress] 40% building 96/111 modules 15 active /data/5e-admin/node_modules/core-js/internals/correct-is-regexp-logic.js
<s> [webpack.Progress] 40% building 97/111 modules 14 active /data/5e-admin/node_modules/core-js/internals/correct-is-regexp-logic.js
<s> [webpack.Progress] 40% building 97/112 modules 15 active /data/5e-admin/node_modules/vue-loader/lib/loaders/pitcher.js??ref--4!/data/5e-admin/node_modules/cache-loader/dist/cjs.js??ref--0-0!/data/5e-admin/node_modules/vue-loader/lib/index.js??vue-loader-options!/data/5e-admin/node_modules/eslint-loader/index.js??ref--13-0!/data/5e-admin/src/App.vue?vue&type=template&id=7ba5bd90
<s> [webpack.Progress] 40% building 98/112 modules 14 active /data/5e-admin/node_modules/core-js/internals/correct-is-regexp-logic.js
<s> [webpack.Progress] 40% building 98/113 modules 15 active /data/5e-admin/node_modules/vue-loader/lib/loaders/pitcher.js??ref--4!/data/5e-admin/node_modules/cache-loader/dist/cjs.js??ref--12-0!/data/5e-admin/node_modules/babel-loader/lib/index.js!/data/5e-admin/node_modules/cache-loader/dist/cjs.js??ref--0-0!/data/5e-admin/node_modules/vue-loader/lib/index.js??vue-loader-options!/data/5e-admin/node_modules/eslint-loader/index.js??ref--13-0!/data/5e-admin/node_modules/eslint-loader/index.js??ref--13-0!/data/5e-admin/src/App.vue?vue&type=script&lang=js
<s> [webpack.Progress] 40% building 99/113 modules 14 active /data/5e-admin/node_modules/core-js/internals/correct-is-regexp-logic.js
<s> [webpack.Progress] 40% building 99/114 modules 15 active /data/5e-admin/node_modules/cache-loader/dist/cjs.js??ref--12-0!/data/5e-admin/node_modules/babel-loader/lib/index.js!/data/5e-admin/node_modules/cache-loader/dist/cjs.js??ref--0-0!/data/5e-admin/node_modules/vue-loader/lib/index.js??vue-loader-options!/data/5e-admin/src/App.vue?vue&type=script&lang=js
<s> [webpack.Progress] 40% building 100/114 modules 14 active /data/5e-admin/node_modules/cache-loader/dist/cjs.js??ref--12-0!/data/5e-admin/node_modules/babel-loader/lib/index.js!/data/5e-admin/node_modules/cache-loader/dist/cjs.js??ref--0-0!/data/5e-admin/node_modules/vue-loader/lib/index.js??vue-loader-options!/data/5e-admin/src/App.vue?vue&type=script&lang=js
<s> [webpack.Progress] 40% building 100/115 modules 15 active /data/5e-admin/node_modules/core-js/internals/require-object-coercible.js
<s> [webpack.Progress] 40% building 101/115 modules 14 active /data/5e-admin/node_modules/core-js/internals/require-object-coercible.js
<s> [webpack.Progress] 40% building 101/116 modules 15 active /data/5e-admin/src/icons/svg sync nonrecursive /\.svg$/
<s> [webpack.Progress] 40% building 101/117 modules 16 active /data/5e-admin/node_modules/cache-loader/dist/cjs.js??ref--12-0!/data/5e-admin/node_modules/babel-loader/lib/index.js!/data/5e-admin/node_modules/@babel/runtime/helpers/esm/regeneratorDefine.js
<s> [webpack.Progress] 40% building 101/118 modules 17 active /data/5e-admin/node_modules/core-js/modules/es.symbol.js
<s> [webpack.Progress] 40% building 101/119 modules 18 active /data/5e-admin/node_modules/core-js/modules/es.symbol.description.js
<s> [webpack.Progress] 40% building 101/120 modules 19 active /data/5e-admin/node_modules/core-js/modules/es.object.get-prototype-of.js
<s> [webpack.Progress] 40% building 101/121 modules 20 active /data/5e-admin/node_modules/core-js/modules/es.object.set-prototype-of.js
<s> [webpack.Progress] 40% building 101/122 modules 21 active /data/5e-admin/node_modules/cache-loader/dist/cjs.js??ref--12-0!/data/5e-admin/node_modules/babel-loader/lib/index.js!/data/5e-admin/node_modules/@babel/runtime/helpers/esm/defineProperty.js
<s> [webpack.Progress] 40% building 101/123 modules 22 active /data/5e-admin/node_modules/core-js/modules/es.object.get-own-property-descriptor.js
<s> [webpack.Progress] 40% building 101/124 modules 23 active /data/5e-admin/node_modules/core-js/modules/es.object.get-own-property-descriptors.js
<s> [webpack.Progress] 40% building 102/124 modules 22 active /data/5e-admin/node_modules/core-js/modules/es.object.get-own-property-descriptors.js
<s> [webpack.Progress] 40% building 102/125 modules 23 active /data/5e-admin/node_modules/core-js/internals/not-a-regexp.js
<s> [webpack.Progress] 40% building 102/126 modules 24 active /data/5e-admin/node_modules/core-js/internals/call-with-safe-iteration-closing.js
<s> [webpack.Progress] 40% building 102/127 modules 25 active /data/5e-admin/node_modules/core-js/internals/iterator-create-proxy.js
<s> [webpack.Progress] 40% building 102/128 modules 26 active /data/5e-admin/node_modules/core-js/internals/array-includes.js
<s> [webpack.Progress] 40% building 102/129 modules 27 active /data/5e-admin/node_modules/core-js/internals/has.js
<s> [webpack.Progress] 40% building 102/130 modules 28 active /data/5e-admin/node_modules/core-js/internals/iterators-core.js
<s> [webpack.Progress] 40% building 102/131 modules 29 active /data/5e-admin/node_modules/vue-style-loader/lib/listToStyles.js
<s> [webpack.Progress] 40% building 103/131 modules 28 active /data/5e-admin/node_modules/vue-style-loader/lib/listToStyles.js
<s> [webpack.Progress] 40% building 104/131 modules 27 active /data/5e-admin/node_modules/vue-style-loader/lib/listToStyles.js
<s> [webpack.Progress] 40% building 104/132 modules 28 active /data/5e-admin/node_modules/vue-loader/lib/runtime/componentNormalizer.js
<s> [webpack.Progress] 40% building 104/133 modules 29 active /data/5e-admin/node_modules/core-js/modules/es.array.reduce.js
<s> [webpack.Progress] 40% building 104/134 modules 30 active /data/5e-admin/node_modules/cache-loader/dist/cjs.js??ref--12-0!/data/5e-admin/node_modules/babel-loader/lib/index.js!/data/5e-admin/node_modules/@babel/runtime/helpers/esm/interopRequireWildcard.js
<s> [webpack.Progress] 40% building 104/135 modules 31 active /data/5e-admin/node_modules/core-js/modules/es.array.map.js
<s> [webpack.Progress] 40% building 104/136 modules 32 active /data/5e-admin/node_modules/core-js/modules/web.dom-collections.iterator.js
<s> [webpack.Progress] 40% building 104/137 modules 33 active /data/5e-admin/node_modules/core-js/modules/esnext.iterator.map.js
<s> [webpack.Progress] 40% building 104/138 modules 34 active /data/5e-admin/node_modules/core-js/modules/es.array.slice.js
<s> [webpack.Progress] 40% building 104/139 modules 35 active /data/5e-admin/node_modules/cache-loader/dist/cjs.js?{"cacheDirectory":"node_modules/.cache/vue-loader","cacheIdentifier":"f79bae76-vue-loader-template"}!/data/5e-admin/node_modules/vue-loader/lib/loaders/templateLoader.js??vue-loader-options!/data/5e-admin/node_modules/cache-loader/dist/cjs.js??ref--0-0!/data/5e-admin/node_modules/vue-loader/lib/index.js??vue-loader-options!/data/5e-admin/src/App.vue?vue&type=template&id=7ba5bd90
<s> [webpack.Progress] 40% building 105/139 modules 34 active /data/5e-admin/node_modules/cache-loader/dist/cjs.js?{"cacheDirectory":"node_modules/.cache/vue-loader","cacheIdentifier":"f79bae76-vue-loader-template"}!/data/5e-admin/node_modules/vue-loader/lib/loaders/templateLoader.js??vue-loader-options!/data/5e-admin/node_modules/cache-loader/dist/cjs.js??ref--0-0!/data/5e-admin/node_modules/vue-loader/lib/index.js??vue-loader-options!/data/5e-admin/src/App.vue?vue&type=template&id=7ba5bd90
<s> [webpack.Progress] 40% building 106/139 modules 33 active /data/5e-admin/node_modules/cache-loader/dist/cjs.js?{"cacheDirectory":"node_modules/.cache/vue-loader","cacheIdentifier":"f79bae76-vue-loader-template"}!/data/5e-admin/node_modules/vue-loader/lib/loaders/templateLoader.js??vue-loader-options!/data/5e-admin/node_modules/cache-loader/dist/cjs.js??ref--0-0!/data/5e-admin/node_modules/vue-loader/lib/index.js??vue-loader-options!/data/5e-admin/src/App.vue?vue&type=template&id=7ba5bd90
<s> [webpack.Progress] 40% building 107/139 modules 32 active /data/5e-admin/node_modules/cache-loader/dist/cjs.js?{"cacheDirectory":"node_modules/.cache/vue-loader","cacheIdentifier":"f79bae76-vue-loader-template"}!/data/5e-admin/node_modules/vue-loader/lib/loaders/templateLoader.js??vue-loader-options!/data/5e-admin/node_modules/cache-loader/dist/cjs.js??ref--0-0!/data/5e-admin/node_modules/vue-loader/lib/index.js??vue-loader-options!/data/5e-admin/src/App.vue?vue&type=template&id=7ba5bd90
<s> [webpack.Progress] 40% building 108/139 modules 31 active /data/5e-admin/node_modules/cache-loader/dist/cjs.js?{"cacheDirectory":"node_modules/.cache/vue-loader","cacheIdentifier":"f79bae76-vue-loader-template"}!/data/5e-admin/node_modules/vue-loader/lib/loaders/templateLoader.js??vue-loader-options!/data/5e-admin/node_modules/cache-loader/dist/cjs.js??ref--0-0!/data/5e-admin/node_modules/vue-loader/lib/index.js??vue-loader-options!/data/5e-admin/src/App.vue?vue&type=template&id=7ba5bd90
<s> [webpack.Progress] 40% building 109/139 modules 30 active /data/5e-admin/node_modules/cache-loader/dist/cjs.js?{"cacheDirectory":"node_modules/.cache/vue-loader","cacheIdentifier":"f79bae76-vue-loader-template"}!/data/5e-admin/node_modules/vue-loader/lib/loaders/templateLoader.js??vue-loader-options!/data/5e-admin/node_modules/cache-loader/dist/cjs.js??ref--0-0!/data/5e-admin/node_modules/vue-loader/lib/index.js??vue-loader-options!/data/5e-admin/src/App.vue?vue&type=template&id=7ba5bd90
<s> [webpack.Progress] 40% building 109/140 modules 31 active /data/5e-admin/node_modules/ansi-html-community/index.js
<s> [webpack.Progress] 40% building 110/140 modules 30 active /data/5e-admin/node_modules/ansi-html-community/index.js
<s> [webpack.Progress] 40% building 111/140 modules 29 active /data/5e-admin/node_modules/ansi-html-community/index.js
<s> [webpack.Progress] 40% building 111/141 modules 30 active /data/5e-admin/node_modules/nprogress/nprogress.js
<s> [webpack.Progress] 40% building 112/141 modules 29 active /data/5e-admin/node_modules/nprogress/nprogress.js
<s> [webpack.Progress] 40% building 112/142 modules 30 active /data/5e-admin/node_modules/vue-hot-reload-api/dist/index.js
<s> [webpack.Progress] 40% building 113/142 modules 29 active /data/5e-admin/node_modules/vue-hot-reload-api/dist/index.js
<s> [webpack.Progress] 40% building 114/142 modules 28 active /data/5e-admin/node_modules/vue-hot-reload-api/dist/index.js
<s> [webpack.Progress] 40% building 115/142 modules 27 active /data/5e-admin/node_modules/vue-hot-reload-api/dist/index.js
<s> [webpack.Progress] 40% building 116/142 modules 26 active /data/5e-admin/node_modules/vue-hot-reload-api/dist/index.js
<s> [webpack.Progress] 40% building 117/142 modules 25 active /data/5e-admin/node_modules/vue-hot-reload-api/dist/index.js
<s> [webpack.Progress] 40% building 118/142 modules 24 active /data/5e-admin/node_modules/vue-hot-reload-api/dist/index.js
<s> [webpack.Progress] 40% building 119/142 modules 23 active /data/5e-admin/node_modules/vue-hot-reload-api/dist/index.js
<s> [webpack.Progress] 40% building 120/142 modules 22 active /data/5e-admin/node_modules/vue-hot-reload-api/dist/index.js
<s> [webpack.Progress] 40% building 120/143 modules 23 active /data/5e-admin/node_modules/html-entities/lib/index.js
<s> [webpack.Progress] 40% building 121/143 modules 22 active /data/5e-admin/node_modules/html-entities/lib/index.js
<s> [webpack.Progress] 40% building 121/144 modules 23 active /data/5e-admin/node_modules/node-libs-browser/node_modules/punycode/punycode.js
<s> [webpack.Progress] 40% building 121/145 modules 24 active /data/5e-admin/node_modules/core-js/internals/indexed-object.js
<s> [webpack.Progress] 40% building 121/146 modules 25 active /data/5e-admin/node_modules/core-js/internals/object-create.js
<s> [webpack.Progress] 40% building 121/147 modules 26 active /data/5e-admin/node_modules/core-js/internals/object-define-property.js
<s> [webpack.Progress] 40% building 121/148 modules 27 active /data/5e-admin/node_modules/core-js/internals/native-weak-map.js
<s> [webpack.Progress] 40% building 121/149 modules 28 active /data/5e-admin/node_modules/core-js/internals/hidden-keys.js
<s> [webpack.Progress] 40% building 121/150 modules 29 active /data/5e-admin/node_modules/core-js/internals/copy-constructor-properties.js
<s> [webpack.Progress] 40% building 121/151 modules 30 active /data/5e-admin/node_modules/core-js/internals/set-global.js
<s> [webpack.Progress] 40% building 121/152 modules 31 active /data/5e-admin/node_modules/core-js/internals/object-get-own-property-descriptor.js
<s> [webpack.Progress] 40% building 121/153 modules 32 active /data/5e-admin/node_modules/core-js/internals/path.js
<s> [webpack.Progress] 40% building 121/154 modules 33 active /data/5e-admin/node_modules/core-js/internals/object-set-prototype-of.js
<s> [webpack.Progress] 40% building 121/155 modules 34 active /data/5e-admin/node_modules/core-js/internals/descriptors.js
<s> [webpack.Progress] 40% building 121/156 modules 35 active /data/5e-admin/node_modules/core-js/internals/object-get-prototype-of.js
<s> [webpack.Progress] 40% building 121/157 modules 36 active /data/5e-admin/node_modules/core-js/internals/create-iterator-constructor.js
<s> [webpack.Progress] 40% building 121/158 modules 37 active /data/5e-admin/node_modules/core-js/internals/shared-store.js
<s> [webpack.Progress] 40% building 121/159 modules 38 active /data/5e-admin/node_modules/core-js/internals/get-iterator-method.js
<s> [webpack.Progress] 40% building 121/160 modules 39 active /data/5e-admin/node_modules/core-js/internals/function-bind-context.js
<s> [webpack.Progress] 40% building 121/161 modules 40 active /data/5e-admin/node_modules/core-js/internals/engine-is-ios.js
<s> [webpack.Progress] 40% building 121/162 modules 41 active /data/5e-admin/node_modules/core-js/internals/document-create-element.js
<s> [webpack.Progress] 40% building 121/163 modules 42 active /data/5e-admin/node_modules/core-js/internals/html.js
<s> [webpack.Progress] 40% building 121/164 modules 43 active /data/5e-admin/node_modules/core-js/internals/to-length.js
<s> [webpack.Progress] 40% building 121/165 modules 44 active /data/5e-admin/node_modules/core-js/internals/use-symbol-as-uid.js
<s> [webpack.Progress] 40% building 121/166 modules 45 active /data/5e-admin/node_modules/core-js/internals/engine-user-agent.js
<s> [webpack.Progress] 40% building 121/167 modules 46 active /data/5e-admin/node_modules/core-js/internals/classof.js
<s> [webpack.Progress] 40% building 121/168 modules 47 active /data/5e-admin/node_modules/core-js/internals/object-keys-internal.js
<s> [webpack.Progress] 40% building 121/169 modules 48 active /data/5e-admin/node_modules/core-js/internals/array-method-is-strict.js
<s> [webpack.Progress] 40% building 122/169 modules 47 active /data/5e-admin/node_modules/core-js/internals/array-method-is-strict.js
<s> [webpack.Progress] 40% building 123/169 modules 46 active /data/5e-admin/node_modules/core-js/internals/array-method-is-strict.js
<s> [webpack.Progress] 40% building 124/169 modules 45 active /data/5e-admin/node_modules/core-js/internals/array-method-is-strict.js
<s> [webpack.Progress] 40% building 125/169 modules 44 active /data/5e-admin/node_modules/core-js/internals/array-method-is-strict.js
<s> [webpack.Progress] 40% building 126/169 modules 43 active /data/5e-admin/node_modules/core-js/internals/array-method-is-strict.js
<s> [webpack.Progress] 40% building 127/169 modules 42 active /data/5e-admin/node_modules/core-js/internals/array-method-is-strict.js
<s> [webpack.Progress] 40% building 128/169 modules 41 active /data/5e-admin/node_modules/core-js/internals/array-method-is-strict.js
<s> [webpack.Progress] 40% building 129/169 modules 40 active /data/5e-admin/node_modules/core-js/internals/array-method-is-strict.js
<s> [webpack.Progress] 40% building 130/169 modules 39 active /data/5e-admin/node_modules/core-js/internals/array-method-is-strict.js
<s> [webpack.Progress] 40% building 131/169 modules 38 active /data/5e-admin/node_modules/core-js/internals/array-method-is-strict.js
<s> [webpack.Progress] 40% building 132/169 modules 37 active /data/5e-admin/node_modules/core-js/internals/array-method-is-strict.js
<s> [webpack.Progress] 40% building 133/169 modules 36 active /data/5e-admin/node_modules/core-js/internals/array-method-is-strict.js
<s> [webpack.Progress] 40% building 134/169 modules 35 active /data/5e-admin/node_modules/core-js/internals/array-method-is-strict.js
<s> [webpack.Progress] 40% building 135/169 modules 34 active /data/5e-admin/node_modules/core-js/internals/array-method-is-strict.js
<s> [webpack.Progress] 40% building 136/169 modules 33 active /data/5e-admin/node_modules/core-js/internals/array-method-is-strict.js
<s> [webpack.Progress] 40% building 136/170 modules 34 active /data/5e-admin/node_modules/loglevel/lib/loglevel.js
<s> [webpack.Progress] 40% building 136/171 modules 35 active /data/5e-admin/node_modules/cache-loader/dist/cjs.js??ref--12-0!/data/5e-admin/node_modules/babel-loader/lib/index.js!/data/5e-admin/node_modules/@babel/runtime/helpers/esm/toPropertyKey.js
<s> [webpack.Progress] 40% building 137/171 modules 34 active /data/5e-admin/node_modules/cache-loader/dist/cjs.js??ref--12-0!/data/5e-admin/node_modules/babel-loader/lib/index.js!/data/5e-admin/node_modules/@babel/runtime/helpers/esm/toPropertyKey.js
<s> [webpack.Progress] 40% building 137/172 modules 35 active /data/5e-admin/node_modules/core-js/internals/array-species-create.js
<s> [webpack.Progress] 40% building 137/173 modules 36 active /data/5e-admin/node_modules/core-js/internals/create-property.js
<s> [webpack.Progress] 40% building 137/174 modules 37 active /data/5e-admin/node_modules/core-js/internals/is-array.js
<s> [webpack.Progress] 40% building 138/174 modules 36 active /data/5e-admin/node_modules/core-js/internals/is-array.js
<s> [webpack.Progress] 40% building 138/175 modules 37 active /data/5e-admin/node_modules/cache-loader/dist/cjs.js??ref--12-0!/data/5e-admin/node_modules/babel-loader/lib/index.js!/data/5e-admin/node_modules/@babel/runtime/helpers/esm/typeof.js
<s> [webpack.Progress] 40% building 138/176 modules 38 active /data/5e-admin/node_modules/core-js/modules/es.weak-map.js
<s> [webpack.Progress] 40% building 138/177 modules 39 active /data/5e-admin/node_modules/core-js/modules/es.string.iterator.js
<s> [webpack.Progress] 40% building 139/177 modules 38 active /data/5e-admin/node_modules/core-js/modules/es.string.iterator.js
<s> [webpack.Progress] 40% building 139/178 modules 39 active /data/5e-admin/node_modules/sockjs-client/dist/sockjs.js
<s> [webpack.Progress] 40% building 140/178 modules 38 active /data/5e-admin/node_modules/sockjs-client/dist/sockjs.js
<s> [webpack.Progress] 40% building 140/179 modules 39 active /data/5e-admin/node_modules/webpack/buildin/module.js
<s> [webpack.Progress] 40% building 141/179 modules 38 active /data/5e-admin/node_modules/sockjs-client/dist/sockjs.js
<s> [webpack.Progress] 40% building 142/179 modules 37 active /data/5e-admin/node_modules/sockjs-client/dist/sockjs.js
<s> [webpack.Progress] 40% building 143/179 modules 36 active /data/5e-admin/node_modules/sockjs-client/dist/sockjs.js
<s> [webpack.Progress] 40% building 144/179 modules 35 active /data/5e-admin/node_modules/sockjs-client/dist/sockjs.js
<s> [webpack.Progress] 40% building 145/179 modules 34 active /data/5e-admin/node_modules/sockjs-client/dist/sockjs.js
<s> [webpack.Progress] 40% building 146/179 modules 33 active /data/5e-admin/node_modules/sockjs-client/dist/sockjs.js
<s> [webpack.Progress] 40% building 147/179 modules 32 active /data/5e-admin/node_modules/sockjs-client/dist/sockjs.js
<s> [webpack.Progress] 40% building 148/179 modules 31 active /data/5e-admin/node_modules/sockjs-client/dist/sockjs.js
<s> [webpack.Progress] 40% building 149/179 modules 30 active /data/5e-admin/node_modules/sockjs-client/dist/sockjs.js
<s> [webpack.Progress] 40% building 150/179 modules 29 active /data/5e-admin/node_modules/sockjs-client/dist/sockjs.js
<s> [webpack.Progress] 40% building 151/179 modules 28 active /data/5e-admin/node_modules/sockjs-client/dist/sockjs.js
<s> [webpack.Progress] 40% building 152/179 modules 27 active /data/5e-admin/node_modules/sockjs-client/dist/sockjs.js
<s> [webpack.Progress] 40% building 153/179 modules 26 active /data/5e-admin/node_modules/sockjs-client/dist/sockjs.js
<s> [webpack.Progress] 40% building 154/179 modules 25 active /data/5e-admin/node_modules/sockjs-client/dist/sockjs.js
<s> [webpack.Progress] 40% building 155/179 modules 24 active /data/5e-admin/node_modules/sockjs-client/dist/sockjs.js
<s> [webpack.Progress] 40% building 156/179 modules 23 active /data/5e-admin/node_modules/sockjs-client/dist/sockjs.js
<s> [webpack.Progress] 40% building 157/179 modules 22 active /data/5e-admin/node_modules/sockjs-client/dist/sockjs.js
<s> [webpack.Progress] 40% building 158/179 modules 21 active /data/5e-admin/node_modules/sockjs-client/dist/sockjs.js
<s> [webpack.Progress] 40% building 159/179 modules 20 active /data/5e-admin/node_modules/sockjs-client/dist/sockjs.js
<s> [webpack.Progress] 40% building 160/179 modules 19 active /data/5e-admin/node_modules/sockjs-client/dist/sockjs.js
<s> [webpack.Progress] 40% building 161/179 modules 18 active /data/5e-admin/node_modules/sockjs-client/dist/sockjs.js
<s> [webpack.Progress] 40% building 162/179 modules 17 active /data/5e-admin/node_modules/sockjs-client/dist/sockjs.js
<s> [webpack.Progress] 40% building 163/179 modules 16 active /data/5e-admin/node_modules/sockjs-client/dist/sockjs.js
<s> [webpack.Progress] 40% building 164/179 modules 15 active /data/5e-admin/node_modules/sockjs-client/dist/sockjs.js
<s> [webpack.Progress] 40% building 165/179 modules 14 active /data/5e-admin/node_modules/sockjs-client/dist/sockjs.js
<s> [webpack.Progress] 40% building 166/179 modules 13 active /data/5e-admin/node_modules/sockjs-client/dist/sockjs.js
<s> [webpack.Progress] 40% building 166/180 modules 14 active /data/5e-admin/node_modules/core-js/internals/regexp-exec.js
<s> [webpack.Progress] 40% building 166/181 modules 15 active /data/5e-admin/node_modules/core-js/internals/regexp-flags.js
<s> [webpack.Progress] 40% building 167/181 modules 14 active /data/5e-admin/node_modules/core-js/internals/regexp-flags.js
<s> [webpack.Progress] 40% building 167/182 modules 15 active /data/5e-admin/node_modules/core-js/internals/define-well-known-symbol.js
<s> [webpack.Progress] 40% building 167/183 modules 16 active /data/5e-admin/node_modules/core-js/internals/correct-prototype-getter.js
<s> [webpack.Progress] 40% building 168/183 modules 15 active /data/5e-admin/node_modules/core-js/internals/correct-prototype-getter.js
<s> [webpack.Progress] 40% building 169/183 modules 14 active /data/5e-admin/node_modules/core-js/internals/correct-prototype-getter.js
<s> [webpack.Progress] 40% building 169/184 modules 15 active /data/5e-admin/node_modules/core-js/internals/is-regexp.js
<s> [webpack.Progress] 40% building 169/185 modules 16 active /data/5e-admin/node_modules/core-js/internals/own-keys.js
<s> [webpack.Progress] 40% building 169/186 modules 17 active /data/5e-admin/node_modules/core-js/internals/well-known-symbol-wrapped.js
<s> [webpack.Progress] 40% building 169/187 modules 18 active /data/5e-admin/node_modules/core-js/internals/uid.js
<s> [webpack.Progress] 40% building 169/188 modules 19 active /data/5e-admin/node_modules/core-js/internals/shared-key.js
<s> [webpack.Progress] 40% building 169/189 modules 20 active /data/5e-admin/node_modules/core-js/internals/shared.js
<s> [webpack.Progress] 40% building 169/190 modules 21 active /data/5e-admin/node_modules/core-js/internals/object-property-is-enumerable.js
<s> [webpack.Progress] 40% building 169/191 modules 22 active /data/5e-admin/node_modules/core-js/internals/object-get-own-property-symbols.js
<s> [webpack.Progress] 40% building 169/192 modules 23 active /data/5e-admin/node_modules/core-js/internals/object-get-own-property-names-external.js
<s> [webpack.Progress] 40% building 169/193 modules 24 active /data/5e-admin/node_modules/core-js/internals/object-get-own-property-names.js
<s> [webpack.Progress] 40% building 169/194 modules 25 active /data/5e-admin/node_modules/core-js/internals/create-property-descriptor.js
<s> [webpack.Progress] 40% building 169/195 modules 26 active /data/5e-admin/node_modules/core-js/internals/to-primitive.js
<s> [webpack.Progress] 40% building 169/196 modules 27 active /data/5e-admin/node_modules/core-js/internals/native-symbol.js
<s> [webpack.Progress] 40% building 170/196 modules 26 active /data/5e-admin/node_modules/core-js/internals/native-symbol.js
<s> [webpack.Progress] 40% building 170/197 modules 27 active /data/5e-admin/node_modules/core-js/internals/to-absolute-index.js
<s> [webpack.Progress] 40% building 171/197 modules 26 active /data/5e-admin/node_modules/core-js/internals/to-absolute-index.js
<s> [webpack.Progress] 40% building 172/197 modules 25 active /data/5e-admin/node_modules/core-js/internals/to-absolute-index.js
<s> [webpack.Progress] 40% building 172/198 modules 26 active /data/5e-admin/node_modules/core-js/internals/array-reduce.js
<s> [webpack.Progress] 40% building 173/198 modules 25 active /data/5e-admin/node_modules/core-js/internals/array-reduce.js
<s> [webpack.Progress] 40% building 174/198 modules 24 active /data/5e-admin/node_modules/core-js/internals/array-reduce.js
<s> [webpack.Progress] 40% building 175/198 modules 23 active /data/5e-admin/node_modules/core-js/internals/array-reduce.js
<s> [webpack.Progress] 40% building 175/199 modules 24 active /data/5e-admin/node_modules/cache-loader/dist/cjs.js??ref--0-0!/data/5e-admin/node_modules/vue-loader/lib/index.js??vue-loader-options!/data/5e-admin/node_modules/eslint-loader/index.js??ref--13-0!/data/5e-admin/src/views/profile/index.vue
<s> [webpack.Progress] 40% building 175/200 modules 25 active /data/5e-admin/node_modules/cache-loader/dist/cjs.js??ref--0-0!/data/5e-admin/node_modules/vue-loader/lib/index.js??vue-loader-options!/data/5e-admin/node_modules/eslint-loader/index.js??ref--13-0!/data/5e-admin/src/views/error-page/401.vue
<s> [webpack.Progress] 40% building 176/200 modules 24 active /data/5e-admin/node_modules/cache-loader/dist/cjs.js??ref--0-0!/data/5e-admin/node_modules/vue-loader/lib/index.js??vue-loader-options!/data/5e-admin/node_modules/eslint-loader/index.js??ref--13-0!/data/5e-admin/src/views/error-page/401.vue
<s> [webpack.Progress] 40% building 177/200 modules 23 active /data/5e-admin/node_modules/cache-loader/dist/cjs.js??ref--0-0!/data/5e-admin/node_modules/vue-loader/lib/index.js??vue-loader-options!/data/5e-admin/node_modules/eslint-loader/index.js??ref--13-0!/data/5e-admin/src/views/error-page/401.vue
<s> [webpack.Progress] 40% building 177/201 modules 24 active /data/5e-admin/node_modules/cache-loader/dist/cjs.js??ref--12-0!/data/5e-admin/node_modules/babel-loader/lib/index.js!/data/5e-admin/node_modules/@babel/runtime/helpers/esm/toPrimitive.js
<s> [webpack.Progress] 40% building 177/202 modules 25 active /data/5e-admin/node_modules/core-js/modules/es.symbol.iterator.js
<s> [webpack.Progress] 40% building 178/202 modules 24 active /data/5e-admin/node_modules/core-js/modules/es.symbol.iterator.js
<s> [webpack.Progress] 40% building 179/202 modules 23 active /data/5e-admin/node_modules/core-js/modules/es.symbol.iterator.js
<s> [webpack.Progress] 40% building 179/203 modules 24 active /data/5e-admin/node_modules/html-entities/lib/xml-entities.js
<s> [webpack.Progress] 40% building 180/203 modules 23 active /data/5e-admin/node_modules/html-entities/lib/xml-entities.js
<s> [webpack.Progress] 40% building 180/204 modules 24 active /data/5e-admin/node_modules/html-entities/lib/html5-entities.js
<s> [webpack.Progress] 40% building 180/205 modules 25 active /data/5e-admin/node_modules/html-entities/lib/html4-entities.js
<s> [webpack.Progress] 40% building 181/205 modules 24 active /data/5e-admin/node_modules/html-entities/lib/html4-entities.js
<s> [webpack.Progress] 40% building 181/206 modules 25 active /data/5e-admin/node_modules/core-js/internals/ie8-dom-define.js
<s> [webpack.Progress] 40% building 181/207 modules 26 active /data/5e-admin/node_modules/core-js/internals/enum-bug-keys.js
<s> [webpack.Progress] 40% building 181/208 modules 27 active /data/5e-admin/node_modules/core-js/internals/object-define-properties.js
<s> [webpack.Progress] 40% building 182/208 modules 26 active /data/5e-admin/node_modules/core-js/internals/object-define-properties.js
<s> [webpack.Progress] 40% building 183/208 modules 25 active /data/5e-admin/node_modules/core-js/internals/object-define-properties.js
<s> [webpack.Progress] 40% building 183/209 modules 26 active /data/5e-admin/node_modules/core-js/internals/a-possible-prototype.js
<s> [webpack.Progress] 40% building 184/209 modules 25 active /data/5e-admin/node_modules/core-js/internals/a-possible-prototype.js
<s> [webpack.Progress] 40% building 185/209 modules 24 active /data/5e-admin/node_modules/core-js/internals/a-possible-prototype.js
<s> [webpack.Progress] 40% building 186/209 modules 23 active /data/5e-admin/node_modules/core-js/internals/a-possible-prototype.js
<s> [webpack.Progress] 40% building 187/209 modules 22 active /data/5e-admin/node_modules/core-js/internals/a-possible-prototype.js
<s> [webpack.Progress] 40% building 188/209 modules 21 active /data/5e-admin/node_modules/core-js/internals/a-possible-prototype.js
<s> [webpack.Progress] 40% building 189/209 modules 20 active /data/5e-admin/node_modules/core-js/internals/a-possible-prototype.js
<s> [webpack.Progress] 40% building 190/209 modules 19 active /data/5e-admin/node_modules/core-js/internals/a-possible-prototype.js
<s> [webpack.Progress] 40% building 191/209 modules 18 active /data/5e-admin/node_modules/core-js/internals/a-possible-prototype.js
<s> [webpack.Progress] 40% building 192/209 modules 17 active /data/5e-admin/node_modules/core-js/internals/a-possible-prototype.js
<s> [webpack.Progress] 40% building 192/210 modules 18 active /data/5e-admin/node_modules/core-js/internals/to-integer.js
<s> [webpack.Progress] 40% building 193/210 modules 17 active /data/5e-admin/node_modules/core-js/internals/to-integer.js
<s> [webpack.Progress] 40% building 194/210 modules 16 active /data/5e-admin/node_modules/core-js/internals/to-integer.js
<s> [webpack.Progress] 40% building 195/210 modules 15 active /data/5e-admin/node_modules/core-js/internals/to-integer.js
<s> [webpack.Progress] 40% building 196/210 modules 14 active /data/5e-admin/node_modules/core-js/internals/to-integer.js
<s> [webpack.Progress] 40% building 196/211 modules 15 active /data/5e-admin/node_modules/element-ui/lib/popover.js
<s> [webpack.Progress] 40% building 196/212 modules 16 active /data/5e-admin/node_modules/element-ui/lib/radio.js
<s> [webpack.Progress] 40% building 196/213 modules 17 active /data/5e-admin/node_modules/element-ui/lib/cascader-panel.js
<s> [webpack.Progress] 40% building 196/214 modules 18 active /data/5e-admin/node_modules/element-ui/lib/input-number.js
<s> [webpack.Progress] 40% building 196/215 modules 19 active /data/5e-admin/node_modules/element-ui/lib/option.js
<s> [webpack.Progress] 40% building 196/216 modules 20 active /data/5e-admin/node_modules/element-ui/lib/select.js
<s> [webpack.Progress] 40% building 196/217 modules 21 active /data/5e-admin/node_modules/element-ui/lib/progress.js
<s> [webpack.Progress] 40% building 196/218 modules 22 active /data/5e-admin/node_modules/vue-loader/lib/loaders/pitcher.js??ref--4!/data/5e-admin/node_modules/cache-loader/dist/cjs.js??ref--0-0!/data/5e-admin/node_modules/vue-loader/lib/index.js??vue-loader-options!/data/5e-admin/node_modules/eslint-loader/index.js??ref--13-0!/data/5e-admin/src/views/profile/index.vue?vue&type=template&id=9792f17c
<s> [webpack.Progress] 40% building 197/218 modules 21 active /data/5e-admin/node_modules/element-ui/lib/progress.js
<s> [webpack.Progress] 40% building 197/219 modules 22 active /data/5e-admin/node_modules/cache-loader/dist/cjs.js?{"cacheDirectory":"node_modules/.cache/vue-loader","cacheIdentifier":"f79bae76-vue-loader-template"}!/data/5e-admin/node_modules/vue-loader/lib/loaders/templateLoader.js??vue-loader-options!/data/5e-admin/node_modules/cache-loader/dist/cjs.js??ref--0-0!/data/5e-admin/node_modules/vue-loader/lib/index.js??vue-loader-options!/data/5e-admin/src/views/profile/index.vue?vue&type=template&id=9792f17c
<s> [webpack.Progress] 40% building 197/220 modules 23 active /data/5e-admin/node_modules/vue-loader/lib/loaders/pitcher.js??ref--4!/data/5e-admin/node_modules/cache-loader/dist/cjs.js??ref--0-0!/data/5e-admin/node_modules/vue-loader/lib/index.js??vue-loader-options!/data/5e-admin/node_modules/eslint-loader/index.js??ref--13-0!/data/5e-admin/src/views/error-page/401.vue?vue&type=template&id=cbc28918&scoped=true
<s> [webpack.Progress] 40% building 198/220 modules 22 active /data/5e-admin/node_modules/cache-loader/dist/cjs.js?{"cacheDirectory":"node_modules/.cache/vue-loader","cacheIdentifier":"f79bae76-vue-loader-template"}!/data/5e-admin/node_modules/vue-loader/lib/loaders/templateLoader.js??vue-loader-options!/data/5e-admin/node_modules/cache-loader/dist/cjs.js??ref--0-0!/data/5e-admin/node_modules/vue-loader/lib/index.js??vue-loader-options!/data/5e-admin/src/views/profile/index.vue?vue&type=template&id=9792f17c
<s> [webpack.Progress] 40% building 198/221 modules 23 active /data/5e-admin/node_modules/cache-loader/dist/cjs.js?{"cacheDirectory":"node_modules/.cache/vue-loader","cacheIdentifier":"f79bae76-vue-loader-template"}!/data/5e-admin/node_modules/vue-loader/lib/loaders/templateLoader.js??vue-loader-options!/data/5e-admin/node_modules/cache-loader/dist/cjs.js??ref--0-0!/data/5e-admin/node_modules/vue-loader/lib/index.js??vue-loader-options!/data/5e-admin/src/views/error-page/401.vue?vue&type=template&id=cbc28918&scoped=true
<s> [webpack.Progress] 40% building 199/221 modules 22 active /data/5e-admin/node_modules/cache-loader/dist/cjs.js?{"cacheDirectory":"node_modules/.cache/vue-loader","cacheIdentifier":"f79bae76-vue-loader-template"}!/data/5e-admin/node_modules/vue-loader/lib/loaders/templateLoader.js??vue-loader-options!/data/5e-admin/node_modules/cache-loader/dist/cjs.js??ref--0-0!/data/5e-admin/node_modules/vue-loader/lib/index.js??vue-loader-options!/data/5e-admin/src/views/error-page/401.vue?vue&type=template&id=cbc28918&scoped=true
<s> [webpack.Progress] 40% building 199/222 modules 23 active /data/5e-admin/node_modules/cache-loader/dist/cjs.js??ref--12-0!/data/5e-admin/node_modules/babel-loader/lib/index.js!/data/5e-admin/node_modules/eslint-loader/index.js??ref--13-0!/data/5e-admin/src/utils/index.js
<s> [webpack.Progress] 40% building 199/223 modules 24 active /data/5e-admin/node_modules/element-ui/lib/utils/date-util.js
<s> [webpack.Progress] 40% building 199/224 modules 25 active /data/5e-admin/node_modules/element-ui/lib/utils/aria-dialog.js
<s> [webpack.Progress] 40% building 199/225 modules 26 active /data/5e-admin/node_modules/element-ui/lib/utils/aria-utils.js
<s> [webpack.Progress] 40% building 200/225 modules 25 active /data/5e-admin/node_modules/element-ui/lib/utils/aria-utils.js
<s> [webpack.Progress] 40% building 201/225 modules 24 active /data/5e-admin/node_modules/element-ui/lib/utils/aria-utils.js
<s> [webpack.Progress] 40% building 201/226 modules 25 active /data/5e-admin/node_modules/core-js/internals/collection-weak.js
<s> [webpack.Progress] 40% building 201/227 modules 26 active /data/5e-admin/node_modules/core-js/internals/string-multibyte.js
<s> [webpack.Progress] 40% building 202/227 modules 25 active /data/5e-admin/node_modules/core-js/internals/string-multibyte.js
<s> [webpack.Progress] 40% building 202/228 modules 26 active /data/5e-admin/node_modules/core-js/internals/collection.js
<s> [webpack.Progress] 40% building 203/228 modules 25 active /data/5e-admin/node_modules/core-js/internals/collection.js
<s> [webpack.Progress] 40% building 204/228 modules 24 active /data/5e-admin/node_modules/core-js/internals/collection.js
<s> [webpack.Progress] 40% building 205/228 modules 23 active /data/5e-admin/node_modules/core-js/internals/collection.js
<s> [webpack.Progress] 40% building 206/228 modules 22 active /data/5e-admin/node_modules/core-js/internals/collection.js
<s> [webpack.Progress] 40% building 207/228 modules 21 active /data/5e-admin/node_modules/core-js/internals/collection.js
<s> [webpack.Progress] 40% building 207/229 modules 22 active /data/5e-admin/node_modules/vue-loader/lib/loaders/pitcher.js??ref--4!/data/5e-admin/node_modules/vue-style-loader/index.js??ref--8-oneOf-1-0!/data/5e-admin/node_modules/css-loader/dist/cjs.js??ref--8-oneOf-1-1!/data/5e-admin/node_modules/postcss-loader/src/index.js??ref--8-oneOf-1-2!/data/5e-admin/node_modules/sass-loader/dist/cjs.js??ref--8-oneOf-1-3!/data/5e-admin/node_modules/cache-loader/dist/cjs.js??ref--0-0!/data/5e-admin/node_modules/vue-loader/lib/index.js??vue-loader-options!/data/5e-admin/node_modules/eslint-loader/index.js??ref--13-0!/data/5e-admin/src/views/error-page/401.vue?vue&type=style&index=0&id=cbc28918&lang=scss&scoped=true
<s> [webpack.Progress] 40% building 208/229 modules 21 active /data/5e-admin/node_modules/core-js/internals/collection.js
<s> [webpack.Progress] 40% building 209/229 modules 20 active /data/5e-admin/node_modules/core-js/internals/collection.js
<s> [webpack.Progress] 40% building 209/230 modules 21 active /data/5e-admin/node_modules/vue-loader/lib/loaders/pitcher.js??ref--4!/data/5e-admin/node_modules/cache-loader/dist/cjs.js??ref--12-0!/data/5e-admin/node_modules/babel-loader/lib/index.js!/data/5e-admin/node_modules/cache-loader/dist/cjs.js??ref--0-0!/data/5e-admin/node_modules/vue-loader/lib/index.js??vue-loader-options!/data/5e-admin/node_modules/eslint-loader/index.js??ref--13-0!/data/5e-admin/node_modules/eslint-loader/index.js??ref--13-0!/data/5e-admin/src/views/error-page/401.vue?vue&type=script&lang=js
<s> [webpack.Progress] 40% building 210/230 modules 20 active /data/5e-admin/node_modules/core-js/internals/collection.js
<s> [webpack.Progress] 40% building 210/231 modules 21 active /data/5e-admin/node_modules/cache-loader/dist/cjs.js??ref--12-0!/data/5e-admin/node_modules/babel-loader/lib/index.js!/data/5e-admin/node_modules/cache-loader/dist/cjs.js??ref--0-0!/data/5e-admin/node_modules/vue-loader/lib/index.js??vue-loader-options!/data/5e-admin/src/views/error-page/401.vue?vue&type=script&lang=js
<s> [webpack.Progress] 40% building 211/231 modules 20 active /data/5e-admin/node_modules/cache-loader/dist/cjs.js??ref--12-0!/data/5e-admin/node_modules/babel-loader/lib/index.js!/data/5e-admin/node_modules/cache-loader/dist/cjs.js??ref--0-0!/data/5e-admin/node_modules/vue-loader/lib/index.js??vue-loader-options!/data/5e-admin/src/views/error-page/401.vue?vue&type=script&lang=js
<s> [webpack.Progress] 40% building 211/232 modules 21 active /data/5e-admin/node_modules/core-js/internals/regexp-sticky-helpers.js
<s> [webpack.Progress] 40% building 211/233 modules 22 active /data/5e-admin/node_modules/core-js/internals/internal-metadata.js
<s> [webpack.Progress] 40% building 211/234 modules 23 active /data/5e-admin/node_modules/vue-loader/lib/loaders/pitcher.js??ref--4!/data/5e-admin/node_modules/cache-loader/dist/cjs.js??ref--12-0!/data/5e-admin/node_modules/babel-loader/lib/index.js!/data/5e-admin/node_modules/cache-loader/dist/cjs.js??ref--0-0!/data/5e-admin/node_modules/vue-loader/lib/index.js??vue-loader-options!/data/5e-admin/node_modules/eslint-loader/index.js??ref--13-0!/data/5e-admin/node_modules/eslint-loader/index.js??ref--13-0!/data/5e-admin/src/views/profile/index.vue?vue&type=script&lang=js
<s> [webpack.Progress] 40% building 212/234 modules 22 active /data/5e-admin/node_modules/core-js/internals/internal-metadata.js
<s> [webpack.Progress] 40% building 212/235 modules 23 active /data/5e-admin/node_modules/cache-loader/dist/cjs.js??ref--12-0!/data/5e-admin/node_modules/babel-loader/lib/index.js!/data/5e-admin/node_modules/cache-loader/dist/cjs.js??ref--0-0!/data/5e-admin/node_modules/vue-loader/lib/index.js??vue-loader-options!/data/5e-admin/src/views/profile/index.vue?vue&type=script&lang=js
<s> [webpack.Progress] 40% building 212/236 modules 24 active /data/5e-admin/node_modules/core-js/modules/es.symbol.to-primitive.js
<s> [webpack.Progress] 40% building 212/237 modules 25 active /data/5e-admin/node_modules/normalize-wheel/index.js
<s> [webpack.Progress] 40% building 212/238 modules 26 active /data/5e-admin/node_modules/url/node_modules/qs/lib/index.js
<s> [webpack.Progress] 40% building 213/238 modules 25 active /data/5e-admin/node_modules/url/node_modules/qs/lib/index.js
<s> [webpack.Progress] 40% building 214/238 modules 24 active /data/5e-admin/node_modules/url/node_modules/qs/lib/index.js
<s> [webpack.Progress] 40% building 215/238 modules 23 active /data/5e-admin/node_modules/url/node_modules/qs/lib/index.js
<s> [webpack.Progress] 40% building 216/238 modules 22 active /data/5e-admin/node_modules/url/node_modules/qs/lib/index.js
<s> [webpack.Progress] 40% building 217/238 modules 21 active /data/5e-admin/node_modules/url/node_modules/qs/lib/index.js
<s> [webpack.Progress] 40% building 218/238 modules 20 active /data/5e-admin/node_modules/url/node_modules/qs/lib/index.js
<s> [webpack.Progress] 40% building 219/238 modules 19 active /data/5e-admin/node_modules/url/node_modules/qs/lib/index.js
<s> [webpack.Progress] 40% building 219/239 modules 20 active /data/5e-admin/node_modules/core-js/modules/es.number.constructor.js
<s> [webpack.Progress] 40% building 220/239 modules 19 active /data/5e-admin/node_modules/core-js/modules/es.number.constructor.js
<s> [webpack.Progress] 40% building 221/239 modules 18 active /data/5e-admin/node_modules/core-js/modules/es.number.constructor.js
<s> [webpack.Progress] 40% building 222/239 modules 17 active /data/5e-admin/node_modules/core-js/modules/es.number.constructor.js
<s> [webpack.Progress] 40% building 222/240 modules 18 active /data/5e-admin/node_modules/core-js/modules/es.date.to-primitive.js
<s> [webpack.Progress] 40% building 222/241 modules 19 active /data/5e-admin/node_modules/vue-style-loader/index.js??ref--8-oneOf-1-0!/data/5e-admin/node_modules/css-loader/dist/cjs.js??ref--8-oneOf-1-1!/data/5e-admin/node_modules/vue-loader/lib/loaders/stylePostLoader.js!/data/5e-admin/node_modules/postcss-loader/src/index.js??ref--8-oneOf-1-2!/data/5e-admin/node_modules/sass-loader/dist/cjs.js??ref--8-oneOf-1-3!/data/5e-admin/node_modules/cache-loader/dist/cjs.js??ref--0-0!/data/5e-admin/node_modules/vue-loader/lib/index.js??vue-loader-options!/data/5e-admin/src/views/error-page/401.vue?vue&type=style&index=0&id=cbc28918&lang=scss&scoped=true
<s> [webpack.Progress] 40% building 223/241 modules 18 active /data/5e-admin/node_modules/core-js/modules/es.date.to-primitive.js
<s> [webpack.Progress] 40% building 223/242 modules 19 active /data/5e-admin/node_modules/css-loader/dist/cjs.js??ref--8-oneOf-1-1!/data/5e-admin/node_modules/vue-loader/lib/loaders/stylePostLoader.js!/data/5e-admin/node_modules/postcss-loader/src/index.js??ref--8-oneOf-1-2!/data/5e-admin/node_modules/sass-loader/dist/cjs.js??ref--8-oneOf-1-3!/data/5e-admin/node_modules/cache-loader/dist/cjs.js??ref--0-0!/data/5e-admin/node_modules/vue-loader/lib/index.js??vue-loader-options!/data/5e-admin/src/views/error-page/401.vue?vue&type=style&index=0&id=cbc28918&lang=scss&scoped=true
<s> [webpack.Progress] 40% building 224/242 modules 18 active /data/5e-admin/node_modules/css-loader/dist/cjs.js??ref--8-oneOf-1-1!/data/5e-admin/node_modules/vue-loader/lib/loaders/stylePostLoader.js!/data/5e-admin/node_modules/postcss-loader/src/index.js??ref--8-oneOf-1-2!/data/5e-admin/node_modules/sass-loader/dist/cjs.js??ref--8-oneOf-1-3!/data/5e-admin/node_modules/cache-loader/dist/cjs.js??ref--0-0!/data/5e-admin/node_modules/vue-loader/lib/index.js??vue-loader-options!/data/5e-admin/src/views/error-page/401.vue?vue&type=style&index=0&id=cbc28918&lang=scss&scoped=true
<s> [webpack.Progress] 40% building 225/242 modules 17 active /data/5e-admin/node_modules/css-loader/dist/cjs.js??ref--8-oneOf-1-1!/data/5e-admin/node_modules/vue-loader/lib/loaders/stylePostLoader.js!/data/5e-admin/node_modules/postcss-loader/src/index.js??ref--8-oneOf-1-2!/data/5e-admin/node_modules/sass-loader/dist/cjs.js??ref--8-oneOf-1-3!/data/5e-admin/node_modules/cache-loader/dist/cjs.js??ref--0-0!/data/5e-admin/node_modules/vue-loader/lib/index.js??vue-loader-options!/data/5e-admin/src/views/error-page/401.vue?vue&type=style&index=0&id=cbc28918&lang=scss&scoped=true
<s> [webpack.Progress] 40% building 226/242 modules 16 active /data/5e-admin/node_modules/css-loader/dist/cjs.js??ref--8-oneOf-1-1!/data/5e-admin/node_modules/vue-loader/lib/loaders/stylePostLoader.js!/data/5e-admin/node_modules/postcss-loader/src/index.js??ref--8-oneOf-1-2!/data/5e-admin/node_modules/sass-loader/dist/cjs.js??ref--8-oneOf-1-3!/data/5e-admin/node_modules/cache-loader/dist/cjs.js??ref--0-0!/data/5e-admin/node_modules/vue-loader/lib/index.js??vue-loader-options!/data/5e-admin/src/views/error-page/401.vue?vue&type=style&index=0&id=cbc28918&lang=scss&scoped=true
<s> [webpack.Progress] 40% building 226/243 modules 17 active /data/5e-admin/node_modules/throttle-debounce/index.js
<s> [webpack.Progress] 40% building 227/243 modules 16 active /data/5e-admin/node_modules/throttle-debounce/index.js
<s> [webpack.Progress] 40% building 228/243 modules 15 active /data/5e-admin/node_modules/throttle-debounce/index.js
<s> [webpack.Progress] 40% building 229/243 modules 14 active /data/5e-admin/node_modules/throttle-debounce/index.js
<s> [webpack.Progress] 40% building 230/243 modules 13 active /data/5e-admin/node_modules/throttle-debounce/index.js
<s> [webpack.Progress] 40% building 231/243 modules 12 active /data/5e-admin/node_modules/throttle-debounce/index.js
<s> [webpack.Progress] 40% building 232/243 modules 11 active /data/5e-admin/node_modules/throttle-debounce/index.js
<s> [webpack.Progress] 40% building 233/243 modules 10 active /data/5e-admin/node_modules/throttle-debounce/index.js
<s> [webpack.Progress] 40% building 234/243 modules 9 active /data/5e-admin/node_modules/throttle-debounce/index.js
<s> [webpack.Progress] 40% building 235/243 modules 8 active /data/5e-admin/node_modules/throttle-debounce/index.js
<s> [webpack.Progress] 40% building 236/243 modules 7 active /data/5e-admin/node_modules/throttle-debounce/index.js
<s> [webpack.Progress] 40% building 236/244 modules 8 active /data/5e-admin/node_modules/core-js/modules/es.string.replace.js
<s> [webpack.Progress] 40% building 237/244 modules 7 active /data/5e-admin/node_modules/core-js/modules/es.string.replace.js
<s> [webpack.Progress] 40% building 237/245 modules 8 active /data/5e-admin/node_modules/core-js/modules/es.string.pad-start.js
<s> [webpack.Progress] 40% building 237/246 modules 9 active /data/5e-admin/node_modules/css-loader/dist/runtime/api.js
<s> [webpack.Progress] 40% building 238/246 modules 8 active /data/5e-admin/node_modules/css-loader/dist/runtime/api.js
<s> [webpack.Progress] 40% building 238/247 modules 9 active /data/5e-admin/node_modules/core-js/modules/es.string.match.js
<s> [webpack.Progress] 40% building 238/248 modules 10 active /data/5e-admin/node_modules/core-js/modules/es.set.js
<s> [webpack.Progress] 40% building 238/249 modules 11 active /data/5e-admin/node_modules/html-entities/lib/surrogate-pairs.js
<s> [webpack.Progress] 40% building 239/249 modules 10 active /data/5e-admin/node_modules/html-entities/lib/surrogate-pairs.js
<s> [webpack.Progress] 40% building 240/249 modules 9 active /data/5e-admin/node_modules/html-entities/lib/surrogate-pairs.js
<s> [webpack.Progress] 40% building 240/250 modules 10 active /data/5e-admin/node_modules/throttle-debounce/throttle.js
<s> [webpack.Progress] 40% building 240/251 modules 11 active /data/5e-admin/node_modules/cache-loader/dist/cjs.js??ref--0-0!/data/5e-admin/node_modules/vue-loader/lib/index.js??vue-loader-options!/data/5e-admin/node_modules/eslint-loader/index.js??ref--13-0!/data/5e-admin/src/components/SvgIcon/index.vue
<s> [webpack.Progress] 40% building 240/252 modules 12 active /data/5e-admin/node_modules/core-js/modules/es.regexp.sticky.js
<s> [webpack.Progress] 40% building 240/253 modules 13 active /data/5e-admin/node_modules/async-validator/es/index.js
<s> [webpack.Progress] 40% building 240/254 modules 14 active /data/5e-admin/node_modules/webpack-dev-server/node_modules/ansi-regex/index.js
<s> [webpack.Progress] 40% building 241/254 modules 13 active /data/5e-admin/node_modules/webpack-dev-server/node_modules/ansi-regex/index.js
<s> [webpack.Progress] 40% building 242/254 modules 12 active /data/5e-admin/node_modules/webpack-dev-server/node_modules/ansi-regex/index.js
<s> [webpack.Progress] 40% building 243/254 modules 11 active /data/5e-admin/node_modules/webpack-dev-server/node_modules/ansi-regex/index.js
<s> [webpack.Progress] 40% building 244/254 modules 10 active /data/5e-admin/node_modules/webpack-dev-server/node_modules/ansi-regex/index.js
<s> [webpack.Progress] 40% building 244/255 modules 11 active /data/5e-admin/node_modules/svg-sprite-loader/lib/loader.js??ref--14-0!/data/5e-admin/src/icons/svg/404.svg
<s> [webpack.Progress] 40% building 244/256 modules 12 active /data/5e-admin/node_modules/svg-sprite-loader/lib/loader.js??ref--14-0!/data/5e-admin/src/icons/svg/zip.svg
<s> [webpack.Progress] 40% building 244/257 modules 13 active /data/5e-admin/node_modules/svg-sprite-loader/lib/loader.js??ref--14-0!/data/5e-admin/src/icons/svg/wechat.svg
<s> [webpack.Progress] 40% building 244/258 modules 14 active /data/5e-admin/node_modules/svg-sprite-loader/lib/loader.js??ref--14-0!/data/5e-admin/src/icons/svg/user.svg
<s> [webpack.Progress] 40% building 244/259 modules 15 active /data/5e-admin/node_modules/svg-sprite-loader/lib/loader.js??ref--14-0!/data/5e-admin/src/icons/svg/tree.svg
<s> [webpack.Progress] 40% building 244/260 modules 16 active /data/5e-admin/node_modules/svg-sprite-loader/lib/loader.js??ref--14-0!/data/5e-admin/src/icons/svg/tree-table.svg
<s> [webpack.Progress] 40% building 244/261 modules 17 active /data/5e-admin/node_modules/svg-sprite-loader/lib/loader.js??ref--14-0!/data/5e-admin/src/icons/svg/theme.svg
<s> [webpack.Progress] 40% building 244/262 modules 18 active /data/5e-admin/node_modules/svg-sprite-loader/lib/loader.js??ref--14-0!/data/5e-admin/src/icons/svg/table.svg
<s> [webpack.Progress] 40% building 244/263 modules 19 active /data/5e-admin/node_modules/svg-sprite-loader/lib/loader.js??ref--14-0!/data/5e-admin/src/icons/svg/tab.svg
<s> [webpack.Progress] 40% building 244/264 modules 20 active /data/5e-admin/node_modules/svg-sprite-loader/lib/loader.js??ref--14-0!/data/5e-admin/src/icons/svg/star.svg
<s> [webpack.Progress] 40% building 244/265 modules 21 active /data/5e-admin/node_modules/svg-sprite-loader/lib/loader.js??ref--14-0!/data/5e-admin/src/icons/svg/skill.svg
<s> [webpack.Progress] 40% building 244/266 modules 22 active /data/5e-admin/node_modules/svg-sprite-loader/lib/loader.js??ref--14-0!/data/5e-admin/src/icons/svg/size.svg
<s> [webpack.Progress] 40% building 244/267 modules 23 active /data/5e-admin/node_modules/svg-sprite-loader/lib/loader.js??ref--14-0!/data/5e-admin/src/icons/svg/shopping.svg
<s> [webpack.Progress] 40% building 244/268 modules 24 active /data/5e-admin/node_modules/svg-sprite-loader/lib/loader.js??ref--14-0!/data/5e-admin/src/icons/svg/search.svg
<s> [webpack.Progress] 40% building 244/269 modules 25 active /data/5e-admin/node_modules/svg-sprite-loader/lib/loader.js??ref--14-0!/data/5e-admin/src/icons/svg/qq.svg
<s> [webpack.Progress] 40% building 244/270 modules 26 active /data/5e-admin/node_modules/svg-sprite-loader/lib/loader.js??ref--14-0!/data/5e-admin/src/icons/svg/peoples.svg
<s> [webpack.Progress] 40% building 244/271 modules 27 active /data/5e-admin/node_modules/svg-sprite-loader/lib/loader.js??ref--14-0!/data/5e-admin/src/icons/svg/people.svg
<s> [webpack.Progress] 40% building 244/272 modules 28 active /data/5e-admin/node_modules/svg-sprite-loader/lib/loader.js??ref--14-0!/data/5e-admin/src/icons/svg/pdf.svg
<s> [webpack.Progress] 40% building 244/273 modules 29 active /data/5e-admin/node_modules/svg-sprite-loader/lib/loader.js??ref--14-0!/data/5e-admin/src/icons/svg/password.svg
<s> [webpack.Progress] 40% building 244/274 modules 30 active /data/5e-admin/node_modules/svg-sprite-loader/lib/loader.js??ref--14-0!/data/5e-admin/src/icons/svg/nested.svg
<s> [webpack.Progress] 40% building 244/275 modules 31 active /data/5e-admin/node_modules/svg-sprite-loader/lib/loader.js??ref--14-0!/data/5e-admin/src/icons/svg/money.svg
<s> [webpack.Progress] 40% building 244/276 modules 32 active /data/5e-admin/node_modules/svg-sprite-loader/lib/loader.js??ref--14-0!/data/5e-admin/src/icons/svg/message.svg
<s> [webpack.Progress] 40% building 244/277 modules 33 active /data/5e-admin/node_modules/svg-sprite-loader/lib/loader.js??ref--14-0!/data/5e-admin/src/icons/svg/lock.svg
<s> [webpack.Progress] 40% building 244/278 modules 34 active /data/5e-admin/node_modules/svg-sprite-loader/lib/loader.js??ref--14-0!/data/5e-admin/src/icons/svg/list.svg
<s> [webpack.Progress] 40% building 244/279 modules 35 active /data/5e-admin/node_modules/svg-sprite-loader/lib/loader.js??ref--14-0!/data/5e-admin/src/icons/svg/link.svg
<s> [webpack.Progress] 40% building 244/280 modules 36 active /data/5e-admin/node_modules/svg-sprite-loader/lib/loader.js??ref--14-0!/data/5e-admin/src/icons/svg/language.svg
<s> [webpack.Progress] 40% building 244/281 modules 37 active /data/5e-admin/node_modules/svg-sprite-loader/lib/loader.js??ref--14-0!/data/5e-admin/src/icons/svg/international.svg
<s> [webpack.Progress] 40% building 244/282 modules 38 active /data/5e-admin/node_modules/svg-sprite-loader/lib/loader.js??ref--14-0!/data/5e-admin/src/icons/svg/icon.svg
<s> [webpack.Progress] 40% building 244/283 modules 39 active /data/5e-admin/node_modules/svg-sprite-loader/lib/loader.js??ref--14-0!/data/5e-admin/src/icons/svg/guide.svg
<s> [webpack.Progress] 40% building 244/284 modules 40 active /data/5e-admin/node_modules/svg-sprite-loader/lib/loader.js??ref--14-0!/data/5e-admin/src/icons/svg/fullscreen.svg
<s> [webpack.Progress] 40% building 244/285 modules 41 active /data/5e-admin/node_modules/svg-sprite-loader/lib/loader.js??ref--14-0!/data/5e-admin/src/icons/svg/form.svg
<s> [webpack.Progress] 40% building 244/286 modules 42 active /data/5e-admin/node_modules/svg-sprite-loader/lib/loader.js??ref--14-0!/data/5e-admin/src/icons/svg/eye.svg
<s> [webpack.Progress] 40% building 244/287 modules 43 active /data/5e-admin/node_modules/svg-sprite-loader/lib/loader.js??ref--14-0!/data/5e-admin/src/icons/svg/eye-open.svg
<s> [webpack.Progress] 40% building 244/288 modules 44 active /data/5e-admin/node_modules/svg-sprite-loader/lib/loader.js??ref--14-0!/data/5e-admin/src/icons/svg/exit-fullscreen.svg
<s> [webpack.Progress] 40% building 244/289 modules 45 active /data/5e-admin/node_modules/svg-sprite-loader/lib/loader.js??ref--14-0!/data/5e-admin/src/icons/svg/excel.svg
<s> [webpack.Progress] 40% building 244/290 modules 46 active /data/5e-admin/node_modules/svg-sprite-loader/lib/loader.js??ref--14-0!/data/5e-admin/src/icons/svg/example.svg
<s> [webpack.Progress] 40% building 244/291 modules 47 active /data/5e-admin/node_modules/svg-sprite-loader/lib/loader.js??ref--14-0!/data/5e-admin/src/icons/svg/email.svg
<s> [webpack.Progress] 40% building 244/292 modules 48 active /data/5e-admin/node_modules/svg-sprite-loader/lib/loader.js??ref--14-0!/data/5e-admin/src/icons/svg/education.svg
<s> [webpack.Progress] 40% building 244/293 modules 49 active /data/5e-admin/node_modules/svg-sprite-loader/lib/loader.js??ref--14-0!/data/5e-admin/src/icons/svg/edit.svg
<s> [webpack.Progress] 40% building 244/294 modules 50 active /data/5e-admin/node_modules/svg-sprite-loader/lib/loader.js??ref--14-0!/data/5e-admin/src/icons/svg/drag.svg
<s> [webpack.Progress] 40% building 244/295 modules 51 active /data/5e-admin/node_modules/svg-sprite-loader/lib/loader.js??ref--14-0!/data/5e-admin/src/icons/svg/documentation.svg
<s> [webpack.Progress] 40% building 244/296 modules 52 active /data/5e-admin/node_modules/svg-sprite-loader/lib/loader.js??ref--14-0!/data/5e-admin/src/icons/svg/dashboard.svg
<s> [webpack.Progress] 40% building 244/297 modules 53 active /data/5e-admin/node_modules/svg-sprite-loader/lib/loader.js??ref--14-0!/data/5e-admin/src/icons/svg/component.svg
<s> [webpack.Progress] 40% building 244/298 modules 54 active /data/5e-admin/node_modules/svg-sprite-loader/lib/loader.js??ref--14-0!/data/5e-admin/src/icons/svg/clipboard.svg
<s> [webpack.Progress] 40% building 244/299 modules 55 active /data/5e-admin/node_modules/svg-sprite-loader/lib/loader.js??ref--14-0!/data/5e-admin/src/icons/svg/chart.svg
<s> [webpack.Progress] 40% building 244/300 modules 56 active /data/5e-admin/node_modules/svg-sprite-loader/lib/loader.js??ref--14-0!/data/5e-admin/src/icons/svg/bug.svg
<s> [webpack.Progress] 40% building 245/300 modules 55 active /data/5e-admin/node_modules/svg-sprite-loader/lib/loader.js??ref--14-0!/data/5e-admin/src/icons/svg/bug.svg
<s> [webpack.Progress] 40% building 246/300 modules 54 active /data/5e-admin/node_modules/svg-sprite-loader/lib/loader.js??ref--14-0!/data/5e-admin/src/icons/svg/bug.svg
<s> [webpack.Progress] 40% building 246/301 modules 55 active /data/5e-admin/node_modules/normalize-wheel/src/normalizeWheel.js
<s> [webpack.Progress] 40% building 246/302 modules 56 active /data/5e-admin/node_modules/core-js/internals/inherit-if-required.js
<s> [webpack.Progress] 40% building 246/303 modules 57 active /data/5e-admin/node_modules/element-ui/lib/utils/after-leave.js
<s> [webpack.Progress] 40% building 246/304 modules 58 active /data/5e-admin/node_modules/element-ui/lib/checkbox-group.js
<s> [webpack.Progress] 40% building 246/305 modules 59 active /data/5e-admin/node_modules/element-ui/lib/utils/scrollbar-width.js
<s> [webpack.Progress] 40% building 246/306 modules 60 active /data/5e-admin/node_modules/element-ui/lib/tag.js
<s> [webpack.Progress] 40% building 246/307 modules 61 active /data/5e-admin/node_modules/element-ui/lib/button-group.js
<s> [webpack.Progress] 40% building 246/308 modules 62 active /data/5e-admin/node_modules/element-ui/lib/utils/lodash.js
<s> [webpack.Progress] 40% building 246/309 modules 63 active /data/5e-admin/node_modules/element-ui/lib/utils/scroll-into-view.js
<s> [webpack.Progress] 40% building 246/310 modules 64 active /data/5e-admin/node_modules/element-ui/lib/tooltip.js
<s> [webpack.Progress] 40% building 246/311 modules 65 active /data/5e-admin/node_modules/element-ui/lib/utils/vdom.js
<s> [webpack.Progress] 40% building 246/312 modules 66 active /data/5e-admin/node_modules/element-ui/lib/utils/date.js
<s> [webpack.Progress] 40% building 246/313 modules 67 active /data/5e-admin/node_modules/element-ui/lib/utils/shared.js
<s> [webpack.Progress] 40% building 247/313 modules 66 active /data/5e-admin/node_modules/element-ui/lib/utils/shared.js
<s> [webpack.Progress] 40% building 247/314 modules 67 active /data/5e-admin/node_modules/throttle-debounce/debounce.js
<s> [webpack.Progress] 40% building 247/315 modules 68 active /data/5e-admin/node_modules/element-ui/lib/scrollbar.js
<s> [webpack.Progress] 40% building 248/315 modules 67 active /data/5e-admin/node_modules/element-ui/lib/scrollbar.js
<s> [webpack.Progress] 40% building 249/315 modules 66 active /data/5e-admin/node_modules/element-ui/lib/scrollbar.js
<s> [webpack.Progress] 40% building 249/316 modules 67 active /data/5e-admin/node_modules/core-js/internals/freezing.js
<s> [webpack.Progress] 40% building 250/316 modules 66 active /data/5e-admin/node_modules/core-js/internals/freezing.js
<s> [webpack.Progress] 40% building 250/317 modules 67 active /data/5e-admin/node_modules/vue-loader/lib/loaders/pitcher.js??ref--4!/data/5e-admin/node_modules/cache-loader/dist/cjs.js??ref--0-0!/data/5e-admin/node_modules/vue-loader/lib/index.js??vue-loader-options!/data/5e-admin/node_modules/eslint-loader/index.js??ref--13-0!/data/5e-admin/src/components/SvgIcon/index.vue?vue&type=template&id=c8a70580&scoped=true
<s> [webpack.Progress] 40% building 251/317 modules 66 active /data/5e-admin/node_modules/core-js/internals/freezing.js
<s> [webpack.Progress] 40% building 251/318 modules 67 active /data/5e-admin/node_modules/cache-loader/dist/cjs.js?{"cacheDirectory":"node_modules/.cache/vue-loader","cacheIdentifier":"f79bae76-vue-loader-template"}!/data/5e-admin/node_modules/vue-loader/lib/loaders/templateLoader.js??vue-loader-options!/data/5e-admin/node_modules/cache-loader/dist/cjs.js??ref--0-0!/data/5e-admin/node_modules/vue-loader/lib/index.js??vue-loader-options!/data/5e-admin/src/components/SvgIcon/index.vue?vue&type=template&id=c8a70580&scoped=true
<s> [webpack.Progress] 40% building 252/318 modules 66 active /data/5e-admin/node_modules/cache-loader/dist/cjs.js?{"cacheDirectory":"node_modules/.cache/vue-loader","cacheIdentifier":"f79bae76-vue-loader-template"}!/data/5e-admin/node_modules/vue-loader/lib/loaders/templateLoader.js??vue-loader-options!/data/5e-admin/node_modules/cache-loader/dist/cjs.js??ref--0-0!/data/5e-admin/node_modules/vue-loader/lib/index.js??vue-loader-options!/data/5e-admin/src/components/SvgIcon/index.vue?vue&type=template&id=c8a70580&scoped=true
<s> [webpack.Progress] 40% building 252/319 modules 67 active /data/5e-admin/node_modules/url/node_modules/qs/lib/stringify.js
<s> [webpack.Progress] 40% building 252/320 modules 68 active /data/5e-admin/node_modules/element-ui/lib/mixins/focus.js
<s> [webpack.Progress] 40% building 252/321 modules 69 active /data/5e-admin/node_modules/element-ui/lib/transitions/collapse-transition.js
<s> [webpack.Progress] 40% building 252/322 modules 70 active /data/5e-admin/node_modules/url/node_modules/qs/lib/formats.js
<s> [webpack.Progress] 40% building 252/323 modules 71 active /data/5e-admin/node_modules/core-js/internals/string-trim.js
<s> [webpack.Progress] 40% building 252/324 modules 72 active /data/5e-admin/node_modules/url/node_modules/qs/lib/parse.js
<s> [webpack.Progress] 40% building 252/325 modules 73 active /data/5e-admin/node_modules/core-js/internals/date-to-primitive.js
<s> [webpack.Progress] 40% building 253/325 modules 72 active /data/5e-admin/node_modules/core-js/internals/date-to-primitive.js
<s> [webpack.Progress] 40% building 254/325 modules 71 active /data/5e-admin/node_modules/core-js/internals/date-to-primitive.js
<s> [webpack.Progress] 40% building 255/325 modules 70 active /data/5e-admin/node_modules/core-js/internals/date-to-primitive.js
<s> [webpack.Progress] 40% building 256/325 modules 69 active /data/5e-admin/node_modules/core-js/internals/date-to-primitive.js
<s> [webpack.Progress] 40% building 257/325 modules 68 active /data/5e-admin/node_modules/core-js/internals/date-to-primitive.js
<s> [webpack.Progress] 40% building 258/325 modules 67 active /data/5e-admin/node_modules/core-js/internals/date-to-primitive.js
<s> [webpack.Progress] 41% building 259/325 modules 66 active /data/5e-admin/node_modules/core-js/internals/date-to-primitive.js
<s> [webpack.Progress] 41% building 260/325 modules 65 active /data/5e-admin/node_modules/core-js/internals/date-to-primitive.js
<s> [webpack.Progress] 41% building 261/325 modules 64 active /data/5e-admin/node_modules/core-js/internals/date-to-primitive.js
<s> [webpack.Progress] 41% building 262/325 modules 63 active /data/5e-admin/node_modules/core-js/internals/date-to-primitive.js
<s> [webpack.Progress] 41% building 263/325 modules 62 active /data/5e-admin/node_modules/core-js/internals/date-to-primitive.js
<s> [webpack.Progress] 41% building 264/325 modules 61 active /data/5e-admin/node_modules/core-js/internals/date-to-primitive.js
<s> [webpack.Progress] 41% building 265/325 modules 60 active /data/5e-admin/node_modules/core-js/internals/date-to-primitive.js
<s> [webpack.Progress] 41% building 266/325 modules 59 active /data/5e-admin/node_modules/core-js/internals/date-to-primitive.js
<s> [webpack.Progress] 42% building 267/325 modules 58 active /data/5e-admin/node_modules/core-js/internals/date-to-primitive.js
<s> [webpack.Progress] 42% building 268/325 modules 57 active /data/5e-admin/node_modules/core-js/internals/date-to-primitive.js
<s> [webpack.Progress] 42% building 269/325 modules 56 active /data/5e-admin/node_modules/core-js/internals/date-to-primitive.js
<s> [webpack.Progress] 42% building 270/325 modules 55 active /data/5e-admin/node_modules/core-js/internals/date-to-primitive.js
<s> [webpack.Progress] 42% building 271/325 modules 54 active /data/5e-admin/node_modules/core-js/internals/date-to-primitive.js
<s> [webpack.Progress] 42% building 272/325 modules 53 active /data/5e-admin/node_modules/core-js/internals/date-to-primitive.js
<s> [webpack.Progress] 42% building 273/325 modules 52 active /data/5e-admin/node_modules/core-js/internals/date-to-primitive.js
<s> [webpack.Progress] 42% building 274/325 modules 51 active /data/5e-admin/node_modules/core-js/internals/date-to-primitive.js
<s> [webpack.Progress] 43% building 275/325 modules 50 active /data/5e-admin/node_modules/core-js/internals/date-to-primitive.js
<s> [webpack.Progress] 43% building 276/325 modules 49 active /data/5e-admin/node_modules/core-js/internals/date-to-primitive.js
<s> [webpack.Progress] 43% building 277/325 modules 48 active /data/5e-admin/node_modules/core-js/internals/date-to-primitive.js
<s> [webpack.Progress] 43% building 278/325 modules 47 active /data/5e-admin/node_modules/core-js/internals/date-to-primitive.js
<s> [webpack.Progress] 43% building 279/325 modules 46 active /data/5e-admin/node_modules/core-js/internals/date-to-primitive.js
<s> [webpack.Progress] 43% building 280/325 modules 45 active /data/5e-admin/node_modules/core-js/internals/date-to-primitive.js
<s> [webpack.Progress] 43% building 281/325 modules 44 active /data/5e-admin/node_modules/core-js/internals/date-to-primitive.js
<s> [webpack.Progress] 43% building 282/325 modules 43 active /data/5e-admin/node_modules/core-js/internals/date-to-primitive.js
<s> [webpack.Progress] 43% building 283/325 modules 42 active /data/5e-admin/node_modules/core-js/internals/date-to-primitive.js
<s> [webpack.Progress] 44% building 284/325 modules 41 active /data/5e-admin/node_modules/core-js/internals/date-to-primitive.js
<s> [webpack.Progress] 44% building 285/325 modules 40 active /data/5e-admin/node_modules/core-js/internals/date-to-primitive.js
<s> [webpack.Progress] 44% building 286/325 modules 39 active /data/5e-admin/node_modules/core-js/internals/date-to-primitive.js
<s> [webpack.Progress] 44% building 287/325 modules 38 active /data/5e-admin/node_modules/core-js/internals/date-to-primitive.js
<s> [webpack.Progress] 44% building 288/325 modules 37 active /data/5e-admin/node_modules/core-js/internals/date-to-primitive.js
<s> [webpack.Progress] 44% building 289/325 modules 36 active /data/5e-admin/node_modules/core-js/internals/date-to-primitive.js
<s> [webpack.Progress] 44% building 290/325 modules 35 active /data/5e-admin/node_modules/core-js/internals/date-to-primitive.js
<s> [webpack.Progress] 44% building 291/325 modules 34 active /data/5e-admin/node_modules/core-js/internals/date-to-primitive.js
<s> [webpack.Progress] 45% building 292/325 modules 33 active /data/5e-admin/node_modules/core-js/internals/date-to-primitive.js
<s> [webpack.Progress] 45% building 293/325 modules 32 active /data/5e-admin/node_modules/core-js/internals/date-to-primitive.js
<s> [webpack.Progress] 45% building 294/325 modules 31 active /data/5e-admin/node_modules/core-js/internals/date-to-primitive.js
<s> [webpack.Progress] 45% building 295/325 modules 30 active /data/5e-admin/node_modules/core-js/internals/date-to-primitive.js
<s> [webpack.Progress] 45% building 296/325 modules 29 active /data/5e-admin/node_modules/core-js/internals/date-to-primitive.js
<s> [webpack.Progress] 45% building 297/325 modules 28 active /data/5e-admin/node_modules/core-js/internals/date-to-primitive.js
<s> [webpack.Progress] 45% building 298/325 modules 27 active /data/5e-admin/node_modules/core-js/internals/date-to-primitive.js
<s> [webpack.Progress] 45% building 299/325 modules 26 active /data/5e-admin/node_modules/core-js/internals/date-to-primitive.js
<s> [webpack.Progress] 46% building 300/325 modules 25 active /data/5e-admin/node_modules/core-js/internals/date-to-primitive.js
<s> [webpack.Progress] 46% building 301/325 modules 24 active /data/5e-admin/node_modules/core-js/internals/date-to-primitive.js
<s> [webpack.Progress] 46% building 302/325 modules 23 active /data/5e-admin/node_modules/core-js/internals/date-to-primitive.js
<s> [webpack.Progress] 46% building 303/325 modules 22 active /data/5e-admin/node_modules/core-js/internals/date-to-primitive.js
<s> [webpack.Progress] 46% building 304/325 modules 21 active /data/5e-admin/node_modules/core-js/internals/date-to-primitive.js
<s> [webpack.Progress] 46% building 305/325 modules 20 active /data/5e-admin/node_modules/core-js/internals/date-to-primitive.js
<s> [webpack.Progress] 46% building 306/325 modules 19 active /data/5e-admin/node_modules/core-js/internals/date-to-primitive.js
<s> [webpack.Progress] 46% building 307/325 modules 18 active /data/5e-admin/node_modules/core-js/internals/date-to-primitive.js
<s> [webpack.Progress] 46% building 308/325 modules 17 active /data/5e-admin/node_modules/core-js/internals/date-to-primitive.js
<s> [webpack.Progress] 47% building 309/325 modules 16 active /data/5e-admin/node_modules/core-js/internals/date-to-primitive.js
<s> [webpack.Progress] 47% building 310/325 modules 15 active /data/5e-admin/node_modules/core-js/internals/date-to-primitive.js
<s> [webpack.Progress] 47% building 311/325 modules 14 active /data/5e-admin/node_modules/core-js/internals/date-to-primitive.js
<s> [webpack.Progress] 47% building 312/325 modules 13 active /data/5e-admin/node_modules/core-js/internals/date-to-primitive.js
<s> [webpack.Progress] 47% building 313/325 modules 12 active /data/5e-admin/node_modules/core-js/internals/date-to-primitive.js
<s> [webpack.Progress] 47% building 314/325 modules 11 active /data/5e-admin/node_modules/core-js/internals/date-to-primitive.js
<s> [webpack.Progress] 47% building 315/325 modules 10 active /data/5e-admin/node_modules/core-js/internals/date-to-primitive.js
<s> [webpack.Progress] 47% building 315/326 modules 11 active /data/5e-admin/node_modules/core-js/internals/fix-regexp-well-known-symbol-logic.js
<s> [webpack.Progress] 47% building 316/326 modules 10 active /data/5e-admin/node_modules/core-js/internals/fix-regexp-well-known-symbol-logic.js
<s> [webpack.Progress] 47% building 316/327 modules 11 active /data/5e-admin/node_modules/element-ui/lib/utils/dom.js
<s> [webpack.Progress] 47% building 316/328 modules 12 active /data/5e-admin/node_modules/element-ui/lib/mixins/emitter.js
<s> [webpack.Progress] 47% building 316/329 modules 13 active /data/5e-admin/node_modules/element-ui/lib/input.js
<s> [webpack.Progress] 47% building 316/330 modules 14 active /data/5e-admin/node_modules/element-ui/lib/utils/util.js
<s> [webpack.Progress] 47% building 316/331 modules 15 active /data/5e-admin/node_modules/core-js/internals/string-pad-webkit-bug.js
<s> [webpack.Progress] 48% building 317/331 modules 14 active /data/5e-admin/node_modules/core-js/internals/string-pad-webkit-bug.js
<s> [webpack.Progress] 48% building 318/331 modules 13 active /data/5e-admin/node_modules/core-js/internals/string-pad-webkit-bug.js
<s> [webpack.Progress] 48% building 318/332 modules 14 active /data/5e-admin/node_modules/core-js/internals/string-pad.js
<s> [webpack.Progress] 48% building 319/332 modules 13 active /data/5e-admin/node_modules/core-js/internals/string-pad.js
<s> [webpack.Progress] 48% building 320/332 modules 12 active /data/5e-admin/node_modules/core-js/internals/string-pad.js
<s> [webpack.Progress] 48% building 320/333 modules 13 active /data/5e-admin/node_modules/core-js/internals/collection-strong.js
<s> [webpack.Progress] 48% building 320/334 modules 14 active /data/5e-admin/node_modules/element-ui/lib/mixins/locale.js
<s> [webpack.Progress] 48% building 320/335 modules 15 active /data/5e-admin/node_modules/element-ui/lib/utils/vue-popper.js
<s> [webpack.Progress] 48% building 320/336 modules 16 active /data/5e-admin/node_modules/core-js/internals/regexp-exec-abstract.js
<s> [webpack.Progress] 48% building 321/336 modules 15 active /data/5e-admin/node_modules/core-js/internals/regexp-exec-abstract.js
<s> [webpack.Progress] 48% building 321/337 modules 16 active /data/5e-admin/node_modules/core-js/internals/advance-string-index.js
<s> [webpack.Progress] 48% building 322/337 modules 15 active /data/5e-admin/node_modules/core-js/internals/advance-string-index.js
<s> [webpack.Progress] 48% building 322/338 modules 16 active /data/5e-admin/node_modules/cache-loader/dist/cjs.js??ref--0-0!/data/5e-admin/node_modules/vue-loader/lib/index.js??vue-loader-options!/data/5e-admin/node_modules/eslint-loader/index.js??ref--13-0!/data/5e-admin/src/views/profile/components/Account.vue
<s> [webpack.Progress] 48% building 322/339 modules 17 active /data/5e-admin/node_modules/cache-loader/dist/cjs.js??ref--0-0!/data/5e-admin/node_modules/vue-loader/lib/index.js??vue-loader-options!/data/5e-admin/node_modules/eslint-loader/index.js??ref--13-0!/data/5e-admin/src/views/profile/components/Timeline.vue
<s> [webpack.Progress] 48% building 322/340 modules 18 active /data/5e-admin/node_modules/babel-helper-vue-jsx-merge-props/index.js
<s> [webpack.Progress] 48% building 322/341 modules 19 active /data/5e-admin/node_modules/webpack/buildin/amd-options.js
<s> [webpack.Progress] 48% building 322/342 modules 20 active /data/5e-admin/node_modules/url-loader/dist/cjs.js??ref--1-0!/data/5e-admin/src/assets/401_images/401.gif
<s> [webpack.Progress] 48% building 322/343 modules 21 active /data/5e-admin/node_modules/async-validator/es/messages.js
<s> [webpack.Progress] 48% building 323/343 modules 20 active /data/5e-admin/node_modules/async-validator/es/messages.js
<s> [webpack.Progress] 48% building 324/343 modules 19 active /data/5e-admin/node_modules/async-validator/es/messages.js
<s> [webpack.Progress] 49% building 325/343 modules 18 active /data/5e-admin/node_modules/async-validator/es/messages.js
<s> [webpack.Progress] 49% building 326/343 modules 17 active /data/5e-admin/node_modules/async-validator/es/messages.js
<s> [webpack.Progress] 49% building 327/343 modules 16 active /data/5e-admin/node_modules/async-validator/es/messages.js
<s> [webpack.Progress] 49% building 328/343 modules 15 active /data/5e-admin/node_modules/async-validator/es/messages.js
<s> [webpack.Progress] 49% building 329/343 modules 14 active /data/5e-admin/node_modules/async-validator/es/messages.js
<s> [webpack.Progress] 49% building 330/343 modules 13 active /data/5e-admin/node_modules/async-validator/es/messages.js
<s> [webpack.Progress] 49% building 331/343 modules 12 active /data/5e-admin/node_modules/async-validator/es/messages.js
<s> [webpack.Progress] 49% building 332/343 modules 11 active /data/5e-admin/node_modules/async-validator/es/messages.js
<s> [webpack.Progress] 49% building 333/343 modules 10 active /data/5e-admin/node_modules/async-validator/es/messages.js
<s> [webpack.Progress] 49% building 333/344 modules 11 active /data/5e-admin/node_modules/normalize-wheel/src/UserAgent_DEPRECATED.js
<s> [webpack.Progress] 49% building 333/345 modules 12 active /data/5e-admin/node_modules/normalize-wheel/src/isEventSupported.js
<s> [webpack.Progress] 50% building 334/345 modules 11 active /data/5e-admin/node_modules/normalize-wheel/src/isEventSupported.js
<s> [webpack.Progress] 50% building 334/346 modules 12 active /data/5e-admin/node_modules/async-validator/es/util.js
<s> [webpack.Progress] 50% building 335/346 modules 11 active /data/5e-admin/node_modules/async-validator/es/util.js
<s> [webpack.Progress] 50% building 336/346 modules 10 active /data/5e-admin/node_modules/async-validator/es/util.js
<s> [webpack.Progress] 50% building 337/346 modules 9 active /data/5e-admin/node_modules/async-validator/es/util.js
<s> [webpack.Progress] 50% building 338/346 modules 8 active /data/5e-admin/node_modules/async-validator/es/util.js
<s> [webpack.Progress] 50% building 338/347 modules 9 active /data/5e-admin/node_modules/cache-loader/dist/cjs.js??ref--0-0!/data/5e-admin/node_modules/vue-loader/lib/index.js??vue-loader-options!/data/5e-admin/node_modules/eslint-loader/index.js??ref--13-0!/data/5e-admin/src/views/profile/components/Activity.vue
<s> [webpack.Progress] 50% building 338/348 modules 10 active /data/5e-admin/node_modules/async-validator/es/validator/index.js
<s> [webpack.Progress] 50% building 338/349 modules 11 active /data/5e-admin/node_modules/vue-loader/lib/loaders/pitcher.js??ref--4!/data/5e-admin/node_modules/cache-loader/dist/cjs.js??ref--0-0!/data/5e-admin/node_modules/vue-loader/lib/index.js??vue-loader-options!/data/5e-admin/node_modules/eslint-loader/index.js??ref--13-0!/data/5e-admin/src/views/profile/components/Account.vue?vue&type=template&id=d0c7a258
<s> [webpack.Progress] 50% building 339/349 modules 10 active /data/5e-admin/node_modules/async-validator/es/validator/index.js
<s> [webpack.Progress] 50% building 339/350 modules 11 active /data/5e-admin/node_modules/cache-loader/dist/cjs.js?{"cacheDirectory":"node_modules/.cache/vue-loader","cacheIdentifier":"f79bae76-vue-loader-template"}!/data/5e-admin/node_modules/vue-loader/lib/loaders/templateLoader.js??vue-loader-options!/data/5e-admin/node_modules/cache-loader/dist/cjs.js??ref--0-0!/data/5e-admin/node_modules/vue-loader/lib/index.js??vue-loader-options!/data/5e-admin/src/views/profile/components/Account.vue?vue&type=template&id=d0c7a258
<s> [webpack.Progress] 50% building 339/351 modules 12 active /data/5e-admin/node_modules/vue-loader/lib/loaders/pitcher.js??ref--4!/data/5e-admin/node_modules/cache-loader/dist/cjs.js??ref--0-0!/data/5e-admin/node_modules/vue-loader/lib/index.js??vue-loader-options!/data/5e-admin/node_modules/eslint-loader/index.js??ref--13-0!/data/5e-admin/src/views/profile/components/Timeline.vue?vue&type=template&id=74e6bfaa
<s> [webpack.Progress] 50% building 340/351 modules 11 active /data/5e-admin/node_modules/cache-loader/dist/cjs.js?{"cacheDirectory":"node_modules/.cache/vue-loader","cacheIdentifier":"f79bae76-vue-loader-template"}!/data/5e-admin/node_modules/vue-loader/lib/loaders/templateLoader.js??vue-loader-options!/data/5e-admin/node_modules/cache-loader/dist/cjs.js??ref--0-0!/data/5e-admin/node_modules/vue-loader/lib/index.js??vue-loader-options!/data/5e-admin/src/views/profile/components/Account.vue?vue&type=template&id=d0c7a258
<s> [webpack.Progress] 50% building 340/352 modules 12 active /data/5e-admin/node_modules/vue-loader/lib/loaders/pitcher.js??ref--4!/data/5e-admin/node_modules/cache-loader/dist/cjs.js??ref--12-0!/data/5e-admin/node_modules/babel-loader/lib/index.js!/data/5e-admin/node_modules/cache-loader/dist/cjs.js??ref--0-0!/data/5e-admin/node_modules/vue-loader/lib/index.js??vue-loader-options!/data/5e-admin/node_modules/eslint-loader/index.js??ref--13-0!/data/5e-admin/node_modules/eslint-loader/index.js??ref--13-0!/data/5e-admin/src/views/profile/components/Timeline.vue?vue&type=script&lang=js
<s> [webpack.Progress] 50% building 341/352 modules 11 active /data/5e-admin/node_modules/cache-loader/dist/cjs.js?{"cacheDirectory":"node_modules/.cache/vue-loader","cacheIdentifier":"f79bae76-vue-loader-template"}!/data/5e-admin/node_modules/vue-loader/lib/loaders/templateLoader.js??vue-loader-options!/data/5e-admin/node_modules/cache-loader/dist/cjs.js??ref--0-0!/data/5e-admin/node_modules/vue-loader/lib/index.js??vue-loader-options!/data/5e-admin/src/views/profile/components/Account.vue?vue&type=template&id=d0c7a258
<s> [webpack.Progress] 50% building 341/353 modules 12 active /data/5e-admin/node_modules/cache-loader/dist/cjs.js??ref--12-0!/data/5e-admin/node_modules/babel-loader/lib/index.js!/data/5e-admin/node_modules/cache-loader/dist/cjs.js??ref--0-0!/data/5e-admin/node_modules/vue-loader/lib/index.js??vue-loader-options!/data/5e-admin/src/views/profile/components/Timeline.vue?vue&type=script&lang=js
<s> [webpack.Progress] 50% building 341/354 modules 13 active /data/5e-admin/node_modules/cache-loader/dist/cjs.js?{"cacheDirectory":"node_modules/.cache/vue-loader","cacheIdentifier":"f79bae76-vue-loader-template"}!/data/5e-admin/node_modules/vue-loader/lib/loaders/templateLoader.js??vue-loader-options!/data/5e-admin/node_modules/cache-loader/dist/cjs.js??ref--0-0!/data/5e-admin/node_modules/vue-loader/lib/index.js??vue-loader-options!/data/5e-admin/src/views/profile/components/Timeline.vue?vue&type=template&id=74e6bfaa
<s> [webpack.Progress] 50% building 341/355 modules 14 active /data/5e-admin/node_modules/element-ui/lib/locale/index.js
<s> [webpack.Progress] 50% building 341/356 modules 15 active /data/5e-admin/node_modules/vue-loader/lib/loaders/pitcher.js??ref--4!/data/5e-admin/node_modules/cache-loader/dist/cjs.js??ref--12-0!/data/5e-admin/node_modules/babel-loader/lib/index.js!/data/5e-admin/node_modules/cache-loader/dist/cjs.js??ref--0-0!/data/5e-admin/node_modules/vue-loader/lib/index.js??vue-loader-options!/data/5e-admin/node_modules/eslint-loader/index.js??ref--13-0!/data/5e-admin/node_modules/eslint-loader/index.js??ref--13-0!/data/5e-admin/src/views/profile/components/Account.vue?vue&type=script&lang=js
<s> [webpack.Progress] 51% building 342/356 modules 14 active /data/5e-admin/node_modules/element-ui/lib/locale/index.js
<s> [webpack.Progress] 51% building 342/357 modules 15 active /data/5e-admin/node_modules/cache-loader/dist/cjs.js??ref--12-0!/data/5e-admin/node_modules/babel-loader/lib/index.js!/data/5e-admin/node_modules/cache-loader/dist/cjs.js??ref--0-0!/data/5e-admin/node_modules/vue-loader/lib/index.js??vue-loader-options!/data/5e-admin/src/views/profile/components/Account.vue?vue&type=script&lang=js
<s> [webpack.Progress] 51% building 343/357 modules 14 active /data/5e-admin/node_modules/cache-loader/dist/cjs.js??ref--12-0!/data/5e-admin/node_modules/babel-loader/lib/index.js!/data/5e-admin/node_modules/cache-loader/dist/cjs.js??ref--0-0!/data/5e-admin/node_modules/vue-loader/lib/index.js??vue-loader-options!/data/5e-admin/src/views/profile/components/Account.vue?vue&type=script&lang=js
<s> [webpack.Progress] 51% building 344/357 modules 13 active /data/5e-admin/node_modules/cache-loader/dist/cjs.js??ref--12-0!/data/5e-admin/node_modules/babel-loader/lib/index.js!/data/5e-admin/node_modules/cache-loader/dist/cjs.js??ref--0-0!/data/5e-admin/node_modules/vue-loader/lib/index.js??vue-loader-options!/data/5e-admin/src/views/profile/components/Account.vue?vue&type=script&lang=js
<s> [webpack.Progress] 51% building 344/358 modules 14 active /data/5e-admin/node_modules/url/node_modules/qs/lib/utils.js
<s> [webpack.Progress] 51% building 344/359 modules 15 active /data/5e-admin/node_modules/core-js/internals/whitespaces.js
<s> [webpack.Progress] 51% building 344/360 modules 16 active /data/5e-admin/node_modules/svg-sprite-loader/runtime/browser-sprite.build.js
<s> [webpack.Progress] 51% building 344/361 modules 17 active /data/5e-admin/node_modules/vue-loader/lib/loaders/pitcher.js??ref--4!/data/5e-admin/node_modules/vue-style-loader/index.js??ref--6-oneOf-1-0!/data/5e-admin/node_modules/css-loader/dist/cjs.js??ref--6-oneOf-1-1!/data/5e-admin/node_modules/postcss-loader/src/index.js??ref--6-oneOf-1-2!/data/5e-admin/node_modules/cache-loader/dist/cjs.js??ref--0-0!/data/5e-admin/node_modules/vue-loader/lib/index.js??vue-loader-options!/data/5e-admin/node_modules/eslint-loader/index.js??ref--13-0!/data/5e-admin/src/components/SvgIcon/index.vue?vue&type=style&index=0&id=c8a70580&scoped=true&lang=css
<s> [webpack.Progress] 51% building 345/361 modules 16 active /data/5e-admin/node_modules/svg-sprite-loader/runtime/browser-sprite.build.js
<s> [webpack.Progress] 51% building 345/362 modules 17 active /data/5e-admin/node_modules/vue-loader/lib/loaders/pitcher.js??ref--4!/data/5e-admin/node_modules/cache-loader/dist/cjs.js??ref--12-0!/data/5e-admin/node_modules/babel-loader/lib/index.js!/data/5e-admin/node_modules/cache-loader/dist/cjs.js??ref--0-0!/data/5e-admin/node_modules/vue-loader/lib/index.js??vue-loader-options!/data/5e-admin/node_modules/eslint-loader/index.js??ref--13-0!/data/5e-admin/node_modules/eslint-loader/index.js??ref--13-0!/data/5e-admin/src/components/SvgIcon/index.vue?vue&type=script&lang=js
<s> [webpack.Progress] 51% building 346/362 modules 16 active /data/5e-admin/node_modules/svg-sprite-loader/runtime/browser-sprite.build.js
<s> [webpack.Progress] 51% building 346/363 modules 17 active /data/5e-admin/node_modules/cache-loader/dist/cjs.js??ref--12-0!/data/5e-admin/node_modules/babel-loader/lib/index.js!/data/5e-admin/node_modules/cache-loader/dist/cjs.js??ref--0-0!/data/5e-admin/node_modules/vue-loader/lib/index.js??vue-loader-options!/data/5e-admin/src/components/SvgIcon/index.vue?vue&type=script&lang=js
<s> [webpack.Progress] 51% building 346/364 modules 18 active /data/5e-admin/node_modules/vue-style-loader/index.js??ref--6-oneOf-1-0!/data/5e-admin/node_modules/css-loader/dist/cjs.js??ref--6-oneOf-1-1!/data/5e-admin/node_modules/vue-loader/lib/loaders/stylePostLoader.js!/data/5e-admin/node_modules/postcss-loader/src/index.js??ref--6-oneOf-1-2!/data/5e-admin/node_modules/cache-loader/dist/cjs.js??ref--0-0!/data/5e-admin/node_modules/vue-loader/lib/index.js??vue-loader-options!/data/5e-admin/src/components/SvgIcon/index.vue?vue&type=style&index=0&id=c8a70580&scoped=true&lang=css
<s> [webpack.Progress] 51% building 347/364 modules 17 active /data/5e-admin/node_modules/cache-loader/dist/cjs.js??ref--12-0!/data/5e-admin/node_modules/babel-loader/lib/index.js!/data/5e-admin/node_modules/cache-loader/dist/cjs.js??ref--0-0!/data/5e-admin/node_modules/vue-loader/lib/index.js??vue-loader-options!/data/5e-admin/src/components/SvgIcon/index.vue?vue&type=script&lang=js
<s> [webpack.Progress] 51% building 347/365 modules 18 active /data/5e-admin/node_modules/css-loader/dist/cjs.js??ref--6-oneOf-1-1!/data/5e-admin/node_modules/vue-loader/lib/loaders/stylePostLoader.js!/data/5e-admin/node_modules/postcss-loader/src/index.js??ref--6-oneOf-1-2!/data/5e-admin/node_modules/cache-loader/dist/cjs.js??ref--0-0!/data/5e-admin/node_modules/vue-loader/lib/index.js??vue-loader-options!/data/5e-admin/src/components/SvgIcon/index.vue?vue&type=style&index=0&id=c8a70580&scoped=true&lang=css
<s> [webpack.Progress] 51% building 347/366 modules 19 active /data/5e-admin/node_modules/babel-runtime/helpers/extends.js
<s> [webpack.Progress] 51% building 348/366 modules 18 active /data/5e-admin/node_modules/babel-runtime/helpers/extends.js
<s> [webpack.Progress] 51% building 349/366 modules 17 active /data/5e-admin/node_modules/babel-runtime/helpers/extends.js
<s> [webpack.Progress] 52% building 350/366 modules 16 active /data/5e-admin/node_modules/babel-runtime/helpers/extends.js
<s> [webpack.Progress] 52% building 351/366 modules 15 active /data/5e-admin/node_modules/babel-runtime/helpers/extends.js
<s> [webpack.Progress] 52% building 352/366 modules 14 active /data/5e-admin/node_modules/babel-runtime/helpers/extends.js
<s> [webpack.Progress] 52% building 352/367 modules 15 active /data/5e-admin/node_modules/svg-baker-runtime/browser-symbol.js
<s> [webpack.Progress] 52% building 353/367 modules 14 active /data/5e-admin/node_modules/svg-baker-runtime/browser-symbol.js
<s> [webpack.Progress] 52% building 354/367 modules 13 active /data/5e-admin/node_modules/svg-baker-runtime/browser-symbol.js
<s> [webpack.Progress] 52% building 355/367 modules 12 active /data/5e-admin/node_modules/svg-baker-runtime/browser-symbol.js
<s> [webpack.Progress] 52% building 356/367 modules 11 active /data/5e-admin/node_modules/svg-baker-runtime/browser-symbol.js
<s> [webpack.Progress] 52% building 357/367 modules 10 active /data/5e-admin/node_modules/svg-baker-runtime/browser-symbol.js
<s> [webpack.Progress] 52% building 357/368 modules 11 active /data/5e-admin/node_modules/vue-loader/lib/loaders/pitcher.js??ref--4!/data/5e-admin/node_modules/cache-loader/dist/cjs.js??ref--0-0!/data/5e-admin/node_modules/vue-loader/lib/index.js??vue-loader-options!/data/5e-admin/node_modules/eslint-loader/index.js??ref--13-0!/data/5e-admin/src/views/profile/components/Activity.vue?vue&type=template&id=7e91c778&scoped=true
<s> [webpack.Progress] 52% building 358/368 modules 10 active /data/5e-admin/node_modules/svg-baker-runtime/browser-symbol.js
<s> [webpack.Progress] 52% building 358/369 modules 11 active /data/5e-admin/node_modules/vue-loader/lib/loaders/pitcher.js??ref--4!/data/5e-admin/node_modules/vue-style-loader/index.js??ref--8-oneOf-1-0!/data/5e-admin/node_modules/css-loader/dist/cjs.js??ref--8-oneOf-1-1!/data/5e-admin/node_modules/postcss-loader/src/index.js??ref--8-oneOf-1-2!/data/5e-admin/node_modules/sass-loader/dist/cjs.js??ref--8-oneOf-1-3!/data/5e-admin/node_modules/cache-loader/dist/cjs.js??ref--0-0!/data/5e-admin/node_modules/vue-loader/lib/index.js??vue-loader-options!/data/5e-admin/node_modules/eslint-loader/index.js??ref--13-0!/data/5e-admin/src/views/profile/components/Activity.vue?vue&type=style&index=0&id=7e91c778&lang=scss&scoped=true
<s> [webpack.Progress] 53% building 359/369 modules 10 active /data/5e-admin/node_modules/svg-baker-runtime/browser-symbol.js
<s> [webpack.Progress] 53% building 359/370 modules 11 active /data/5e-admin/node_modules/vue-loader/lib/loaders/pitcher.js??ref--4!/data/5e-admin/node_modules/cache-loader/dist/cjs.js??ref--12-0!/data/5e-admin/node_modules/babel-loader/lib/index.js!/data/5e-admin/node_modules/cache-loader/dist/cjs.js??ref--0-0!/data/5e-admin/node_modules/vue-loader/lib/index.js??vue-loader-options!/data/5e-admin/node_modules/eslint-loader/index.js??ref--13-0!/data/5e-admin/node_modules/eslint-loader/index.js??ref--13-0!/data/5e-admin/src/views/profile/components/Activity.vue?vue&type=script&lang=js
<s> [webpack.Progress] 53% building 360/370 modules 10 active /data/5e-admin/node_modules/svg-baker-runtime/browser-symbol.js
<s> [webpack.Progress] 53% building 360/371 modules 11 active /data/5e-admin/node_modules/cache-loader/dist/cjs.js??ref--12-0!/data/5e-admin/node_modules/babel-loader/lib/index.js!/data/5e-admin/node_modules/cache-loader/dist/cjs.js??ref--0-0!/data/5e-admin/node_modules/vue-loader/lib/index.js??vue-loader-options!/data/5e-admin/src/views/profile/components/Activity.vue?vue&type=script&lang=js
<s> [webpack.Progress] 53% building 360/372 modules 12 active /data/5e-admin/node_modules/cache-loader/dist/cjs.js?{"cacheDirectory":"node_modules/.cache/vue-loader","cacheIdentifier":"f79bae76-vue-loader-template"}!/data/5e-admin/node_modules/vue-loader/lib/loaders/templateLoader.js??vue-loader-options!/data/5e-admin/node_modules/cache-loader/dist/cjs.js??ref--0-0!/data/5e-admin/node_modules/vue-loader/lib/index.js??vue-loader-options!/data/5e-admin/src/views/profile/components/Activity.vue?vue&type=template&id=7e91c778&scoped=true
<s> [webpack.Progress] 53% building 360/373 modules 13 active /data/5e-admin/node_modules/vue-style-loader/index.js??ref--8-oneOf-1-0!/data/5e-admin/node_modules/css-loader/dist/cjs.js??ref--8-oneOf-1-1!/data/5e-admin/node_modules/vue-loader/lib/loaders/stylePostLoader.js!/data/5e-admin/node_modules/postcss-loader/src/index.js??ref--8-oneOf-1-2!/data/5e-admin/node_modules/sass-loader/dist/cjs.js??ref--8-oneOf-1-3!/data/5e-admin/node_modules/cache-loader/dist/cjs.js??ref--0-0!/data/5e-admin/node_modules/vue-loader/lib/index.js??vue-loader-options!/data/5e-admin/src/views/profile/components/Activity.vue?vue&type=style&index=0&id=7e91c778&lang=scss&scoped=true
<s> [webpack.Progress] 53% building 361/373 modules 12 active /data/5e-admin/node_modules/cache-loader/dist/cjs.js?{"cacheDirectory":"node_modules/.cache/vue-loader","cacheIdentifier":"f79bae76-vue-loader-template"}!/data/5e-admin/node_modules/vue-loader/lib/loaders/templateLoader.js??vue-loader-options!/data/5e-admin/node_modules/cache-loader/dist/cjs.js??ref--0-0!/data/5e-admin/node_modules/vue-loader/lib/index.js??vue-loader-options!/data/5e-admin/src/views/profile/components/Activity.vue?vue&type=template&id=7e91c778&scoped=true
<s> [webpack.Progress] 53% building 361/374 modules 13 active /data/5e-admin/node_modules/css-loader/dist/cjs.js??ref--8-oneOf-1-1!/data/5e-admin/node_modules/vue-loader/lib/loaders/stylePostLoader.js!/data/5e-admin/node_modules/postcss-loader/src/index.js??ref--8-oneOf-1-2!/data/5e-admin/node_modules/sass-loader/dist/cjs.js??ref--8-oneOf-1-3!/data/5e-admin/node_modules/cache-loader/dist/cjs.js??ref--0-0!/data/5e-admin/node_modules/vue-loader/lib/index.js??vue-loader-options!/data/5e-admin/src/views/profile/components/Activity.vue?vue&type=style&index=0&id=7e91c778&lang=scss&scoped=true
<s> [webpack.Progress] 53% building 362/374 modules 12 active /data/5e-admin/node_modules/css-loader/dist/cjs.js??ref--8-oneOf-1-1!/data/5e-admin/node_modules/vue-loader/lib/loaders/stylePostLoader.js!/data/5e-admin/node_modules/postcss-loader/src/index.js??ref--8-oneOf-1-2!/data/5e-admin/node_modules/sass-loader/dist/cjs.js??ref--8-oneOf-1-3!/data/5e-admin/node_modules/cache-loader/dist/cjs.js??ref--0-0!/data/5e-admin/node_modules/vue-loader/lib/index.js??vue-loader-options!/data/5e-admin/src/views/profile/components/Activity.vue?vue&type=style&index=0&id=7e91c778&lang=scss&scoped=true
<s> [webpack.Progress] 53% building 362/375 modules 13 active /data/5e-admin/node_modules/core-js/modules/es.regexp.constructor.js
<s> [webpack.Progress] 53% building 362/376 modules 14 active /data/5e-admin/node_modules/core-js/modules/es.array.join.js
<s> [webpack.Progress] 53% building 362/377 modules 15 active /data/5e-admin/node_modules/core-js/modules/es.array.from.js
<s> [webpack.Progress] 53% building 362/378 modules 16 active /data/5e-admin/node_modules/core-js/modules/es.function.name.js
<s> [webpack.Progress] 53% building 362/379 modules 17 active /data/5e-admin/node_modules/core-js/internals/string-repeat.js
<s> [webpack.Progress] 53% building 363/379 modules 16 active /data/5e-admin/node_modules/core-js/internals/string-repeat.js
<s> [webpack.Progress] 53% building 363/380 modules 17 active /data/5e-admin/node_modules/element-ui/lib/utils/popper.js
<s> [webpack.Progress] 53% building 363/381 modules 18 active /data/5e-admin/src/store/modules sync /\.js$/
<s> [webpack.Progress] 53% building 364/381 modules 17 active /data/5e-admin/src/store/modules sync /\.js$/
<s> [webpack.Progress] 53% building 365/381 modules 16 active /data/5e-admin/src/store/modules sync /\.js$/
<s> [webpack.Progress] 53% building 366/381 modules 15 active /data/5e-admin/src/store/modules sync /\.js$/
<s> [webpack.Progress] 53% building 366/382 modules 16 active /data/5e-admin/node_modules/core-js/modules/es.number.to-fixed.js
<s> [webpack.Progress] 53% building 366/383 modules 17 active /data/5e-admin/node_modules/core-js/modules/esnext.iterator.reduce.js
<s> [webpack.Progress] 53% building 366/384 modules 18 active /data/5e-admin/node_modules/element-ui/lib/utils/resize-event.js
<s> [webpack.Progress] 54% building 367/384 modules 17 active /data/5e-admin/node_modules/element-ui/lib/utils/resize-event.js
<s> [webpack.Progress] 54% building 368/384 modules 16 active /data/5e-admin/node_modules/element-ui/lib/utils/resize-event.js
<s> [webpack.Progress] 54% building 369/384 modules 15 active /data/5e-admin/node_modules/element-ui/lib/utils/resize-event.js
<s> [webpack.Progress] 54% building 370/384 modules 14 active /data/5e-admin/node_modules/element-ui/lib/utils/resize-event.js
<s> [webpack.Progress] 54% building 370/385 modules 15 active /data/5e-admin/node_modules/babel-runtime/helpers/typeof.js
<s> [webpack.Progress] 54% building 371/385 modules 14 active /data/5e-admin/node_modules/babel-runtime/helpers/typeof.js
<s> [webpack.Progress] 54% building 372/385 modules 13 active /data/5e-admin/node_modules/babel-runtime/helpers/typeof.js
<s> [webpack.Progress] 54% building 373/385 modules 12 active /data/5e-admin/node_modules/babel-runtime/helpers/typeof.js
<s> [webpack.Progress] 54% building 374/385 modules 11 active /data/5e-admin/node_modules/babel-runtime/helpers/typeof.js
<s> [webpack.Progress] 54% building 375/385 modules 10 active /data/5e-admin/node_modules/babel-runtime/helpers/typeof.js
<s> [webpack.Progress] 55% building 376/385 modules 9 active /data/5e-admin/node_modules/babel-runtime/helpers/typeof.js
<s> [webpack.Progress] 55% building 376/386 modules 10 active /data/5e-admin/node_modules/normalize-wheel/src/ExecutionEnvironment.js
<s> [webpack.Progress] 55% building 376/387 modules 11 active /data/5e-admin/node_modules/cache-loader/dist/cjs.js??ref--12-0!/data/5e-admin/node_modules/babel-loader/lib/index.js!/data/5e-admin/node_modules/eslint-loader/index.js??ref--13-0!/data/5e-admin/src/store/modules/app.js
<s> [webpack.Progress] 55% building 376/388 modules 12 active /data/5e-admin/node_modules/cache-loader/dist/cjs.js??ref--12-0!/data/5e-admin/node_modules/babel-loader/lib/index.js!/data/5e-admin/node_modules/eslint-loader/index.js??ref--13-0!/data/5e-admin/src/store/modules/errorLog.js
<s> [webpack.Progress] 55% building 376/389 modules 13 active /data/5e-admin/node_modules/cache-loader/dist/cjs.js??ref--12-0!/data/5e-admin/node_modules/babel-loader/lib/index.js!/data/5e-admin/node_modules/eslint-loader/index.js??ref--13-0!/data/5e-admin/src/store/modules/file.js
<s> [webpack.Progress] 55% building 376/390 modules 14 active /data/5e-admin/node_modules/cache-loader/dist/cjs.js??ref--12-0!/data/5e-admin/node_modules/babel-loader/lib/index.js!/data/5e-admin/node_modules/eslint-loader/index.js??ref--13-0!/data/5e-admin/src/store/modules/permission.js
<s> [webpack.Progress] 55% building 376/391 modules 15 active /data/5e-admin/node_modules/cache-loader/dist/cjs.js??ref--12-0!/data/5e-admin/node_modules/babel-loader/lib/index.js!/data/5e-admin/node_modules/eslint-loader/index.js??ref--13-0!/data/5e-admin/src/store/modules/settings.js
<s> [webpack.Progress] 55% building 376/392 modules 16 active /data/5e-admin/node_modules/cache-loader/dist/cjs.js??ref--12-0!/data/5e-admin/node_modules/babel-loader/lib/index.js!/data/5e-admin/node_modules/eslint-loader/index.js??ref--13-0!/data/5e-admin/src/store/modules/tagsView.js
<s> [webpack.Progress] 55% building 376/393 modules 17 active /data/5e-admin/node_modules/cache-loader/dist/cjs.js??ref--12-0!/data/5e-admin/node_modules/babel-loader/lib/index.js!/data/5e-admin/node_modules/eslint-loader/index.js??ref--13-0!/data/5e-admin/src/store/modules/user.js
<s> [webpack.Progress] 55% building 376/394 modules 18 active /data/5e-admin/node_modules/async-validator/es/validator/string.js
<s> [webpack.Progress] 55% building 376/395 modules 19 active /data/5e-admin/node_modules/async-validator/es/validator/type.js
<s> [webpack.Progress] 55% building 376/396 modules 20 active /data/5e-admin/node_modules/async-validator/es/validator/required.js
<s> [webpack.Progress] 55% building 376/397 modules 21 active /data/5e-admin/node_modules/async-validator/es/validator/date.js
<s> [webpack.Progress] 55% building 376/398 modules 22 active /data/5e-admin/node_modules/async-validator/es/validator/pattern.js
<s> [webpack.Progress] 55% building 376/399 modules 23 active /data/5e-admin/node_modules/async-validator/es/validator/enum.js
<s> [webpack.Progress] 55% building 376/400 modules 24 active /data/5e-admin/node_modules/async-validator/es/validator/object.js
<s> [webpack.Progress] 55% building 376/401 modules 25 active /data/5e-admin/node_modules/async-validator/es/validator/array.js
<s> [webpack.Progress] 55% building 376/402 modules 26 active /data/5e-admin/node_modules/async-validator/es/validator/float.js
<s> [webpack.Progress] 55% building 376/403 modules 27 active /data/5e-admin/node_modules/async-validator/es/validator/integer.js
<s> [webpack.Progress] 55% building 376/404 modules 28 active /data/5e-admin/node_modules/async-validator/es/validator/regexp.js
<s> [webpack.Progress] 55% building 376/405 modules 29 active /data/5e-admin/node_modules/async-validator/es/validator/boolean.js
<s> [webpack.Progress] 55% building 376/406 modules 30 active /data/5e-admin/node_modules/async-validator/es/validator/number.js
<s> [webpack.Progress] 55% building 376/407 modules 31 active /data/5e-admin/node_modules/async-validator/es/validator/method.js
<s> [webpack.Progress] 55% building 376/408 modules 32 active /data/5e-admin/node_modules/cache-loader/dist/cjs.js??ref--12-0!/data/5e-admin/node_modules/babel-loader/lib/index.js!/data/5e-admin/node_modules/eslint-loader/index.js??ref--13-0!/data/5e-admin/src/store/getters.js
<s> [webpack.Progress] 55% building 377/408 modules 31 active /data/5e-admin/node_modules/cache-loader/dist/cjs.js??ref--12-0!/data/5e-admin/node_modules/babel-loader/lib/index.js!/data/5e-admin/node_modules/eslint-loader/index.js??ref--13-0!/data/5e-admin/src/store/getters.js
<s> [webpack.Progress] 55% building 378/408 modules 30 active /data/5e-admin/node_modules/cache-loader/dist/cjs.js??ref--12-0!/data/5e-admin/node_modules/babel-loader/lib/index.js!/data/5e-admin/node_modules/eslint-loader/index.js??ref--13-0!/data/5e-admin/src/store/getters.js
<s> [webpack.Progress] 55% building 378/409 modules 31 active /data/5e-admin/node_modules/core-js/internals/is-array-iterator-method.js
<s> [webpack.Progress] 55% building 378/410 modules 32 active /data/5e-admin/node_modules/element-ui/lib/locale/format.js
<s> [webpack.Progress] 55% building 379/410 modules 31 active /data/5e-admin/node_modules/element-ui/lib/locale/format.js
<s> [webpack.Progress] 55% building 379/411 modules 32 active /data/5e-admin/node_modules/cache-loader/dist/cjs.js??ref--12-0!/data/5e-admin/node_modules/babel-loader/lib/index.js!/data/5e-admin/node_modules/eslint-loader/index.js??ref--13-0!/data/5e-admin/src/router/modules/table.js
<s> [webpack.Progress] 55% building 379/412 modules 33 active /data/5e-admin/node_modules/element-ui/lib/mixins/migrating.js
<s> [webpack.Progress] 55% building 379/413 modules 34 active /data/5e-admin/node_modules/element-ui/lib/utils/types.js
<s> [webpack.Progress] 55% building 380/413 modules 33 active /data/5e-admin/node_modules/element-ui/lib/utils/types.js
<s> [webpack.Progress] 55% building 380/414 modules 34 active /data/5e-admin/node_modules/cache-loader/dist/cjs.js??ref--0-0!/data/5e-admin/node_modules/vue-loader/lib/index.js??vue-loader-options!/data/5e-admin/node_modules/eslint-loader/index.js??ref--13-0!/data/5e-admin/src/views/profile/components/UserCard.vue
<s> [webpack.Progress] 55% building 380/415 modules 35 active /data/5e-admin/node_modules/element-ui/lib/utils/merge.js
<s> [webpack.Progress] 55% building 381/415 modules 34 active /data/5e-admin/node_modules/element-ui/lib/utils/merge.js
<s> [webpack.Progress] 55% building 382/415 modules 33 active /data/5e-admin/node_modules/element-ui/lib/utils/merge.js
<s> [webpack.Progress] 55% building 383/415 modules 32 active /data/5e-admin/node_modules/element-ui/lib/utils/merge.js
<s> [webpack.Progress] 56% building 384/415 modules 31 active /data/5e-admin/node_modules/element-ui/lib/utils/merge.js
<s> [webpack.Progress] 56% building 385/415 modules 30 active /data/5e-admin/node_modules/element-ui/lib/utils/merge.js
<s> [webpack.Progress] 56% building 386/415 modules 29 active /data/5e-admin/node_modules/element-ui/lib/utils/merge.js
<s> [webpack.Progress] 56% building 387/415 modules 28 active /data/5e-admin/node_modules/element-ui/lib/utils/merge.js
<s> [webpack.Progress] 56% building 388/415 modules 27 active /data/5e-admin/node_modules/element-ui/lib/utils/merge.js
<s> [webpack.Progress] 56% building 389/415 modules 26 active /data/5e-admin/node_modules/element-ui/lib/utils/merge.js
<s> [webpack.Progress] 56% building 390/415 modules 25 active /data/5e-admin/node_modules/element-ui/lib/utils/merge.js
<s> [webpack.Progress] 56% building 391/415 modules 24 active /data/5e-admin/node_modules/element-ui/lib/utils/merge.js
<s> [webpack.Progress] 57% building 392/415 modules 23 active /data/5e-admin/node_modules/element-ui/lib/utils/merge.js
<s> [webpack.Progress] 57% building 393/415 modules 22 active /data/5e-admin/node_modules/element-ui/lib/utils/merge.js
<s> [webpack.Progress] 57% building 394/415 modules 21 active /data/5e-admin/node_modules/element-ui/lib/utils/merge.js
<s> [webpack.Progress] 57% building 395/415 modules 20 active /data/5e-admin/node_modules/element-ui/lib/utils/merge.js
<s> [webpack.Progress] 57% building 396/415 modules 19 active /data/5e-admin/node_modules/element-ui/lib/utils/merge.js
<s> [webpack.Progress] 57% building 397/415 modules 18 active /data/5e-admin/node_modules/element-ui/lib/utils/merge.js
<s> [webpack.Progress] 57% building 398/415 modules 17 active /data/5e-admin/node_modules/element-ui/lib/utils/merge.js
<s> [webpack.Progress] 57% building 399/415 modules 16 active /data/5e-admin/node_modules/element-ui/lib/utils/merge.js
<s> [webpack.Progress] 57% building 400/415 modules 15 active /data/5e-admin/node_modules/element-ui/lib/utils/merge.js
<s> [webpack.Progress] 58% building 401/415 modules 14 active /data/5e-admin/node_modules/element-ui/lib/utils/merge.js
<s> [webpack.Progress] 58% building 402/415 modules 13 active /data/5e-admin/node_modules/element-ui/lib/utils/merge.js
<s> [webpack.Progress] 58% building 403/415 modules 12 active /data/5e-admin/node_modules/element-ui/lib/utils/merge.js
<s> [webpack.Progress] 58% building 403/416 modules 13 active /data/5e-admin/node_modules/cache-loader/dist/cjs.js??ref--0-0!/data/5e-admin/node_modules/vue-loader/lib/index.js??vue-loader-options!/data/5e-admin/node_modules/eslint-loader/index.js??ref--13-0!/data/5e-admin/src/views/error-page/404.vue
<s> [webpack.Progress] 58% building 404/416 modules 12 active /data/5e-admin/node_modules/cache-loader/dist/cjs.js??ref--0-0!/data/5e-admin/node_modules/vue-loader/lib/index.js??vue-loader-options!/data/5e-admin/node_modules/eslint-loader/index.js??ref--13-0!/data/5e-admin/src/views/error-page/404.vue
<s> [webpack.Progress] 58% building 405/416 modules 11 active /data/5e-admin/node_modules/cache-loader/dist/cjs.js??ref--0-0!/data/5e-admin/node_modules/vue-loader/lib/index.js??vue-loader-options!/data/5e-admin/node_modules/eslint-loader/index.js??ref--13-0!/data/5e-admin/src/views/error-page/404.vue
<s> [webpack.Progress] 58% building 405/417 modules 12 active /data/5e-admin/node_modules/side-channel/index.js
<s> [webpack.Progress] 58% building 405/418 modules 13 active /data/5e-admin/node_modules/core-js/internals/array-from.js
<s> [webpack.Progress] 58% building 406/418 modules 12 active /data/5e-admin/node_modules/core-js/internals/array-from.js
<s> [webpack.Progress] 58% building 406/419 modules 13 active /data/5e-admin/node_modules/core-js/modules/es.array.splice.js
<s> [webpack.Progress] 58% building 406/420 modules 14 active /data/5e-admin/node_modules/cache-loader/dist/cjs.js??ref--12-0!/data/5e-admin/node_modules/babel-loader/lib/index.js!/data/5e-admin/node_modules/@babel/runtime/helpers/esm/toConsumableArray.js
<s> [webpack.Progress] 58% building 406/421 modules 15 active /data/5e-admin/node_modules/cache-loader/dist/cjs.js??ref--12-0!/data/5e-admin/node_modules/babel-loader/lib/index.js!/data/5e-admin/node_modules/@babel/runtime/helpers/esm/slicedToArray.js
<s> [webpack.Progress] 58% building 406/422 modules 16 active /data/5e-admin/node_modules/cache-loader/dist/cjs.js??ref--12-0!/data/5e-admin/node_modules/babel-loader/lib/index.js!/data/5e-admin/node_modules/@babel/runtime/helpers/esm/createForOfIteratorHelper.js
<s> [webpack.Progress] 58% building 406/423 modules 17 active /data/5e-admin/node_modules/core-js/modules/esnext.iterator.some.js
<s> [webpack.Progress] 58% building 406/424 modules 18 active /data/5e-admin/node_modules/core-js/modules/es.string.trim.js
<s> [webpack.Progress] 58% building 406/425 modules 19 active /data/5e-admin/node_modules/cache-loader/dist/cjs.js??ref--0-0!/data/5e-admin/node_modules/vue-loader/lib/index.js??vue-loader-options!/data/5e-admin/node_modules/eslint-loader/index.js??ref--13-0!/data/5e-admin/src/views/login/auth-redirect.vue
<s> [webpack.Progress] 58% building 406/426 modules 20 active /data/5e-admin/node_modules/cache-loader/dist/cjs.js??ref--0-0!/data/5e-admin/node_modules/vue-loader/lib/index.js??vue-loader-options!/data/5e-admin/node_modules/eslint-loader/index.js??ref--13-0!/data/5e-admin/src/views/login/index.vue
<s> [webpack.Progress] 58% building 406/427 modules 21 active /data/5e-admin/node_modules/cache-loader/dist/cjs.js??ref--0-0!/data/5e-admin/node_modules/vue-loader/lib/index.js??vue-loader-options!/data/5e-admin/node_modules/eslint-loader/index.js??ref--13-0!/data/5e-admin/src/views/redirect/index.vue
<s> [webpack.Progress] 58% building 407/427 modules 20 active /data/5e-admin/node_modules/cache-loader/dist/cjs.js??ref--0-0!/data/5e-admin/node_modules/vue-loader/lib/index.js??vue-loader-options!/data/5e-admin/node_modules/eslint-loader/index.js??ref--13-0!/data/5e-admin/src/views/redirect/index.vue
<s> [webpack.Progress] 58% building 408/427 modules 19 active /data/5e-admin/node_modules/cache-loader/dist/cjs.js??ref--0-0!/data/5e-admin/node_modules/vue-loader/lib/index.js??vue-loader-options!/data/5e-admin/node_modules/eslint-loader/index.js??ref--13-0!/data/5e-admin/src/views/redirect/index.vue
<s> [webpack.Progress] 59% building 409/427 modules 18 active /data/5e-admin/node_modules/cache-loader/dist/cjs.js??ref--0-0!/data/5e-admin/node_modules/vue-loader/lib/index.js??vue-loader-options!/data/5e-admin/node_modules/eslint-loader/index.js??ref--13-0!/data/5e-admin/src/views/redirect/index.vue
<s> [webpack.Progress] 59% building 409/428 modules 19 active /data/5e-admin/node_modules/element-ui/lib/utils/clickoutside.js
<s> [webpack.Progress] 59% building 409/429 modules 20 active /data/5e-admin/node_modules/element-ui/lib/checkbox.js
<s> [webpack.Progress] 59% building 409/430 modules 21 active /data/5e-admin/node_modules/element-ui/lib/button.js
<s> [webpack.Progress] 59% building 410/430 modules 20 active /data/5e-admin/node_modules/element-ui/lib/button.js
<s> [webpack.Progress] 59% building 410/431 modules 21 active /data/5e-admin/node_modules/babel-runtime/core-js/object/assign.js
<s> [webpack.Progress] 59% building 410/432 modules 22 active /data/5e-admin/node_modules/core-js/internals/this-number-value.js
<s> [webpack.Progress] 59% building 410/433 modules 23 active /data/5e-admin/node_modules/vue-loader/lib/loaders/pitcher.js??ref--4!/data/5e-admin/node_modules/cache-loader/dist/cjs.js??ref--0-0!/data/5e-admin/node_modules/vue-loader/lib/index.js??vue-loader-options!/data/5e-admin/node_modules/eslint-loader/index.js??ref--13-0!/data/5e-admin/src/views/profile/components/UserCard.vue?vue&type=template&id=218e8838&scoped=true
<s> [webpack.Progress] 59% building 411/433 modules 22 active /data/5e-admin/node_modules/core-js/internals/this-number-value.js
<s> [webpack.Progress] 59% building 411/434 modules 23 active /data/5e-admin/node_modules/vue-loader/lib/loaders/pitcher.js??ref--4!/data/5e-admin/node_modules/cache-loader/dist/cjs.js??ref--12-0!/data/5e-admin/node_modules/babel-loader/lib/index.js!/data/5e-admin/node_modules/cache-loader/dist/cjs.js??ref--0-0!/data/5e-admin/node_modules/vue-loader/lib/index.js??vue-loader-options!/data/5e-admin/node_modules/eslint-loader/index.js??ref--13-0!/data/5e-admin/node_modules/eslint-loader/index.js??ref--13-0!/data/5e-admin/src/views/profile/components/UserCard.vue?vue&type=script&lang=js
<s> [webpack.Progress] 59% building 412/434 modules 22 active /data/5e-admin/node_modules/core-js/internals/this-number-value.js
<s> [webpack.Progress] 59% building 412/435 modules 23 active /data/5e-admin/node_modules/vue-loader/lib/loaders/pitcher.js??ref--4!/data/5e-admin/node_modules/vue-style-loader/index.js??ref--8-oneOf-1-0!/data/5e-admin/node_modules/css-loader/dist/cjs.js??ref--8-oneOf-1-1!/data/5e-admin/node_modules/postcss-loader/src/index.js??ref--8-oneOf-1-2!/data/5e-admin/node_modules/sass-loader/dist/cjs.js??ref--8-oneOf-1-3!/data/5e-admin/node_modules/cache-loader/dist/cjs.js??ref--0-0!/data/5e-admin/node_modules/vue-loader/lib/index.js??vue-loader-options!/data/5e-admin/node_modules/eslint-loader/index.js??ref--13-0!/data/5e-admin/src/views/profile/components/UserCard.vue?vue&type=style&index=0&id=218e8838&lang=scss&scoped=true
<s> [webpack.Progress] 59% building 413/435 modules 22 active /data/5e-admin/node_modules/core-js/internals/this-number-value.js
<s> [webpack.Progress] 59% building 413/436 modules 23 active /data/5e-admin/node_modules/cache-loader/dist/cjs.js??ref--12-0!/data/5e-admin/node_modules/babel-loader/lib/index.js!/data/5e-admin/node_modules/cache-loader/dist/cjs.js??ref--0-0!/data/5e-admin/node_modules/vue-loader/lib/index.js??vue-loader-options!/data/5e-admin/src/views/profile/components/UserCard.vue?vue&type=script&lang=js
<s> [webpack.Progress] 59% building 413/437 modules 24 active /data/5e-admin/node_modules/cache-loader/dist/cjs.js?{"cacheDirectory":"node_modules/.cache/vue-loader","cacheIdentifier":"f79bae76-vue-loader-template"}!/data/5e-admin/node_modules/vue-loader/lib/loaders/templateLoader.js??vue-loader-options!/data/5e-admin/node_modules/cache-loader/dist/cjs.js??ref--0-0!/data/5e-admin/node_modules/vue-loader/lib/index.js??vue-loader-options!/data/5e-admin/src/views/profile/components/UserCard.vue?vue&type=template&id=218e8838&scoped=true
<s> [webpack.Progress] 59% building 413/438 modules 25 active /data/5e-admin/node_modules/vue-style-loader/index.js??ref--8-oneOf-1-0!/data/5e-admin/node_modules/css-loader/dist/cjs.js??ref--8-oneOf-1-1!/data/5e-admin/node_modules/vue-loader/lib/loaders/stylePostLoader.js!/data/5e-admin/node_modules/postcss-loader/src/index.js??ref--8-oneOf-1-2!/data/5e-admin/node_modules/sass-loader/dist/cjs.js??ref--8-oneOf-1-3!/data/5e-admin/node_modules/cache-loader/dist/cjs.js??ref--0-0!/data/5e-admin/node_modules/vue-loader/lib/index.js??vue-loader-options!/data/5e-admin/src/views/profile/components/UserCard.vue?vue&type=style&index=0&id=218e8838&lang=scss&scoped=true
<s> [webpack.Progress] 59% building 414/438 modules 24 active /data/5e-admin/node_modules/cache-loader/dist/cjs.js?{"cacheDirectory":"node_modules/.cache/vue-loader","cacheIdentifier":"f79bae76-vue-loader-template"}!/data/5e-admin/node_modules/vue-loader/lib/loaders/templateLoader.js??vue-loader-options!/data/5e-admin/node_modules/cache-loader/dist/cjs.js??ref--0-0!/data/5e-admin/node_modules/vue-loader/lib/index.js??vue-loader-options!/data/5e-admin/src/views/profile/components/UserCard.vue?vue&type=template&id=218e8838&scoped=true
<s> [webpack.Progress] 59% building 414/439 modules 25 active /data/5e-admin/node_modules/css-loader/dist/cjs.js??ref--8-oneOf-1-1!/data/5e-admin/node_modules/vue-loader/lib/loaders/stylePostLoader.js!/data/5e-admin/node_modules/postcss-loader/src/index.js??ref--8-oneOf-1-2!/data/5e-admin/node_modules/sass-loader/dist/cjs.js??ref--8-oneOf-1-3!/data/5e-admin/node_modules/cache-loader/dist/cjs.js??ref--0-0!/data/5e-admin/node_modules/vue-loader/lib/index.js??vue-loader-options!/data/5e-admin/src/views/profile/components/UserCard.vue?vue&type=style&index=0&id=218e8838&lang=scss&scoped=true
<s> [webpack.Progress] 59% building 415/439 modules 24 active /data/5e-admin/node_modules/css-loader/dist/cjs.js??ref--8-oneOf-1-1!/data/5e-admin/node_modules/vue-loader/lib/loaders/stylePostLoader.js!/data/5e-admin/node_modules/postcss-loader/src/index.js??ref--8-oneOf-1-2!/data/5e-admin/node_modules/sass-loader/dist/cjs.js??ref--8-oneOf-1-3!/data/5e-admin/node_modules/cache-loader/dist/cjs.js??ref--0-0!/data/5e-admin/node_modules/vue-loader/lib/index.js??vue-loader-options!/data/5e-admin/src/views/profile/components/UserCard.vue?vue&type=style&index=0&id=218e8838&lang=scss&scoped=true
<s> [webpack.Progress] 59% building 416/439 modules 23 active /data/5e-admin/node_modules/css-loader/dist/cjs.js??ref--8-oneOf-1-1!/data/5e-admin/node_modules/vue-loader/lib/loaders/stylePostLoader.js!/data/5e-admin/node_modules/postcss-loader/src/index.js??ref--8-oneOf-1-2!/data/5e-admin/node_modules/sass-loader/dist/cjs.js??ref--8-oneOf-1-3!/data/5e-admin/node_modules/cache-loader/dist/cjs.js??ref--0-0!/data/5e-admin/node_modules/vue-loader/lib/index.js??vue-loader-options!/data/5e-admin/src/views/profile/components/UserCard.vue?vue&type=style&index=0&id=218e8838&lang=scss&scoped=true
<s> [webpack.Progress] 59% building 416/440 modules 24 active /data/5e-admin/node_modules/vue-loader/lib/loaders/pitcher.js??ref--4!/data/5e-admin/node_modules/cache-loader/dist/cjs.js??ref--0-0!/data/5e-admin/node_modules/vue-loader/lib/index.js??vue-loader-options!/data/5e-admin/node_modules/eslint-loader/index.js??ref--13-0!/data/5e-admin/src/views/error-page/404.vue?vue&type=template&id=cb6dfc12&scoped=true
<s> [webpack.Progress] 60% building 417/440 modules 23 active /data/5e-admin/node_modules/css-loader/dist/cjs.js??ref--8-oneOf-1-1!/data/5e-admin/node_modules/vue-loader/lib/loaders/stylePostLoader.js!/data/5e-admin/node_modules/postcss-loader/src/index.js??ref--8-oneOf-1-2!/data/5e-admin/node_modules/sass-loader/dist/cjs.js??ref--8-oneOf-1-3!/data/5e-admin/node_modules/cache-loader/dist/cjs.js??ref--0-0!/data/5e-admin/node_modules/vue-loader/lib/index.js??vue-loader-options!/data/5e-admin/src/views/profile/components/UserCard.vue?vue&type=style&index=0&id=218e8838&lang=scss&scoped=true
<s> [webpack.Progress] 60% building 417/441 modules 24 active /data/5e-admin/node_modules/vue-loader/lib/loaders/pitcher.js??ref--4!/data/5e-admin/node_modules/cache-loader/dist/cjs.js??ref--12-0!/data/5e-admin/node_modules/babel-loader/lib/index.js!/data/5e-admin/node_modules/cache-loader/dist/cjs.js??ref--0-0!/data/5e-admin/node_modules/vue-loader/lib/index.js??vue-loader-options!/data/5e-admin/node_modules/eslint-loader/index.js??ref--13-0!/data/5e-admin/node_modules/eslint-loader/index.js??ref--13-0!/data/5e-admin/src/views/error-page/404.vue?vue&type=script&lang=js
<s> [webpack.Progress] 60% building 418/441 modules 23 active /data/5e-admin/node_modules/css-loader/dist/cjs.js??ref--8-oneOf-1-1!/data/5e-admin/node_modules/vue-loader/lib/loaders/stylePostLoader.js!/data/5e-admin/node_modules/postcss-loader/src/index.js??ref--8-oneOf-1-2!/data/5e-admin/node_modules/sass-loader/dist/cjs.js??ref--8-oneOf-1-3!/data/5e-admin/node_modules/cache-loader/dist/cjs.js??ref--0-0!/data/5e-admin/node_modules/vue-loader/lib/index.js??vue-loader-options!/data/5e-admin/src/views/profile/components/UserCard.vue?vue&type=style&index=0&id=218e8838&lang=scss&scoped=true
<s> [webpack.Progress] 60% building 418/442 modules 24 active /data/5e-admin/node_modules/vue-loader/lib/loaders/pitcher.js??ref--4!/data/5e-admin/node_modules/vue-style-loader/index.js??ref--8-oneOf-1-0!/data/5e-admin/node_modules/css-loader/dist/cjs.js??ref--8-oneOf-1-1!/data/5e-admin/node_modules/postcss-loader/src/index.js??ref--8-oneOf-1-2!/data/5e-admin/node_modules/sass-loader/dist/cjs.js??ref--8-oneOf-1-3!/data/5e-admin/node_modules/cache-loader/dist/cjs.js??ref--0-0!/data/5e-admin/node_modules/vue-loader/lib/index.js??vue-loader-options!/data/5e-admin/node_modules/eslint-loader/index.js??ref--13-0!/data/5e-admin/src/views/error-page/404.vue?vue&type=style&index=0&id=cb6dfc12&lang=scss&scoped=true
<s> [webpack.Progress] 60% building 419/442 modules 23 active /data/5e-admin/node_modules/css-loader/dist/cjs.js??ref--8-oneOf-1-1!/data/5e-admin/node_modules/vue-loader/lib/loaders/stylePostLoader.js!/data/5e-admin/node_modules/postcss-loader/src/index.js??ref--8-oneOf-1-2!/data/5e-admin/node_modules/sass-loader/dist/cjs.js??ref--8-oneOf-1-3!/data/5e-admin/node_modules/cache-loader/dist/cjs.js??ref--0-0!/data/5e-admin/node_modules/vue-loader/lib/index.js??vue-loader-options!/data/5e-admin/src/views/profile/components/UserCard.vue?vue&type=style&index=0&id=218e8838&lang=scss&scoped=true
<s> [webpack.Progress] 60% building 419/443 modules 24 active /data/5e-admin/node_modules/cache-loader/dist/cjs.js??ref--12-0!/data/5e-admin/node_modules/babel-loader/lib/index.js!/data/5e-admin/node_modules/cache-loader/dist/cjs.js??ref--0-0!/data/5e-admin/node_modules/vue-loader/lib/index.js??vue-loader-options!/data/5e-admin/src/views/error-page/404.vue?vue&type=script&lang=js
<s> [webpack.Progress] 60% building 419/444 modules 25 active /data/5e-admin/node_modules/cache-loader/dist/cjs.js?{"cacheDirectory":"node_modules/.cache/vue-loader","cacheIdentifier":"f79bae76-vue-loader-template"}!/data/5e-admin/node_modules/vue-loader/lib/loaders/templateLoader.js??vue-loader-options!/data/5e-admin/node_modules/cache-loader/dist/cjs.js??ref--0-0!/data/5e-admin/node_modules/vue-loader/lib/index.js??vue-loader-options!/data/5e-admin/src/views/error-page/404.vue?vue&type=template&id=cb6dfc12&scoped=true
<s> [webpack.Progress] 60% building 419/445 modules 26 active /data/5e-admin/node_modules/vue-style-loader/index.js??ref--8-oneOf-1-0!/data/5e-admin/node_modules/css-loader/dist/cjs.js??ref--8-oneOf-1-1!/data/5e-admin/node_modules/vue-loader/lib/loaders/stylePostLoader.js!/data/5e-admin/node_modules/postcss-loader/src/index.js??ref--8-oneOf-1-2!/data/5e-admin/node_modules/sass-loader/dist/cjs.js??ref--8-oneOf-1-3!/data/5e-admin/node_modules/cache-loader/dist/cjs.js??ref--0-0!/data/5e-admin/node_modules/vue-loader/lib/index.js??vue-loader-options!/data/5e-admin/src/views/error-page/404.vue?vue&type=style&index=0&id=cb6dfc12&lang=scss&scoped=true
<s> [webpack.Progress] 60% building 420/445 modules 25 active /data/5e-admin/node_modules/cache-loader/dist/cjs.js?{"cacheDirectory":"node_modules/.cache/vue-loader","cacheIdentifier":"f79bae76-vue-loader-template"}!/data/5e-admin/node_modules/vue-loader/lib/loaders/templateLoader.js??vue-loader-options!/data/5e-admin/node_modules/cache-loader/dist/cjs.js??ref--0-0!/data/5e-admin/node_modules/vue-loader/lib/index.js??vue-loader-options!/data/5e-admin/src/views/error-page/404.vue?vue&type=template&id=cb6dfc12&scoped=true
<s> [webpack.Progress] 60% building 420/446 modules 26 active /data/5e-admin/node_modules/css-loader/dist/cjs.js??ref--8-oneOf-1-1!/data/5e-admin/node_modules/vue-loader/lib/loaders/stylePostLoader.js!/data/5e-admin/node_modules/postcss-loader/src/index.js??ref--8-oneOf-1-2!/data/5e-admin/node_modules/sass-loader/dist/cjs.js??ref--8-oneOf-1-3!/data/5e-admin/node_modules/cache-loader/dist/cjs.js??ref--0-0!/data/5e-admin/node_modules/vue-loader/lib/index.js??vue-loader-options!/data/5e-admin/src/views/error-page/404.vue?vue&type=style&index=0&id=cb6dfc12&lang=scss&scoped=true
<s> [webpack.Progress] 60% building 421/446 modules 25 active /data/5e-admin/node_modules/css-loader/dist/cjs.js??ref--8-oneOf-1-1!/data/5e-admin/node_modules/vue-loader/lib/loaders/stylePostLoader.js!/data/5e-admin/node_modules/postcss-loader/src/index.js??ref--8-oneOf-1-2!/data/5e-admin/node_modules/sass-loader/dist/cjs.js??ref--8-oneOf-1-3!/data/5e-admin/node_modules/cache-loader/dist/cjs.js??ref--0-0!/data/5e-admin/node_modules/vue-loader/lib/index.js??vue-loader-options!/data/5e-admin/src/views/error-page/404.vue?vue&type=style&index=0&id=cb6dfc12&lang=scss&scoped=true
<s> [webpack.Progress] 60% building 421/447 modules 26 active /data/5e-admin/node_modules/element-ui/lib/locale/lang/zh-CN.js
<s> [webpack.Progress] 60% building 421/448 modules 27 active /data/5e-admin/node_modules/babel-runtime/core-js/symbol.js
<s> [webpack.Progress] 60% building 422/448 modules 26 active /data/5e-admin/node_modules/babel-runtime/core-js/symbol.js
<s> [webpack.Progress] 60% building 423/448 modules 25 active /data/5e-admin/node_modules/babel-runtime/core-js/symbol.js
<s> [webpack.Progress] 60% building 424/448 modules 24 active /data/5e-admin/node_modules/babel-runtime/core-js/symbol.js
<s> [webpack.Progress] 61% building 425/448 modules 23 active /data/5e-admin/node_modules/babel-runtime/core-js/symbol.js
<s> [webpack.Progress] 61% building 426/448 modules 22 active /data/5e-admin/node_modules/babel-runtime/core-js/symbol.js
<s> [webpack.Progress] 61% building 427/448 modules 21 active /data/5e-admin/node_modules/babel-runtime/core-js/symbol.js
<s> [webpack.Progress] 61% building 428/448 modules 20 active /data/5e-admin/node_modules/babel-runtime/core-js/symbol.js
<s> [webpack.Progress] 61% building 429/448 modules 19 active /data/5e-admin/node_modules/babel-runtime/core-js/symbol.js
<s> [webpack.Progress] 61% building 430/448 modules 18 active /data/5e-admin/node_modules/babel-runtime/core-js/symbol.js
<s> [webpack.Progress] 61% building 431/448 modules 17 active /data/5e-admin/node_modules/babel-runtime/core-js/symbol.js
<s> [webpack.Progress] 61% building 431/449 modules 18 active /data/5e-admin/node_modules/babel-runtime/core-js/symbol/iterator.js
<s> [webpack.Progress] 61% building 432/449 modules 17 active /data/5e-admin/node_modules/babel-runtime/core-js/symbol/iterator.js
<s> [webpack.Progress] 61% building 433/449 modules 16 active /data/5e-admin/node_modules/babel-runtime/core-js/symbol/iterator.js
<s> [webpack.Progress] 62% building 434/449 modules 15 active /data/5e-admin/node_modules/babel-runtime/core-js/symbol/iterator.js
<s> [webpack.Progress] 62% building 435/449 modules 14 active /data/5e-admin/node_modules/babel-runtime/core-js/symbol/iterator.js
<s> [webpack.Progress] 62% building 435/450 modules 15 active /data/5e-admin/node_modules/element-ui/lib/utils/popup/index.js
<s> [webpack.Progress] 62% building 436/450 modules 14 active /data/5e-admin/node_modules/element-ui/lib/utils/popup/index.js
<s> [webpack.Progress] 62% building 436/451 modules 15 active /data/5e-admin/node_modules/vue-loader/lib/loaders/pitcher.js??ref--4!/data/5e-admin/node_modules/cache-loader/dist/cjs.js??ref--12-0!/data/5e-admin/node_modules/babel-loader/lib/index.js!/data/5e-admin/node_modules/cache-loader/dist/cjs.js??ref--0-0!/data/5e-admin/node_modules/vue-loader/lib/index.js??vue-loader-options!/data/5e-admin/node_modules/eslint-loader/index.js??ref--13-0!/data/5e-admin/node_modules/eslint-loader/index.js??ref--13-0!/data/5e-admin/src/views/login/auth-redirect.vue?vue&type=script&lang=js
<s> [webpack.Progress] 62% building 437/451 modules 14 active /data/5e-admin/node_modules/element-ui/lib/utils/popup/index.js
<s> [webpack.Progress] 62% building 437/452 modules 15 active /data/5e-admin/node_modules/cache-loader/dist/cjs.js??ref--12-0!/data/5e-admin/node_modules/babel-loader/lib/index.js!/data/5e-admin/node_modules/cache-loader/dist/cjs.js??ref--0-0!/data/5e-admin/node_modules/vue-loader/lib/index.js??vue-loader-options!/data/5e-admin/src/views/login/auth-redirect.vue?vue&type=script&lang=js
<s> [webpack.Progress] 62% building 437/453 modules 16 active /data/5e-admin/node_modules/vue-loader/lib/loaders/pitcher.js??ref--4!/data/5e-admin/node_modules/cache-loader/dist/cjs.js??ref--0-0!/data/5e-admin/node_modules/vue-loader/lib/index.js??vue-loader-options!/data/5e-admin/node_modules/eslint-loader/index.js??ref--13-0!/data/5e-admin/src/views/login/index.vue?vue&type=template&id=37dfd6fc&scoped=true
<s> [webpack.Progress] 62% building 438/453 modules 15 active /data/5e-admin/node_modules/cache-loader/dist/cjs.js??ref--12-0!/data/5e-admin/node_modules/babel-loader/lib/index.js!/data/5e-admin/node_modules/cache-loader/dist/cjs.js??ref--0-0!/data/5e-admin/node_modules/vue-loader/lib/index.js??vue-loader-options!/data/5e-admin/src/views/login/auth-redirect.vue?vue&type=script&lang=js
<s> [webpack.Progress] 62% building 438/454 modules 16 active /data/5e-admin/node_modules/vue-loader/lib/loaders/pitcher.js??ref--4!/data/5e-admin/node_modules/cache-loader/dist/cjs.js??ref--12-0!/data/5e-admin/node_modules/babel-loader/lib/index.js!/data/5e-admin/node_modules/cache-loader/dist/cjs.js??ref--0-0!/data/5e-admin/node_modules/vue-loader/lib/index.js??vue-loader-options!/data/5e-admin/node_modules/eslint-loader/index.js??ref--13-0!/data/5e-admin/node_modules/eslint-loader/index.js??ref--13-0!/data/5e-admin/src/views/login/index.vue?vue&type=script&lang=js
<s> [webpack.Progress] 62% building 439/454 modules 15 active /data/5e-admin/node_modules/cache-loader/dist/cjs.js??ref--12-0!/data/5e-admin/node_modules/babel-loader/lib/index.js!/data/5e-admin/node_modules/cache-loader/dist/cjs.js??ref--0-0!/data/5e-admin/node_modules/vue-loader/lib/index.js??vue-loader-options!/data/5e-admin/src/views/login/auth-redirect.vue?vue&type=script&lang=js
<s> [webpack.Progress] 62% building 439/455 modules 16 active /data/5e-admin/node_modules/vue-loader/lib/loaders/pitcher.js??ref--4!/data/5e-admin/node_modules/vue-style-loader/index.js??ref--8-oneOf-1-0!/data/5e-admin/node_modules/css-loader/dist/cjs.js??ref--8-oneOf-1-1!/data/5e-admin/node_modules/postcss-loader/src/index.js??ref--8-oneOf-1-2!/data/5e-admin/node_modules/sass-loader/dist/cjs.js??ref--8-oneOf-1-3!/data/5e-admin/node_modules/cache-loader/dist/cjs.js??ref--0-0!/data/5e-admin/node_modules/vue-loader/lib/index.js??vue-loader-options!/data/5e-admin/node_modules/eslint-loader/index.js??ref--13-0!/data/5e-admin/src/views/login/index.vue?vue&type=style&index=0&id=37dfd6fc&lang=scss
<s> [webpack.Progress] 62% building 440/455 modules 15 active /data/5e-admin/node_modules/cache-loader/dist/cjs.js??ref--12-0!/data/5e-admin/node_modules/babel-loader/lib/index.js!/data/5e-admin/node_modules/cache-loader/dist/cjs.js??ref--0-0!/data/5e-admin/node_modules/vue-loader/lib/index.js??vue-loader-options!/data/5e-admin/src/views/login/auth-redirect.vue?vue&type=script&lang=js
<s> [webpack.Progress] 62% building 440/456 modules 16 active /data/5e-admin/node_modules/vue-loader/lib/loaders/pitcher.js??ref--4!/data/5e-admin/node_modules/vue-style-loader/index.js??ref--8-oneOf-1-0!/data/5e-admin/node_modules/css-loader/dist/cjs.js??ref--8-oneOf-1-1!/data/5e-admin/node_modules/postcss-loader/src/index.js??ref--8-oneOf-1-2!/data/5e-admin/node_modules/sass-loader/dist/cjs.js??ref--8-oneOf-1-3!/data/5e-admin/node_modules/cache-loader/dist/cjs.js??ref--0-0!/data/5e-admin/node_modules/vue-loader/lib/index.js??vue-loader-options!/data/5e-admin/node_modules/eslint-loader/index.js??ref--13-0!/data/5e-admin/src/views/login/index.vue?vue&type=style&index=1&id=37dfd6fc&lang=scss&scoped=true
<s> [webpack.Progress] 62% building 441/456 modules 15 active /data/5e-admin/node_modules/cache-loader/dist/cjs.js??ref--12-0!/data/5e-admin/node_modules/babel-loader/lib/index.js!/data/5e-admin/node_modules/cache-loader/dist/cjs.js??ref--0-0!/data/5e-admin/node_modules/vue-loader/lib/index.js??vue-loader-options!/data/5e-admin/src/views/login/auth-redirect.vue?vue&type=script&lang=js
<s> [webpack.Progress] 62% building 441/457 modules 16 active /data/5e-admin/node_modules/cache-loader/dist/cjs.js??ref--12-0!/data/5e-admin/node_modules/babel-loader/lib/index.js!/data/5e-admin/node_modules/cache-loader/dist/cjs.js??ref--0-0!/data/5e-admin/node_modules/vue-loader/lib/index.js??vue-loader-options!/data/5e-admin/src/views/login/index.vue?vue&type=script&lang=js
<s> [webpack.Progress] 62% building 441/458 modules 17 active /data/5e-admin/node_modules/cache-loader/dist/cjs.js?{"cacheDirectory":"node_modules/.cache/vue-loader","cacheIdentifier":"f79bae76-vue-loader-template"}!/data/5e-admin/node_modules/vue-loader/lib/loaders/templateLoader.js??vue-loader-options!/data/5e-admin/node_modules/cache-loader/dist/cjs.js??ref--0-0!/data/5e-admin/node_modules/vue-loader/lib/index.js??vue-loader-options!/data/5e-admin/src/views/login/index.vue?vue&type=template&id=37dfd6fc&scoped=true
<s> [webpack.Progress] 62% building 441/459 modules 18 active /data/5e-admin/node_modules/vue-style-loader/index.js??ref--8-oneOf-1-0!/data/5e-admin/node_modules/css-loader/dist/cjs.js??ref--8-oneOf-1-1!/data/5e-admin/node_modules/vue-loader/lib/loaders/stylePostLoader.js!/data/5e-admin/node_modules/postcss-loader/src/index.js??ref--8-oneOf-1-2!/data/5e-admin/node_modules/sass-loader/dist/cjs.js??ref--8-oneOf-1-3!/data/5e-admin/node_modules/cache-loader/dist/cjs.js??ref--0-0!/data/5e-admin/node_modules/vue-loader/lib/index.js??vue-loader-options!/data/5e-admin/src/views/login/index.vue?vue&type=style&index=0&id=37dfd6fc&lang=scss
<s> [webpack.Progress] 63% building 442/459 modules 17 active /data/5e-admin/node_modules/cache-loader/dist/cjs.js?{"cacheDirectory":"node_modules/.cache/vue-loader","cacheIdentifier":"f79bae76-vue-loader-template"}!/data/5e-admin/node_modules/vue-loader/lib/loaders/templateLoader.js??vue-loader-options!/data/5e-admin/node_modules/cache-loader/dist/cjs.js??ref--0-0!/data/5e-admin/node_modules/vue-loader/lib/index.js??vue-loader-options!/data/5e-admin/src/views/login/index.vue?vue&type=template&id=37dfd6fc&scoped=true
<s> [webpack.Progress] 63% building 442/460 modules 18 active /data/5e-admin/node_modules/vue-style-loader/index.js??ref--8-oneOf-1-0!/data/5e-admin/node_modules/css-loader/dist/cjs.js??ref--8-oneOf-1-1!/data/5e-admin/node_modules/vue-loader/lib/loaders/stylePostLoader.js!/data/5e-admin/node_modules/postcss-loader/src/index.js??ref--8-oneOf-1-2!/data/5e-admin/node_modules/sass-loader/dist/cjs.js??ref--8-oneOf-1-3!/data/5e-admin/node_modules/cache-loader/dist/cjs.js??ref--0-0!/data/5e-admin/node_modules/vue-loader/lib/index.js??vue-loader-options!/data/5e-admin/src/views/login/index.vue?vue&type=style&index=1&id=37dfd6fc&lang=scss&scoped=true
<s> [webpack.Progress] 63% building 443/460 modules 17 active /data/5e-admin/node_modules/cache-loader/dist/cjs.js?{"cacheDirectory":"node_modules/.cache/vue-loader","cacheIdentifier":"f79bae76-vue-loader-template"}!/data/5e-admin/node_modules/vue-loader/lib/loaders/templateLoader.js??vue-loader-options!/data/5e-admin/node_modules/cache-loader/dist/cjs.js??ref--0-0!/data/5e-admin/node_modules/vue-loader/lib/index.js??vue-loader-options!/data/5e-admin/src/views/login/index.vue?vue&type=template&id=37dfd6fc&scoped=true
<s> [webpack.Progress] 63% building 443/461 modules 18 active /data/5e-admin/node_modules/css-loader/dist/cjs.js??ref--8-oneOf-1-1!/data/5e-admin/node_modules/vue-loader/lib/loaders/stylePostLoader.js!/data/5e-admin/node_modules/postcss-loader/src/index.js??ref--8-oneOf-1-2!/data/5e-admin/node_modules/sass-loader/dist/cjs.js??ref--8-oneOf-1-3!/data/5e-admin/node_modules/cache-loader/dist/cjs.js??ref--0-0!/data/5e-admin/node_modules/vue-loader/lib/index.js??vue-loader-options!/data/5e-admin/src/views/login/index.vue?vue&type=style&index=0&id=37dfd6fc&lang=scss
<s> [webpack.Progress] 63% building 443/462 modules 19 active /data/5e-admin/node_modules/css-loader/dist/cjs.js??ref--8-oneOf-1-1!/data/5e-admin/node_modules/vue-loader/lib/loaders/stylePostLoader.js!/data/5e-admin/node_modules/postcss-loader/src/index.js??ref--8-oneOf-1-2!/data/5e-admin/node_modules/sass-loader/dist/cjs.js??ref--8-oneOf-1-3!/data/5e-admin/node_modules/cache-loader/dist/cjs.js??ref--0-0!/data/5e-admin/node_modules/vue-loader/lib/index.js??vue-loader-options!/data/5e-admin/src/views/login/index.vue?vue&type=style&index=1&id=37dfd6fc&lang=scss&scoped=true
<s> [webpack.Progress] 63% building 443/463 modules 20 active /data/5e-admin/node_modules/vue-loader/lib/loaders/pitcher.js??ref--4!/data/5e-admin/node_modules/cache-loader/dist/cjs.js??ref--12-0!/data/5e-admin/node_modules/babel-loader/lib/index.js!/data/5e-admin/node_modules/cache-loader/dist/cjs.js??ref--0-0!/data/5e-admin/node_modules/vue-loader/lib/index.js??vue-loader-options!/data/5e-admin/node_modules/eslint-loader/index.js??ref--13-0!/data/5e-admin/node_modules/eslint-loader/index.js??ref--13-0!/data/5e-admin/src/views/redirect/index.vue?vue&type=script&lang=js
<s> [webpack.Progress] 63% building 444/463 modules 19 active /data/5e-admin/node_modules/css-loader/dist/cjs.js??ref--8-oneOf-1-1!/data/5e-admin/node_modules/vue-loader/lib/loaders/stylePostLoader.js!/data/5e-admin/node_modules/postcss-loader/src/index.js??ref--8-oneOf-1-2!/data/5e-admin/node_modules/sass-loader/dist/cjs.js??ref--8-oneOf-1-3!/data/5e-admin/node_modules/cache-loader/dist/cjs.js??ref--0-0!/data/5e-admin/node_modules/vue-loader/lib/index.js??vue-loader-options!/data/5e-admin/src/views/login/index.vue?vue&type=style&index=1&id=37dfd6fc&lang=scss&scoped=true
<s> [webpack.Progress] 63% building 444/464 modules 20 active /data/5e-admin/node_modules/cache-loader/dist/cjs.js??ref--12-0!/data/5e-admin/node_modules/babel-loader/lib/index.js!/data/5e-admin/node_modules/cache-loader/dist/cjs.js??ref--0-0!/data/5e-admin/node_modules/vue-loader/lib/index.js??vue-loader-options!/data/5e-admin/src/views/redirect/index.vue?vue&type=script&lang=js
<s> [webpack.Progress] 63% building 445/464 modules 19 active /data/5e-admin/node_modules/cache-loader/dist/cjs.js??ref--12-0!/data/5e-admin/node_modules/babel-loader/lib/index.js!/data/5e-admin/node_modules/cache-loader/dist/cjs.js??ref--0-0!/data/5e-admin/node_modules/vue-loader/lib/index.js??vue-loader-options!/data/5e-admin/src/views/redirect/index.vue?vue&type=script&lang=js
<s> [webpack.Progress] 63% building 446/464 modules 18 active /data/5e-admin/node_modules/cache-loader/dist/cjs.js??ref--12-0!/data/5e-admin/node_modules/babel-loader/lib/index.js!/data/5e-admin/node_modules/cache-loader/dist/cjs.js??ref--0-0!/data/5e-admin/node_modules/vue-loader/lib/index.js??vue-loader-options!/data/5e-admin/src/views/redirect/index.vue?vue&type=script&lang=js
<s> [webpack.Progress] 63% building 446/465 modules 19 active /data/5e-admin/node_modules/cache-loader/dist/cjs.js??ref--12-0!/data/5e-admin/node_modules/babel-loader/lib/index.js!/data/5e-admin/node_modules/eslint-loader/index.js??ref--13-0!/data/5e-admin/src/api/files.js
<s> [webpack.Progress] 63% building 446/466 modules 20 active /data/5e-admin/node_modules/cache-loader/dist/cjs.js??ref--12-0!/data/5e-admin/node_modules/babel-loader/lib/index.js!/data/5e-admin/node_modules/eslint-loader/index.js??ref--13-0!/data/5e-admin/src/api/user.js
<s> [webpack.Progress] 63% building 446/467 modules 21 active /data/5e-admin/node_modules/cache-loader/dist/cjs.js??ref--12-0!/data/5e-admin/node_modules/babel-loader/lib/index.js!/data/5e-admin/node_modules/@babel/runtime/helpers/esm/arrayWithoutHoles.js
<s> [webpack.Progress] 63% building 446/468 modules 22 active /data/5e-admin/node_modules/cache-loader/dist/cjs.js??ref--12-0!/data/5e-admin/node_modules/babel-loader/lib/index.js!/data/5e-admin/node_modules/@babel/runtime/helpers/esm/iterableToArray.js
<s> [webpack.Progress] 63% building 446/469 modules 23 active /data/5e-admin/node_modules/cache-loader/dist/cjs.js??ref--12-0!/data/5e-admin/node_modules/babel-loader/lib/index.js!/data/5e-admin/node_modules/@babel/runtime/helpers/esm/unsupportedIterableToArray.js
<s> [webpack.Progress] 63% building 446/470 modules 24 active /data/5e-admin/node_modules/cache-loader/dist/cjs.js??ref--12-0!/data/5e-admin/node_modules/babel-loader/lib/index.js!/data/5e-admin/node_modules/@babel/runtime/helpers/esm/nonIterableSpread.js
<s> [webpack.Progress] 63% building 446/471 modules 25 active /data/5e-admin/node_modules/cache-loader/dist/cjs.js??ref--12-0!/data/5e-admin/node_modules/babel-loader/lib/index.js!/data/5e-admin/node_modules/@babel/runtime/helpers/esm/arrayWithHoles.js
<s> [webpack.Progress] 63% building 446/472 modules 26 active /data/5e-admin/node_modules/cache-loader/dist/cjs.js??ref--12-0!/data/5e-admin/node_modules/babel-loader/lib/index.js!/data/5e-admin/node_modules/@babel/runtime/helpers/esm/iterableToArrayLimit.js
<s> [webpack.Progress] 63% building 446/473 modules 27 active /data/5e-admin/node_modules/cache-loader/dist/cjs.js??ref--12-0!/data/5e-admin/node_modules/babel-loader/lib/index.js!/data/5e-admin/node_modules/@babel/runtime/helpers/esm/nonIterableRest.js
<s> [webpack.Progress] 63% building 447/473 modules 26 active /data/5e-admin/node_modules/cache-loader/dist/cjs.js??ref--12-0!/data/5e-admin/node_modules/babel-loader/lib/index.js!/data/5e-admin/node_modules/@babel/runtime/helpers/esm/nonIterableRest.js
<s> [webpack.Progress] 63% building 448/473 modules 25 active /data/5e-admin/node_modules/cache-loader/dist/cjs.js??ref--12-0!/data/5e-admin/node_modules/babel-loader/lib/index.js!/data/5e-admin/node_modules/@babel/runtime/helpers/esm/nonIterableRest.js
<s> [webpack.Progress] 63% building 449/473 modules 24 active /data/5e-admin/node_modules/cache-loader/dist/cjs.js??ref--12-0!/data/5e-admin/node_modules/babel-loader/lib/index.js!/data/5e-admin/node_modules/@babel/runtime/helpers/esm/nonIterableRest.js
<s> [webpack.Progress] 64% building 450/473 modules 23 active /data/5e-admin/node_modules/cache-loader/dist/cjs.js??ref--12-0!/data/5e-admin/node_modules/babel-loader/lib/index.js!/data/5e-admin/node_modules/@babel/runtime/helpers/esm/nonIterableRest.js
<s> [webpack.Progress] 64% building 450/474 modules 24 active /data/5e-admin/node_modules/async-validator/es/rule/index.js
<s> [webpack.Progress] 64% building 451/474 modules 23 active /data/5e-admin/node_modules/async-validator/es/rule/index.js
<s> [webpack.Progress] 64% building 452/474 modules 22 active /data/5e-admin/node_modules/async-validator/es/rule/index.js
<s> [webpack.Progress] 64% building 453/474 modules 21 active /data/5e-admin/node_modules/async-validator/es/rule/index.js
<s> [webpack.Progress] 64% building 454/474 modules 20 active /data/5e-admin/node_modules/async-validator/es/rule/index.js
<s> [webpack.Progress] 64% building 455/474 modules 19 active /data/5e-admin/node_modules/async-validator/es/rule/index.js
<s> [webpack.Progress] 64% building 456/474 modules 18 active /data/5e-admin/node_modules/async-validator/es/rule/index.js
<s> [webpack.Progress] 64% building 456/475 modules 19 active /data/5e-admin/node_modules/vuex/dist/vuex.esm.js
<s> [webpack.Progress] 64% building 457/475 modules 18 active /data/5e-admin/node_modules/vuex/dist/vuex.esm.js
<s> [webpack.Progress] 64% building 458/475 modules 17 active /data/5e-admin/node_modules/vuex/dist/vuex.esm.js
<s> [webpack.Progress] 64% building 458/476 modules 18 active /data/5e-admin/node_modules/cache-loader/dist/cjs.js??ref--0-0!/data/5e-admin/node_modules/vue-loader/lib/index.js??vue-loader-options!/data/5e-admin/node_modules/eslint-loader/index.js??ref--13-0!/data/5e-admin/src/views/Menu.vue
<s> [webpack.Progress] 65% building 459/476 modules 17 active /data/5e-admin/node_modules/cache-loader/dist/cjs.js??ref--0-0!/data/5e-admin/node_modules/vue-loader/lib/index.js??vue-loader-options!/data/5e-admin/node_modules/eslint-loader/index.js??ref--13-0!/data/5e-admin/src/views/Menu.vue
<s> [webpack.Progress] 65% building 460/476 modules 16 active /data/5e-admin/node_modules/cache-loader/dist/cjs.js??ref--0-0!/data/5e-admin/node_modules/vue-loader/lib/index.js??vue-loader-options!/data/5e-admin/node_modules/eslint-loader/index.js??ref--13-0!/data/5e-admin/src/views/Menu.vue
<s> [webpack.Progress] 65% building 461/476 modules 15 active /data/5e-admin/node_modules/cache-loader/dist/cjs.js??ref--0-0!/data/5e-admin/node_modules/vue-loader/lib/index.js??vue-loader-options!/data/5e-admin/node_modules/eslint-loader/index.js??ref--13-0!/data/5e-admin/src/views/Menu.vue
<s> [webpack.Progress] 65% building 462/476 modules 14 active /data/5e-admin/node_modules/cache-loader/dist/cjs.js??ref--0-0!/data/5e-admin/node_modules/vue-loader/lib/index.js??vue-loader-options!/data/5e-admin/node_modules/eslint-loader/index.js??ref--13-0!/data/5e-admin/src/views/Menu.vue
<s> [webpack.Progress] 65% building 463/476 modules 13 active /data/5e-admin/node_modules/cache-loader/dist/cjs.js??ref--0-0!/data/5e-admin/node_modules/vue-loader/lib/index.js??vue-loader-options!/data/5e-admin/node_modules/eslint-loader/index.js??ref--13-0!/data/5e-admin/src/views/Menu.vue
<s> [webpack.Progress] 65% building 464/476 modules 12 active /data/5e-admin/node_modules/cache-loader/dist/cjs.js??ref--0-0!/data/5e-admin/node_modules/vue-loader/lib/index.js??vue-loader-options!/data/5e-admin/node_modules/eslint-loader/index.js??ref--13-0!/data/5e-admin/src/views/Menu.vue
<s> [webpack.Progress] 65% building 465/476 modules 11 active /data/5e-admin/node_modules/cache-loader/dist/cjs.js??ref--0-0!/data/5e-admin/node_modules/vue-loader/lib/index.js??vue-loader-options!/data/5e-admin/node_modules/eslint-loader/index.js??ref--13-0!/data/5e-admin/src/views/Menu.vue
<s> [webpack.Progress] 65% building 465/477 modules 12 active /data/5e-admin/node_modules/core-js/internals/string-trim-forced.js
<s> [webpack.Progress] 65% building 465/478 modules 13 active /data/5e-admin/node_modules/vue-router/dist/vue-router.esm.js
<s> [webpack.Progress] 65% building 466/478 modules 12 active /data/5e-admin/node_modules/vue-router/dist/vue-router.esm.js
<s> [webpack.Progress] 65% building 466/479 modules 13 active /data/5e-admin/node_modules/url-loader/dist/cjs.js??ref--1-0!/data/5e-admin/src/assets/404_images/404.png
<s> [webpack.Progress] 65% building 466/480 modules 14 active /data/5e-admin/node_modules/url-loader/dist/cjs.js??ref--1-0!/data/5e-admin/src/assets/404_images/404_cloud.png
<s> [webpack.Progress] 65% building 466/481 modules 15 active /data/5e-admin/node_modules/core-js/modules/es.string.search.js
<s> [webpack.Progress] 65% building 466/482 modules 16 active /data/5e-admin/node_modules/element-ui/node_modules/deepmerge/dist/cjs.js
<s> [webpack.Progress] 65% building 466/483 modules 17 active /data/5e-admin/node_modules/cache-loader/dist/cjs.js??ref--0-0!/data/5e-admin/node_modules/vue-loader/lib/index.js??vue-loader-options!/data/5e-admin/node_modules/eslint-loader/index.js??ref--13-0!/data/5e-admin/src/views/file/File.vue
<s> [webpack.Progress] 65% building 466/484 modules 18 active /data/5e-admin/node_modules/cache-loader/dist/cjs.js??ref--0-0!/data/5e-admin/node_modules/vue-loader/lib/index.js??vue-loader-options!/data/5e-admin/node_modules/eslint-loader/index.js??ref--13-0!/data/5e-admin/src/views/table/word-table.vue
<s> [webpack.Progress] 65% building 466/485 modules 19 active /data/5e-admin/node_modules/cache-loader/dist/cjs.js??ref--0-0!/data/5e-admin/node_modules/vue-loader/lib/index.js??vue-loader-options!/data/5e-admin/node_modules/eslint-loader/index.js??ref--13-0!/data/5e-admin/src/views/table/word.vue
<s> [webpack.Progress] 65% building 466/486 modules 20 active /data/5e-admin/node_modules/cache-loader/dist/cjs.js??ref--0-0!/data/5e-admin/node_modules/vue-loader/lib/index.js??vue-loader-options!/data/5e-admin/node_modules/eslint-loader/index.js??ref--13-0!/data/5e-admin/src/views/table/key-word-table.vue
<s> [webpack.Progress] 66% building 467/486 modules 19 active /data/5e-admin/node_modules/cache-loader/dist/cjs.js??ref--0-0!/data/5e-admin/node_modules/vue-loader/lib/index.js??vue-loader-options!/data/5e-admin/node_modules/eslint-loader/index.js??ref--13-0!/data/5e-admin/src/views/table/key-word-table.vue
<s> [webpack.Progress] 66% building 467/487 modules 20 active /data/5e-admin/node_modules/cache-loader/dist/cjs.js??ref--12-0!/data/5e-admin/node_modules/babel-loader/lib/index.js!/data/5e-admin/node_modules/@babel/runtime/helpers/esm/arrayLikeToArray.js
<s> [webpack.Progress] 66% building 467/488 modules 21 active /data/5e-admin/node_modules/cache-loader/dist/cjs.js??ref--0-0!/data/5e-admin/node_modules/vue-loader/lib/index.js??vue-loader-options!/data/5e-admin/node_modules/eslint-loader/index.js??ref--13-0!/data/5e-admin/src/layout/index.vue
<s> [webpack.Progress] 66% building 467/489 modules 22 active /data/5e-admin/node_modules/es-errors/type.js
<s> [webpack.Progress] 66% building 468/489 modules 21 active /data/5e-admin/node_modules/es-errors/type.js
<s> [webpack.Progress] 66% building 469/489 modules 20 active /data/5e-admin/node_modules/es-errors/type.js
<s> [webpack.Progress] 66% building 470/489 modules 19 active /data/5e-admin/node_modules/es-errors/type.js
<s> [webpack.Progress] 66% building 470/490 modules 20 active /data/5e-admin/node_modules/vue-loader/lib/loaders/pitcher.js??ref--4!/data/5e-admin/node_modules/cache-loader/dist/cjs.js??ref--0-0!/data/5e-admin/node_modules/vue-loader/lib/index.js??vue-loader-options!/data/5e-admin/node_modules/eslint-loader/index.js??ref--13-0!/data/5e-admin/src/views/Menu.vue?vue&type=template&id=7b8b0119&scoped=true
<s> [webpack.Progress] 66% building 471/490 modules 19 active /data/5e-admin/node_modules/es-errors/type.js
<s> [webpack.Progress] 66% building 471/491 modules 20 active /data/5e-admin/node_modules/vue-loader/lib/loaders/pitcher.js??ref--4!/data/5e-admin/node_modules/cache-loader/dist/cjs.js??ref--12-0!/data/5e-admin/node_modules/babel-loader/lib/index.js!/data/5e-admin/node_modules/cache-loader/dist/cjs.js??ref--0-0!/data/5e-admin/node_modules/vue-loader/lib/index.js??vue-loader-options!/data/5e-admin/node_modules/eslint-loader/index.js??ref--13-0!/data/5e-admin/node_modules/eslint-loader/index.js??ref--13-0!/data/5e-admin/src/views/Menu.vue?vue&type=script&lang=js
<s> [webpack.Progress] 66% building 472/491 modules 19 active /data/5e-admin/node_modules/es-errors/type.js
<s> [webpack.Progress] 66% building 472/492 modules 20 active /data/5e-admin/node_modules/vue-loader/lib/loaders/pitcher.js??ref--4!/data/5e-admin/node_modules/vue-style-loader/index.js??ref--6-oneOf-1-0!/data/5e-admin/node_modules/css-loader/dist/cjs.js??ref--6-oneOf-1-1!/data/5e-admin/node_modules/postcss-loader/src/index.js??ref--6-oneOf-1-2!/data/5e-admin/node_modules/cache-loader/dist/cjs.js??ref--0-0!/data/5e-admin/node_modules/vue-loader/lib/index.js??vue-loader-options!/data/5e-admin/node_modules/eslint-loader/index.js??ref--13-0!/data/5e-admin/src/views/Menu.vue?vue&type=style&index=0&id=7b8b0119&scoped=true&lang=css
<s> [webpack.Progress] 66% building 473/492 modules 19 active /data/5e-admin/node_modules/es-errors/type.js
<s> [webpack.Progress] 66% building 473/493 modules 20 active /data/5e-admin/node_modules/cache-loader/dist/cjs.js??ref--12-0!/data/5e-admin/node_modules/babel-loader/lib/index.js!/data/5e-admin/node_modules/cache-loader/dist/cjs.js??ref--0-0!/data/5e-admin/node_modules/vue-loader/lib/index.js??vue-loader-options!/data/5e-admin/src/views/Menu.vue?vue&type=script&lang=js
<s> [webpack.Progress] 66% building 473/494 modules 21 active /data/5e-admin/node_modules/cache-loader/dist/cjs.js?{"cacheDirectory":"node_modules/.cache/vue-loader","cacheIdentifier":"f79bae76-vue-loader-template"}!/data/5e-admin/node_modules/vue-loader/lib/loaders/templateLoader.js??vue-loader-options!/data/5e-admin/node_modules/cache-loader/dist/cjs.js??ref--0-0!/data/5e-admin/node_modules/vue-loader/lib/index.js??vue-loader-options!/data/5e-admin/src/views/Menu.vue?vue&type=template&id=7b8b0119&scoped=true
<s> [webpack.Progress] 66% building 473/495 modules 22 active /data/5e-admin/node_modules/vue-style-loader/index.js??ref--6-oneOf-1-0!/data/5e-admin/node_modules/css-loader/dist/cjs.js??ref--6-oneOf-1-1!/data/5e-admin/node_modules/vue-loader/lib/loaders/stylePostLoader.js!/data/5e-admin/node_modules/postcss-loader/src/index.js??ref--6-oneOf-1-2!/data/5e-admin/node_modules/cache-loader/dist/cjs.js??ref--0-0!/data/5e-admin/node_modules/vue-loader/lib/index.js??vue-loader-options!/data/5e-admin/src/views/Menu.vue?vue&type=style&index=0&id=7b8b0119&scoped=true&lang=css
<s> [webpack.Progress] 66% building 474/495 modules 21 active /data/5e-admin/node_modules/cache-loader/dist/cjs.js?{"cacheDirectory":"node_modules/.cache/vue-loader","cacheIdentifier":"f79bae76-vue-loader-template"}!/data/5e-admin/node_modules/vue-loader/lib/loaders/templateLoader.js??vue-loader-options!/data/5e-admin/node_modules/cache-loader/dist/cjs.js??ref--0-0!/data/5e-admin/node_modules/vue-loader/lib/index.js??vue-loader-options!/data/5e-admin/src/views/Menu.vue?vue&type=template&id=7b8b0119&scoped=true
<s> [webpack.Progress] 66% building 474/496 modules 22 active /data/5e-admin/node_modules/css-loader/dist/cjs.js??ref--6-oneOf-1-1!/data/5e-admin/node_modules/vue-loader/lib/loaders/stylePostLoader.js!/data/5e-admin/node_modules/postcss-loader/src/index.js??ref--6-oneOf-1-2!/data/5e-admin/node_modules/cache-loader/dist/cjs.js??ref--0-0!/data/5e-admin/node_modules/vue-loader/lib/index.js??vue-loader-options!/data/5e-admin/src/views/Menu.vue?vue&type=style&index=0&id=7b8b0119&scoped=true&lang=css
<s> [webpack.Progress] 67% building 475/496 modules 21 active /data/5e-admin/node_modules/css-loader/dist/cjs.js??ref--6-oneOf-1-1!/data/5e-admin/node_modules/vue-loader/lib/loaders/stylePostLoader.js!/data/5e-admin/node_modules/postcss-loader/src/index.js??ref--6-oneOf-1-2!/data/5e-admin/node_modules/cache-loader/dist/cjs.js??ref--0-0!/data/5e-admin/node_modules/vue-loader/lib/index.js??vue-loader-options!/data/5e-admin/src/views/Menu.vue?vue&type=style&index=0&id=7b8b0119&scoped=true&lang=css
<s> [webpack.Progress] 67% building 476/496 modules 20 active /data/5e-admin/node_modules/css-loader/dist/cjs.js??ref--6-oneOf-1-1!/data/5e-admin/node_modules/vue-loader/lib/loaders/stylePostLoader.js!/data/5e-admin/node_modules/postcss-loader/src/index.js??ref--6-oneOf-1-2!/data/5e-admin/node_modules/cache-loader/dist/cjs.js??ref--0-0!/data/5e-admin/node_modules/vue-loader/lib/index.js??vue-loader-options!/data/5e-admin/src/views/Menu.vue?vue&type=style&index=0&id=7b8b0119&scoped=true&lang=css
<s> [webpack.Progress] 67% building 477/496 modules 19 active /data/5e-admin/node_modules/css-loader/dist/cjs.js??ref--6-oneOf-1-1!/data/5e-admin/node_modules/vue-loader/lib/loaders/stylePostLoader.js!/data/5e-admin/node_modules/postcss-loader/src/index.js??ref--6-oneOf-1-2!/data/5e-admin/node_modules/cache-loader/dist/cjs.js??ref--0-0!/data/5e-admin/node_modules/vue-loader/lib/index.js??vue-loader-options!/data/5e-admin/src/views/Menu.vue?vue&type=style&index=0&id=7b8b0119&scoped=true&lang=css
<s> [webpack.Progress] 67% building 478/496 modules 18 active /data/5e-admin/node_modules/css-loader/dist/cjs.js??ref--6-oneOf-1-1!/data/5e-admin/node_modules/vue-loader/lib/loaders/stylePostLoader.js!/data/5e-admin/node_modules/postcss-loader/src/index.js??ref--6-oneOf-1-2!/data/5e-admin/node_modules/cache-loader/dist/cjs.js??ref--0-0!/data/5e-admin/node_modules/vue-loader/lib/index.js??vue-loader-options!/data/5e-admin/src/views/Menu.vue?vue&type=style&index=0&id=7b8b0119&scoped=true&lang=css
<s> [webpack.Progress] 67% building 479/496 modules 17 active /data/5e-admin/node_modules/css-loader/dist/cjs.js??ref--6-oneOf-1-1!/data/5e-admin/node_modules/vue-loader/lib/loaders/stylePostLoader.js!/data/5e-admin/node_modules/postcss-loader/src/index.js??ref--6-oneOf-1-2!/data/5e-admin/node_modules/cache-loader/dist/cjs.js??ref--0-0!/data/5e-admin/node_modules/vue-loader/lib/index.js??vue-loader-options!/data/5e-admin/src/views/Menu.vue?vue&type=style&index=0&id=7b8b0119&scoped=true&lang=css
<s> [webpack.Progress] 67% building 480/496 modules 16 active /data/5e-admin/node_modules/css-loader/dist/cjs.js??ref--6-oneOf-1-1!/data/5e-admin/node_modules/vue-loader/lib/loaders/stylePostLoader.js!/data/5e-admin/node_modules/postcss-loader/src/index.js??ref--6-oneOf-1-2!/data/5e-admin/node_modules/cache-loader/dist/cjs.js??ref--0-0!/data/5e-admin/node_modules/vue-loader/lib/index.js??vue-loader-options!/data/5e-admin/src/views/Menu.vue?vue&type=style&index=0&id=7b8b0119&scoped=true&lang=css
<s> [webpack.Progress] 67% building 481/496 modules 15 active /data/5e-admin/node_modules/css-loader/dist/cjs.js??ref--6-oneOf-1-1!/data/5e-admin/node_modules/vue-loader/lib/loaders/stylePostLoader.js!/data/5e-admin/node_modules/postcss-loader/src/index.js??ref--6-oneOf-1-2!/data/5e-admin/node_modules/cache-loader/dist/cjs.js??ref--0-0!/data/5e-admin/node_modules/vue-loader/lib/index.js??vue-loader-options!/data/5e-admin/src/views/Menu.vue?vue&type=style&index=0&id=7b8b0119&scoped=true&lang=css
<s> [webpack.Progress] 67% building 482/496 modules 14 active /data/5e-admin/node_modules/css-loader/dist/cjs.js??ref--6-oneOf-1-1!/data/5e-admin/node_modules/vue-loader/lib/loaders/stylePostLoader.js!/data/5e-admin/node_modules/postcss-loader/src/index.js??ref--6-oneOf-1-2!/data/5e-admin/node_modules/cache-loader/dist/cjs.js??ref--0-0!/data/5e-admin/node_modules/vue-loader/lib/index.js??vue-loader-options!/data/5e-admin/src/views/Menu.vue?vue&type=style&index=0&id=7b8b0119&scoped=true&lang=css
<s> [webpack.Progress] 67% building 482/497 modules 15 active /data/5e-admin/node_modules/cache-loader/dist/cjs.js??ref--12-0!/data/5e-admin/node_modules/babel-loader/lib/index.js!/data/5e-admin/node_modules/eslint-loader/index.js??ref--13-0!/data/5e-admin/src/utils/request.js
<s> [webpack.Progress] 67% building 482/498 modules 16 active /data/5e-admin/node_modules/vue-loader/lib/loaders/pitcher.js??ref--4!/data/5e-admin/node_modules/cache-loader/dist/cjs.js??ref--0-0!/data/5e-admin/node_modules/vue-loader/lib/index.js??vue-loader-options!/data/5e-admin/node_modules/eslint-loader/index.js??ref--13-0!/data/5e-admin/src/views/file/File.vue?vue&type=template&id=e23cabb6
<s> [webpack.Progress] 67% building 483/498 modules 15 active /data/5e-admin/node_modules/cache-loader/dist/cjs.js??ref--12-0!/data/5e-admin/node_modules/babel-loader/lib/index.js!/data/5e-admin/node_modules/eslint-loader/index.js??ref--13-0!/data/5e-admin/src/utils/request.js
<s> [webpack.Progress] 67% building 483/499 modules 16 active /data/5e-admin/node_modules/vue-loader/lib/loaders/pitcher.js??ref--4!/data/5e-admin/node_modules/cache-loader/dist/cjs.js??ref--12-0!/data/5e-admin/node_modules/babel-loader/lib/index.js!/data/5e-admin/node_modules/cache-loader/dist/cjs.js??ref--0-0!/data/5e-admin/node_modules/vue-loader/lib/index.js??vue-loader-options!/data/5e-admin/node_modules/eslint-loader/index.js??ref--13-0!/data/5e-admin/node_modules/eslint-loader/index.js??ref--13-0!/data/5e-admin/src/views/file/File.vue?vue&type=script&lang=js
<s> [webpack.Progress] 68% building 484/499 modules 15 active /data/5e-admin/node_modules/cache-loader/dist/cjs.js??ref--12-0!/data/5e-admin/node_modules/babel-loader/lib/index.js!/data/5e-admin/node_modules/eslint-loader/index.js??ref--13-0!/data/5e-admin/src/utils/request.js
<s> [webpack.Progress] 68% building 484/500 modules 16 active /data/5e-admin/node_modules/vue-loader/lib/loaders/pitcher.js??ref--4!/data/5e-admin/node_modules/vue-style-loader/index.js??ref--6-oneOf-1-0!/data/5e-admin/node_modules/css-loader/dist/cjs.js??ref--6-oneOf-1-1!/data/5e-admin/node_modules/postcss-loader/src/index.js??ref--6-oneOf-1-2!/data/5e-admin/node_modules/cache-loader/dist/cjs.js??ref--0-0!/data/5e-admin/node_modules/vue-loader/lib/index.js??vue-loader-options!/data/5e-admin/node_modules/eslint-loader/index.js??ref--13-0!/data/5e-admin/src/views/file/File.vue?vue&type=style&index=0&id=e23cabb6&lang=css
<s> [webpack.Progress] 68% building 485/500 modules 15 active /data/5e-admin/node_modules/cache-loader/dist/cjs.js??ref--12-0!/data/5e-admin/node_modules/babel-loader/lib/index.js!/data/5e-admin/node_modules/eslint-loader/index.js??ref--13-0!/data/5e-admin/src/utils/request.js
<s> [webpack.Progress] 68% building 485/501 modules 16 active /data/5e-admin/node_modules/cache-loader/dist/cjs.js??ref--12-0!/data/5e-admin/node_modules/babel-loader/lib/index.js!/data/5e-admin/node_modules/cache-loader/dist/cjs.js??ref--0-0!/data/5e-admin/node_modules/vue-loader/lib/index.js??vue-loader-options!/data/5e-admin/src/views/file/File.vue?vue&type=script&lang=js
<s> [webpack.Progress] 67% building 485/502 modules 17 active /data/5e-admin/node_modules/cache-loader/dist/cjs.js?{"cacheDirectory":"node_modules/.cache/vue-loader","cacheIdentifier":"f79bae76-vue-loader-template"}!/data/5e-admin/node_modules/vue-loader/lib/loaders/templateLoader.js??vue-loader-options!/data/5e-admin/node_modules/cache-loader/dist/cjs.js??ref--0-0!/data/5e-admin/node_modules/vue-loader/lib/index.js??vue-loader-options!/data/5e-admin/src/views/file/File.vue?vue&type=template&id=e23cabb6
<s> [webpack.Progress] 67% building 485/503 modules 18 active /data/5e-admin/node_modules/vue-style-loader/index.js??ref--6-oneOf-1-0!/data/5e-admin/node_modules/css-loader/dist/cjs.js??ref--6-oneOf-1-1!/data/5e-admin/node_modules/vue-loader/lib/loaders/stylePostLoader.js!/data/5e-admin/node_modules/postcss-loader/src/index.js??ref--6-oneOf-1-2!/data/5e-admin/node_modules/cache-loader/dist/cjs.js??ref--0-0!/data/5e-admin/node_modules/vue-loader/lib/index.js??vue-loader-options!/data/5e-admin/src/views/file/File.vue?vue&type=style&index=0&id=e23cabb6&lang=css
<s> [webpack.Progress] 67% building 486/503 modules 17 active /data/5e-admin/node_modules/cache-loader/dist/cjs.js?{"cacheDirectory":"node_modules/.cache/vue-loader","cacheIdentifier":"f79bae76-vue-loader-template"}!/data/5e-admin/node_modules/vue-loader/lib/loaders/templateLoader.js??vue-loader-options!/data/5e-admin/node_modules/cache-loader/dist/cjs.js??ref--0-0!/data/5e-admin/node_modules/vue-loader/lib/index.js??vue-loader-options!/data/5e-admin/src/views/file/File.vue?vue&type=template&id=e23cabb6
<s> [webpack.Progress] 67% building 486/504 modules 18 active /data/5e-admin/node_modules/css-loader/dist/cjs.js??ref--6-oneOf-1-1!/data/5e-admin/node_modules/vue-loader/lib/loaders/stylePostLoader.js!/data/5e-admin/node_modules/postcss-loader/src/index.js??ref--6-oneOf-1-2!/data/5e-admin/node_modules/cache-loader/dist/cjs.js??ref--0-0!/data/5e-admin/node_modules/vue-loader/lib/index.js??vue-loader-options!/data/5e-admin/src/views/file/File.vue?vue&type=style&index=0&id=e23cabb6&lang=css
<s> [webpack.Progress] 67% building 486/505 modules 19 active /data/5e-admin/node_modules/vue-loader/lib/loaders/pitcher.js??ref--4!/data/5e-admin/node_modules/cache-loader/dist/cjs.js??ref--0-0!/data/5e-admin/node_modules/vue-loader/lib/index.js??vue-loader-options!/data/5e-admin/node_modules/eslint-loader/index.js??ref--13-0!/data/5e-admin/src/views/table/word-table.vue?vue&type=template&id=07249646
<s> [webpack.Progress] 67% building 487/505 modules 18 active /data/5e-admin/node_modules/css-loader/dist/cjs.js??ref--6-oneOf-1-1!/data/5e-admin/node_modules/vue-loader/lib/loaders/stylePostLoader.js!/data/5e-admin/node_modules/postcss-loader/src/index.js??ref--6-oneOf-1-2!/data/5e-admin/node_modules/cache-loader/dist/cjs.js??ref--0-0!/data/5e-admin/node_modules/vue-loader/lib/index.js??vue-loader-options!/data/5e-admin/src/views/file/File.vue?vue&type=style&index=0&id=e23cabb6&lang=css
<s> [webpack.Progress] 67% building 487/506 modules 19 active /data/5e-admin/node_modules/vue-loader/lib/loaders/pitcher.js??ref--4!/data/5e-admin/node_modules/cache-loader/dist/cjs.js??ref--12-0!/data/5e-admin/node_modules/babel-loader/lib/index.js!/data/5e-admin/node_modules/cache-loader/dist/cjs.js??ref--0-0!/data/5e-admin/node_modules/vue-loader/lib/index.js??vue-loader-options!/data/5e-admin/node_modules/eslint-loader/index.js??ref--13-0!/data/5e-admin/node_modules/eslint-loader/index.js??ref--13-0!/data/5e-admin/src/views/table/word-table.vue?vue&type=script&lang=js
<s> [webpack.Progress] 67% building 488/506 modules 18 active /data/5e-admin/node_modules/css-loader/dist/cjs.js??ref--6-oneOf-1-1!/data/5e-admin/node_modules/vue-loader/lib/loaders/stylePostLoader.js!/data/5e-admin/node_modules/postcss-loader/src/index.js??ref--6-oneOf-1-2!/data/5e-admin/node_modules/cache-loader/dist/cjs.js??ref--0-0!/data/5e-admin/node_modules/vue-loader/lib/index.js??vue-loader-options!/data/5e-admin/src/views/file/File.vue?vue&type=style&index=0&id=e23cabb6&lang=css
<s> [webpack.Progress] 67% building 488/507 modules 19 active /data/5e-admin/node_modules/cache-loader/dist/cjs.js??ref--12-0!/data/5e-admin/node_modules/babel-loader/lib/index.js!/data/5e-admin/node_modules/cache-loader/dist/cjs.js??ref--0-0!/data/5e-admin/node_modules/vue-loader/lib/index.js??vue-loader-options!/data/5e-admin/src/views/table/word-table.vue?vue&type=script&lang=js
<s> [webpack.Progress] 67% building 488/508 modules 20 active /data/5e-admin/node_modules/cache-loader/dist/cjs.js?{"cacheDirectory":"node_modules/.cache/vue-loader","cacheIdentifier":"f79bae76-vue-loader-template"}!/data/5e-admin/node_modules/vue-loader/lib/loaders/templateLoader.js??vue-loader-options!/data/5e-admin/node_modules/cache-loader/dist/cjs.js??ref--0-0!/data/5e-admin/node_modules/vue-loader/lib/index.js??vue-loader-options!/data/5e-admin/src/views/table/word-table.vue?vue&type=template&id=07249646
<s> [webpack.Progress] 67% building 488/509 modules 21 active /data/5e-admin/node_modules/vue-loader/lib/loaders/pitcher.js??ref--4!/data/5e-admin/node_modules/cache-loader/dist/cjs.js??ref--0-0!/data/5e-admin/node_modules/vue-loader/lib/index.js??vue-loader-options!/data/5e-admin/node_modules/eslint-loader/index.js??ref--13-0!/data/5e-admin/src/views/table/key-word-table.vue?vue&type=template&id=0a5edc18
<s> [webpack.Progress] 67% building 489/509 modules 20 active /data/5e-admin/node_modules/cache-loader/dist/cjs.js?{"cacheDirectory":"node_modules/.cache/vue-loader","cacheIdentifier":"f79bae76-vue-loader-template"}!/data/5e-admin/node_modules/vue-loader/lib/loaders/templateLoader.js??vue-loader-options!/data/5e-admin/node_modules/cache-loader/dist/cjs.js??ref--0-0!/data/5e-admin/node_modules/vue-loader/lib/index.js??vue-loader-options!/data/5e-admin/src/views/table/word-table.vue?vue&type=template&id=07249646
<s> [webpack.Progress] 67% building 489/510 modules 21 active /data/5e-admin/node_modules/vue-loader/lib/loaders/pitcher.js??ref--4!/data/5e-admin/node_modules/cache-loader/dist/cjs.js??ref--12-0!/data/5e-admin/node_modules/babel-loader/lib/index.js!/data/5e-admin/node_modules/cache-loader/dist/cjs.js??ref--0-0!/data/5e-admin/node_modules/vue-loader/lib/index.js??vue-loader-options!/data/5e-admin/node_modules/eslint-loader/index.js??ref--13-0!/data/5e-admin/node_modules/eslint-loader/index.js??ref--13-0!/data/5e-admin/src/views/table/key-word-table.vue?vue&type=script&lang=js
<s> [webpack.Progress] 67% building 490/510 modules 20 active /data/5e-admin/node_modules/cache-loader/dist/cjs.js?{"cacheDirectory":"node_modules/.cache/vue-loader","cacheIdentifier":"f79bae76-vue-loader-template"}!/data/5e-admin/node_modules/vue-loader/lib/loaders/templateLoader.js??vue-loader-options!/data/5e-admin/node_modules/cache-loader/dist/cjs.js??ref--0-0!/data/5e-admin/node_modules/vue-loader/lib/index.js??vue-loader-options!/data/5e-admin/src/views/table/word-table.vue?vue&type=template&id=07249646
<s> [webpack.Progress] 67% building 490/511 modules 21 active /data/5e-admin/node_modules/cache-loader/dist/cjs.js??ref--12-0!/data/5e-admin/node_modules/babel-loader/lib/index.js!/data/5e-admin/node_modules/cache-loader/dist/cjs.js??ref--0-0!/data/5e-admin/node_modules/vue-loader/lib/index.js??vue-loader-options!/data/5e-admin/src/views/table/key-word-table.vue?vue&type=script&lang=js
<s> [webpack.Progress] 67% building 490/512 modules 22 active /data/5e-admin/node_modules/cache-loader/dist/cjs.js?{"cacheDirectory":"node_modules/.cache/vue-loader","cacheIdentifier":"f79bae76-vue-loader-template"}!/data/5e-admin/node_modules/vue-loader/lib/loaders/templateLoader.js??vue-loader-options!/data/5e-admin/node_modules/cache-loader/dist/cjs.js??ref--0-0!/data/5e-admin/node_modules/vue-loader/lib/index.js??vue-loader-options!/data/5e-admin/src/views/table/key-word-table.vue?vue&type=template&id=0a5edc18
<s> [webpack.Progress] 67% building 490/513 modules 23 active /data/5e-admin/node_modules/vue-loader/lib/loaders/pitcher.js??ref--4!/data/5e-admin/node_modules/cache-loader/dist/cjs.js??ref--0-0!/data/5e-admin/node_modules/vue-loader/lib/index.js??vue-loader-options!/data/5e-admin/node_modules/eslint-loader/index.js??ref--13-0!/data/5e-admin/src/views/table/word.vue?vue&type=template&id=d7e1b676
<s> [webpack.Progress] 67% building 491/513 modules 22 active /data/5e-admin/node_modules/cache-loader/dist/cjs.js?{"cacheDirectory":"node_modules/.cache/vue-loader","cacheIdentifier":"f79bae76-vue-loader-template"}!/data/5e-admin/node_modules/vue-loader/lib/loaders/templateLoader.js??vue-loader-options!/data/5e-admin/node_modules/cache-loader/dist/cjs.js??ref--0-0!/data/5e-admin/node_modules/vue-loader/lib/index.js??vue-loader-options!/data/5e-admin/src/views/table/key-word-table.vue?vue&type=template&id=0a5edc18
<s> [webpack.Progress] 67% building 491/514 modules 23 active /data/5e-admin/node_modules/vue-loader/lib/loaders/pitcher.js??ref--4!/data/5e-admin/node_modules/cache-loader/dist/cjs.js??ref--12-0!/data/5e-admin/node_modules/babel-loader/lib/index.js!/data/5e-admin/node_modules/cache-loader/dist/cjs.js??ref--0-0!/data/5e-admin/node_modules/vue-loader/lib/index.js??vue-loader-options!/data/5e-admin/node_modules/eslint-loader/index.js??ref--13-0!/data/5e-admin/node_modules/eslint-loader/index.js??ref--13-0!/data/5e-admin/src/views/table/word.vue?vue&type=script&lang=js
<s> [webpack.Progress] 67% building 492/514 modules 22 active /data/5e-admin/node_modules/cache-loader/dist/cjs.js?{"cacheDirectory":"node_modules/.cache/vue-loader","cacheIdentifier":"f79bae76-vue-loader-template"}!/data/5e-admin/node_modules/vue-loader/lib/loaders/templateLoader.js??vue-loader-options!/data/5e-admin/node_modules/cache-loader/dist/cjs.js??ref--0-0!/data/5e-admin/node_modules/vue-loader/lib/index.js??vue-loader-options!/data/5e-admin/src/views/table/key-word-table.vue?vue&type=template&id=0a5edc18
<s> [webpack.Progress] 67% building 492/515 modules 23 active /data/5e-admin/node_modules/cache-loader/dist/cjs.js??ref--12-0!/data/5e-admin/node_modules/babel-loader/lib/index.js!/data/5e-admin/node_modules/cache-loader/dist/cjs.js??ref--0-0!/data/5e-admin/node_modules/vue-loader/lib/index.js??vue-loader-options!/data/5e-admin/src/views/table/word.vue?vue&type=script&lang=js
<s> [webpack.Progress] 67% building 492/516 modules 24 active /data/5e-admin/node_modules/cache-loader/dist/cjs.js?{"cacheDirectory":"node_modules/.cache/vue-loader","cacheIdentifier":"f79bae76-vue-loader-template"}!/data/5e-admin/node_modules/vue-loader/lib/loaders/templateLoader.js??vue-loader-options!/data/5e-admin/node_modules/cache-loader/dist/cjs.js??ref--0-0!/data/5e-admin/node_modules/vue-loader/lib/index.js??vue-loader-options!/data/5e-admin/src/views/table/word.vue?vue&type=template&id=d7e1b676
<s> [webpack.Progress] 67% building 493/516 modules 23 active /data/5e-admin/node_modules/cache-loader/dist/cjs.js?{"cacheDirectory":"node_modules/.cache/vue-loader","cacheIdentifier":"f79bae76-vue-loader-template"}!/data/5e-admin/node_modules/vue-loader/lib/loaders/templateLoader.js??vue-loader-options!/data/5e-admin/node_modules/cache-loader/dist/cjs.js??ref--0-0!/data/5e-admin/node_modules/vue-loader/lib/index.js??vue-loader-options!/data/5e-admin/src/views/table/word.vue?vue&type=template&id=d7e1b676
<s> [webpack.Progress] 67% building 494/516 modules 22 active /data/5e-admin/node_modules/cache-loader/dist/cjs.js?{"cacheDirectory":"node_modules/.cache/vue-loader","cacheIdentifier":"f79bae76-vue-loader-template"}!/data/5e-admin/node_modules/vue-loader/lib/loaders/templateLoader.js??vue-loader-options!/data/5e-admin/node_modules/cache-loader/dist/cjs.js??ref--0-0!/data/5e-admin/node_modules/vue-loader/lib/index.js??vue-loader-options!/data/5e-admin/src/views/table/word.vue?vue&type=template&id=d7e1b676
<s> [webpack.Progress] 67% building 494/517 modules 23 active /data/5e-admin/node_modules/resize-observer-polyfill/dist/ResizeObserver.es.js
<s> [webpack.Progress] 67% building 494/518 modules 24 active /data/5e-admin/node_modules/async-validator/es/rule/required.js
<s> [webpack.Progress] 67% building 494/519 modules 25 active /data/5e-admin/node_modules/async-validator/es/rule/whitespace.js
<s> [webpack.Progress] 67% building 494/520 modules 26 active /data/5e-admin/node_modules/async-validator/es/rule/type.js
<s> [webpack.Progress] 66% building 494/521 modules 27 active /data/5e-admin/node_modules/async-validator/es/rule/range.js
<s> [webpack.Progress] 66% building 494/522 modules 28 active /data/5e-admin/node_modules/async-validator/es/rule/enum.js
<s> [webpack.Progress] 66% building 494/523 modules 29 active /data/5e-admin/node_modules/async-validator/es/rule/pattern.js
<s> [webpack.Progress] 66% building 495/523 modules 28 active /data/5e-admin/node_modules/async-validator/es/rule/pattern.js
<s> [webpack.Progress] 66% building 495/524 modules 29 active /data/5e-admin/node_modules/vue-loader/lib/loaders/pitcher.js??ref--4!/data/5e-admin/node_modules/cache-loader/dist/cjs.js??ref--0-0!/data/5e-admin/node_modules/vue-loader/lib/index.js??vue-loader-options!/data/5e-admin/node_modules/eslint-loader/index.js??ref--13-0!/data/5e-admin/src/layout/index.vue?vue&type=template&id=13877386&scoped=true
<s> [webpack.Progress] 66% building 496/524 modules 28 active /data/5e-admin/node_modules/async-validator/es/rule/pattern.js
<s> [webpack.Progress] 66% building 496/525 modules 29 active /data/5e-admin/node_modules/vue-loader/lib/loaders/pitcher.js??ref--4!/data/5e-admin/node_modules/cache-loader/dist/cjs.js??ref--12-0!/data/5e-admin/node_modules/babel-loader/lib/index.js!/data/5e-admin/node_modules/cache-loader/dist/cjs.js??ref--0-0!/data/5e-admin/node_modules/vue-loader/lib/index.js??vue-loader-options!/data/5e-admin/node_modules/eslint-loader/index.js??ref--13-0!/data/5e-admin/node_modules/eslint-loader/index.js??ref--13-0!/data/5e-admin/src/layout/index.vue?vue&type=script&lang=js
<s> [webpack.Progress] 66% building 497/525 modules 28 active /data/5e-admin/node_modules/async-validator/es/rule/pattern.js
<s> [webpack.Progress] 66% building 497/526 modules 29 active /data/5e-admin/node_modules/vue-loader/lib/loaders/pitcher.js??ref--4!/data/5e-admin/node_modules/vue-style-loader/index.js??ref--8-oneOf-1-0!/data/5e-admin/node_modules/css-loader/dist/cjs.js??ref--8-oneOf-1-1!/data/5e-admin/node_modules/postcss-loader/src/index.js??ref--8-oneOf-1-2!/data/5e-admin/node_modules/sass-loader/dist/cjs.js??ref--8-oneOf-1-3!/data/5e-admin/node_modules/cache-loader/dist/cjs.js??ref--0-0!/data/5e-admin/node_modules/vue-loader/lib/index.js??vue-loader-options!/data/5e-admin/node_modules/eslint-loader/index.js??ref--13-0!/data/5e-admin/src/layout/index.vue?vue&type=style&index=0&id=13877386&lang=scss&scoped=true
<s> [webpack.Progress] 66% building 498/526 modules 28 active /data/5e-admin/node_modules/async-validator/es/rule/pattern.js
<s> [webpack.Progress] 66% building 498/527 modules 29 active /data/5e-admin/node_modules/cache-loader/dist/cjs.js??ref--12-0!/data/5e-admin/node_modules/babel-loader/lib/index.js!/data/5e-admin/node_modules/cache-loader/dist/cjs.js??ref--0-0!/data/5e-admin/node_modules/vue-loader/lib/index.js??vue-loader-options!/data/5e-admin/src/layout/index.vue?vue&type=script&lang=js
<s> [webpack.Progress] 66% building 498/528 modules 30 active /data/5e-admin/node_modules/cache-loader/dist/cjs.js?{"cacheDirectory":"node_modules/.cache/vue-loader","cacheIdentifier":"f79bae76-vue-loader-template"}!/data/5e-admin/node_modules/vue-loader/lib/loaders/templateLoader.js??vue-loader-options!/data/5e-admin/node_modules/cache-loader/dist/cjs.js??ref--0-0!/data/5e-admin/node_modules/vue-loader/lib/index.js??vue-loader-options!/data/5e-admin/src/layout/index.vue?vue&type=template&id=13877386&scoped=true
<s> [webpack.Progress] 66% building 498/529 modules 31 active /data/5e-admin/node_modules/vue-style-loader/index.js??ref--8-oneOf-1-0!/data/5e-admin/node_modules/css-loader/dist/cjs.js??ref--8-oneOf-1-1!/data/5e-admin/node_modules/vue-loader/lib/loaders/stylePostLoader.js!/data/5e-admin/node_modules/postcss-loader/src/index.js??ref--8-oneOf-1-2!/data/5e-admin/node_modules/sass-loader/dist/cjs.js??ref--8-oneOf-1-3!/data/5e-admin/node_modules/cache-loader/dist/cjs.js??ref--0-0!/data/5e-admin/node_modules/vue-loader/lib/index.js??vue-loader-options!/data/5e-admin/src/layout/index.vue?vue&type=style&index=0&id=13877386&lang=scss&scoped=true
<s> [webpack.Progress] 66% building 499/529 modules 30 active /data/5e-admin/node_modules/cache-loader/dist/cjs.js?{"cacheDirectory":"node_modules/.cache/vue-loader","cacheIdentifier":"f79bae76-vue-loader-template"}!/data/5e-admin/node_modules/vue-loader/lib/loaders/templateLoader.js??vue-loader-options!/data/5e-admin/node_modules/cache-loader/dist/cjs.js??ref--0-0!/data/5e-admin/node_modules/vue-loader/lib/index.js??vue-loader-options!/data/5e-admin/src/layout/index.vue?vue&type=template&id=13877386&scoped=true
<s> [webpack.Progress] 66% building 499/530 modules 31 active /data/5e-admin/node_modules/css-loader/dist/cjs.js??ref--8-oneOf-1-1!/data/5e-admin/node_modules/vue-loader/lib/loaders/stylePostLoader.js!/data/5e-admin/node_modules/postcss-loader/src/index.js??ref--8-oneOf-1-2!/data/5e-admin/node_modules/sass-loader/dist/cjs.js??ref--8-oneOf-1-3!/data/5e-admin/node_modules/cache-loader/dist/cjs.js??ref--0-0!/data/5e-admin/node_modules/vue-loader/lib/index.js??vue-loader-options!/data/5e-admin/src/layout/index.vue?vue&type=style&index=0&id=13877386&lang=scss&scoped=true
<s> [webpack.Progress] 66% building 500/530 modules 30 active /data/5e-admin/node_modules/css-loader/dist/cjs.js??ref--8-oneOf-1-1!/data/5e-admin/node_modules/vue-loader/lib/loaders/stylePostLoader.js!/data/5e-admin/node_modules/postcss-loader/src/index.js??ref--8-oneOf-1-2!/data/5e-admin/node_modules/sass-loader/dist/cjs.js??ref--8-oneOf-1-3!/data/5e-admin/node_modules/cache-loader/dist/cjs.js??ref--0-0!/data/5e-admin/node_modules/vue-loader/lib/index.js??vue-loader-options!/data/5e-admin/src/layout/index.vue?vue&type=style&index=0&id=13877386&lang=scss&scoped=true
<s> [webpack.Progress] 66% building 501/530 modules 29 active /data/5e-admin/node_modules/css-loader/dist/cjs.js??ref--8-oneOf-1-1!/data/5e-admin/node_modules/vue-loader/lib/loaders/stylePostLoader.js!/data/5e-admin/node_modules/postcss-loader/src/index.js??ref--8-oneOf-1-2!/data/5e-admin/node_modules/sass-loader/dist/cjs.js??ref--8-oneOf-1-3!/data/5e-admin/node_modules/cache-loader/dist/cjs.js??ref--0-0!/data/5e-admin/node_modules/vue-loader/lib/index.js??vue-loader-options!/data/5e-admin/src/layout/index.vue?vue&type=style&index=0&id=13877386&lang=scss&scoped=true
<s> [webpack.Progress] 66% building 502/530 modules 28 active /data/5e-admin/node_modules/css-loader/dist/cjs.js??ref--8-oneOf-1-1!/data/5e-admin/node_modules/vue-loader/lib/loaders/stylePostLoader.js!/data/5e-admin/node_modules/postcss-loader/src/index.js??ref--8-oneOf-1-2!/data/5e-admin/node_modules/sass-loader/dist/cjs.js??ref--8-oneOf-1-3!/data/5e-admin/node_modules/cache-loader/dist/cjs.js??ref--0-0!/data/5e-admin/node_modules/vue-loader/lib/index.js??vue-loader-options!/data/5e-admin/src/layout/index.vue?vue&type=style&index=0&id=13877386&lang=scss&scoped=true
<s> [webpack.Progress] 66% building 503/530 modules 27 active /data/5e-admin/node_modules/css-loader/dist/cjs.js??ref--8-oneOf-1-1!/data/5e-admin/node_modules/vue-loader/lib/loaders/stylePostLoader.js!/data/5e-admin/node_modules/postcss-loader/src/index.js??ref--8-oneOf-1-2!/data/5e-admin/node_modules/sass-loader/dist/cjs.js??ref--8-oneOf-1-3!/data/5e-admin/node_modules/cache-loader/dist/cjs.js??ref--0-0!/data/5e-admin/node_modules/vue-loader/lib/index.js??vue-loader-options!/data/5e-admin/src/layout/index.vue?vue&type=style&index=0&id=13877386&lang=scss&scoped=true
<s> [webpack.Progress] 67% building 504/530 modules 26 active /data/5e-admin/node_modules/css-loader/dist/cjs.js??ref--8-oneOf-1-1!/data/5e-admin/node_modules/vue-loader/lib/loaders/stylePostLoader.js!/data/5e-admin/node_modules/postcss-loader/src/index.js??ref--8-oneOf-1-2!/data/5e-admin/node_modules/sass-loader/dist/cjs.js??ref--8-oneOf-1-3!/data/5e-admin/node_modules/cache-loader/dist/cjs.js??ref--0-0!/data/5e-admin/node_modules/vue-loader/lib/index.js??vue-loader-options!/data/5e-admin/src/layout/index.vue?vue&type=style&index=0&id=13877386&lang=scss&scoped=true
<s> [webpack.Progress] 67% building 505/530 modules 25 active /data/5e-admin/node_modules/css-loader/dist/cjs.js??ref--8-oneOf-1-1!/data/5e-admin/node_modules/vue-loader/lib/loaders/stylePostLoader.js!/data/5e-admin/node_modules/postcss-loader/src/index.js??ref--8-oneOf-1-2!/data/5e-admin/node_modules/sass-loader/dist/cjs.js??ref--8-oneOf-1-3!/data/5e-admin/node_modules/cache-loader/dist/cjs.js??ref--0-0!/data/5e-admin/node_modules/vue-loader/lib/index.js??vue-loader-options!/data/5e-admin/src/layout/index.vue?vue&type=style&index=0&id=13877386&lang=scss&scoped=true
<s> [webpack.Progress] 67% building 506/530 modules 24 active /data/5e-admin/node_modules/css-loader/dist/cjs.js??ref--8-oneOf-1-1!/data/5e-admin/node_modules/vue-loader/lib/loaders/stylePostLoader.js!/data/5e-admin/node_modules/postcss-loader/src/index.js??ref--8-oneOf-1-2!/data/5e-admin/node_modules/sass-loader/dist/cjs.js??ref--8-oneOf-1-3!/data/5e-admin/node_modules/cache-loader/dist/cjs.js??ref--0-0!/data/5e-admin/node_modules/vue-loader/lib/index.js??vue-loader-options!/data/5e-admin/src/layout/index.vue?vue&type=style&index=0&id=13877386&lang=scss&scoped=true
<s> [webpack.Progress] 67% building 507/530 modules 23 active /data/5e-admin/node_modules/css-loader/dist/cjs.js??ref--8-oneOf-1-1!/data/5e-admin/node_modules/vue-loader/lib/loaders/stylePostLoader.js!/data/5e-admin/node_modules/postcss-loader/src/index.js??ref--8-oneOf-1-2!/data/5e-admin/node_modules/sass-loader/dist/cjs.js??ref--8-oneOf-1-3!/data/5e-admin/node_modules/cache-loader/dist/cjs.js??ref--0-0!/data/5e-admin/node_modules/vue-loader/lib/index.js??vue-loader-options!/data/5e-admin/src/layout/index.vue?vue&type=style&index=0&id=13877386&lang=scss&scoped=true
<s> [webpack.Progress] 67% building 508/530 modules 22 active /data/5e-admin/node_modules/css-loader/dist/cjs.js??ref--8-oneOf-1-1!/data/5e-admin/node_modules/vue-loader/lib/loaders/stylePostLoader.js!/data/5e-admin/node_modules/postcss-loader/src/index.js??ref--8-oneOf-1-2!/data/5e-admin/node_modules/sass-loader/dist/cjs.js??ref--8-oneOf-1-3!/data/5e-admin/node_modules/cache-loader/dist/cjs.js??ref--0-0!/data/5e-admin/node_modules/vue-loader/lib/index.js??vue-loader-options!/data/5e-admin/src/layout/index.vue?vue&type=style&index=0&id=13877386&lang=scss&scoped=true
<s> [webpack.Progress] 67% building 509/530 modules 21 active /data/5e-admin/node_modules/css-loader/dist/cjs.js??ref--8-oneOf-1-1!/data/5e-admin/node_modules/vue-loader/lib/loaders/stylePostLoader.js!/data/5e-admin/node_modules/postcss-loader/src/index.js??ref--8-oneOf-1-2!/data/5e-admin/node_modules/sass-loader/dist/cjs.js??ref--8-oneOf-1-3!/data/5e-admin/node_modules/cache-loader/dist/cjs.js??ref--0-0!/data/5e-admin/node_modules/vue-loader/lib/index.js??vue-loader-options!/data/5e-admin/src/layout/index.vue?vue&type=style&index=0&id=13877386&lang=scss&scoped=true
<s> [webpack.Progress] 67% building 510/530 modules 20 active /data/5e-admin/node_modules/css-loader/dist/cjs.js??ref--8-oneOf-1-1!/data/5e-admin/node_modules/vue-loader/lib/loaders/stylePostLoader.js!/data/5e-admin/node_modules/postcss-loader/src/index.js??ref--8-oneOf-1-2!/data/5e-admin/node_modules/sass-loader/dist/cjs.js??ref--8-oneOf-1-3!/data/5e-admin/node_modules/cache-loader/dist/cjs.js??ref--0-0!/data/5e-admin/node_modules/vue-loader/lib/index.js??vue-loader-options!/data/5e-admin/src/layout/index.vue?vue&type=style&index=0&id=13877386&lang=scss&scoped=true
<s> [webpack.Progress] 67% building 510/531 modules 21 active /data/5e-admin/node_modules/cache-loader/dist/cjs.js??ref--0-0!/data/5e-admin/node_modules/vue-loader/lib/index.js??vue-loader-options!/data/5e-admin/node_modules/eslint-loader/index.js??ref--13-0!/data/5e-admin/src/views/login/components/SocialSignin.vue
<s> [webpack.Progress] 67% building 511/531 modules 20 active /data/5e-admin/node_modules/cache-loader/dist/cjs.js??ref--0-0!/data/5e-admin/node_modules/vue-loader/lib/index.js??vue-loader-options!/data/5e-admin/node_modules/eslint-loader/index.js??ref--13-0!/data/5e-admin/src/views/login/components/SocialSignin.vue
<s> [webpack.Progress] 67% building 512/531 modules 19 active /data/5e-admin/node_modules/cache-loader/dist/cjs.js??ref--0-0!/data/5e-admin/node_modules/vue-loader/lib/index.js??vue-loader-options!/data/5e-admin/node_modules/eslint-loader/index.js??ref--13-0!/data/5e-admin/src/views/login/components/SocialSignin.vue
<s> [webpack.Progress] 67% building 513/531 modules 18 active /data/5e-admin/node_modules/cache-loader/dist/cjs.js??ref--0-0!/data/5e-admin/node_modules/vue-loader/lib/index.js??vue-loader-options!/data/5e-admin/node_modules/eslint-loader/index.js??ref--13-0!/data/5e-admin/src/views/login/components/SocialSignin.vue
<s> [webpack.Progress] 68% building 514/531 modules 17 active /data/5e-admin/node_modules/cache-loader/dist/cjs.js??ref--0-0!/data/5e-admin/node_modules/vue-loader/lib/index.js??vue-loader-options!/data/5e-admin/node_modules/eslint-loader/index.js??ref--13-0!/data/5e-admin/src/views/login/components/SocialSignin.vue
<s> [webpack.Progress] 68% building 515/531 modules 16 active /data/5e-admin/node_modules/cache-loader/dist/cjs.js??ref--0-0!/data/5e-admin/node_modules/vue-loader/lib/index.js??vue-loader-options!/data/5e-admin/node_modules/eslint-loader/index.js??ref--13-0!/data/5e-admin/src/views/login/components/SocialSignin.vue
<s> [webpack.Progress] 68% building 516/531 modules 15 active /data/5e-admin/node_modules/cache-loader/dist/cjs.js??ref--0-0!/data/5e-admin/node_modules/vue-loader/lib/index.js??vue-loader-options!/data/5e-admin/node_modules/eslint-loader/index.js??ref--13-0!/data/5e-admin/src/views/login/components/SocialSignin.vue
<s> [webpack.Progress] 68% building 517/531 modules 14 active /data/5e-admin/node_modules/cache-loader/dist/cjs.js??ref--0-0!/data/5e-admin/node_modules/vue-loader/lib/index.js??vue-loader-options!/data/5e-admin/node_modules/eslint-loader/index.js??ref--13-0!/data/5e-admin/src/views/login/components/SocialSignin.vue
<s> [webpack.Progress] 68% building 517/532 modules 15 active /data/5e-admin/node_modules/core-js/internals/same-value.js
<s> [webpack.Progress] 68% building 518/532 modules 14 active /data/5e-admin/node_modules/core-js/internals/same-value.js
<s> [webpack.Progress] 68% building 519/532 modules 13 active /data/5e-admin/node_modules/core-js/internals/same-value.js
<s> [webpack.Progress] 68% building 519/533 modules 14 active /data/5e-admin/node_modules/element-ui/lib/utils/popup/popup-manager.js
<s> [webpack.Progress] 68% building 520/533 modules 13 active /data/5e-admin/node_modules/element-ui/lib/utils/popup/popup-manager.js
<s> [webpack.Progress] 68% building 520/534 modules 14 active /data/5e-admin/node_modules/object-inspect/index.js
<s> [webpack.Progress] 68% building 520/535 modules 15 active /data/5e-admin/node_modules/side-channel-list/index.js
<s> [webpack.Progress] 68% building 520/536 modules 16 active /data/5e-admin/node_modules/side-channel-map/index.js
<s> [webpack.Progress] 68% building 520/537 modules 17 active /data/5e-admin/node_modules/side-channel-weakmap/index.js
<s> [webpack.Progress] 67% building 520/538 modules 18 active /data/5e-admin/node_modules/core-js/modules/es.array.sort.js
<s> [webpack.Progress] 67% building 520/539 modules 19 active /data/5e-admin/node_modules/babel-runtime/node_modules/core-js/library/fn/object/assign.js
<s> [webpack.Progress] 67% building 520/540 modules 20 active /data/5e-admin/node_modules/babel-runtime/node_modules/core-js/library/fn/symbol/iterator.js
<s> [webpack.Progress] 67% building 521/540 modules 19 active /data/5e-admin/node_modules/babel-runtime/node_modules/core-js/library/fn/symbol/iterator.js
<s> [webpack.Progress] 68% building 522/540 modules 18 active /data/5e-admin/node_modules/babel-runtime/node_modules/core-js/library/fn/symbol/iterator.js
<s> [webpack.Progress] 67% building 522/541 modules 19 active /data/5e-admin/node_modules/vue-loader/lib/loaders/pitcher.js??ref--4!/data/5e-admin/node_modules/cache-loader/dist/cjs.js??ref--0-0!/data/5e-admin/node_modules/vue-loader/lib/index.js??vue-loader-options!/data/5e-admin/node_modules/eslint-loader/index.js??ref--13-0!/data/5e-admin/src/views/login/components/SocialSignin.vue?vue&type=template&id=2b33be98&scoped=true
<s> [webpack.Progress] 68% building 523/541 modules 18 active /data/5e-admin/node_modules/babel-runtime/node_modules/core-js/library/fn/symbol/iterator.js
<s> [webpack.Progress] 67% building 523/542 modules 19 active /data/5e-admin/node_modules/vue-loader/lib/loaders/pitcher.js??ref--4!/data/5e-admin/node_modules/cache-loader/dist/cjs.js??ref--12-0!/data/5e-admin/node_modules/babel-loader/lib/index.js!/data/5e-admin/node_modules/cache-loader/dist/cjs.js??ref--0-0!/data/5e-admin/node_modules/vue-loader/lib/index.js??vue-loader-options!/data/5e-admin/node_modules/eslint-loader/index.js??ref--13-0!/data/5e-admin/node_modules/eslint-loader/index.js??ref--13-0!/data/5e-admin/src/views/login/components/SocialSignin.vue?vue&type=script&lang=js
<s> [webpack.Progress] 68% building 524/542 modules 18 active /data/5e-admin/node_modules/babel-runtime/node_modules/core-js/library/fn/symbol/iterator.js
<s> [webpack.Progress] 67% building 524/543 modules 19 active /data/5e-admin/node_modules/vue-loader/lib/loaders/pitcher.js??ref--4!/data/5e-admin/node_modules/vue-style-loader/index.js??ref--8-oneOf-1-0!/data/5e-admin/node_modules/css-loader/dist/cjs.js??ref--8-oneOf-1-1!/data/5e-admin/node_modules/postcss-loader/src/index.js??ref--8-oneOf-1-2!/data/5e-admin/node_modules/sass-loader/dist/cjs.js??ref--8-oneOf-1-3!/data/5e-admin/node_modules/cache-loader/dist/cjs.js??ref--0-0!/data/5e-admin/node_modules/vue-loader/lib/index.js??vue-loader-options!/data/5e-admin/node_modules/eslint-loader/index.js??ref--13-0!/data/5e-admin/src/views/login/components/SocialSignin.vue?vue&type=style&index=0&id=2b33be98&lang=scss&scoped=true
<s> [webpack.Progress] 68% building 525/543 modules 18 active /data/5e-admin/node_modules/babel-runtime/node_modules/core-js/library/fn/symbol/iterator.js
<s> [webpack.Progress] 67% building 525/544 modules 19 active /data/5e-admin/node_modules/cache-loader/dist/cjs.js??ref--12-0!/data/5e-admin/node_modules/babel-loader/lib/index.js!/data/5e-admin/node_modules/cache-loader/dist/cjs.js??ref--0-0!/data/5e-admin/node_modules/vue-loader/lib/index.js??vue-loader-options!/data/5e-admin/src/views/login/components/SocialSignin.vue?vue&type=script&lang=js
<s> [webpack.Progress] 67% building 525/545 modules 20 active /data/5e-admin/node_modules/cache-loader/dist/cjs.js?{"cacheDirectory":"node_modules/.cache/vue-loader","cacheIdentifier":"f79bae76-vue-loader-template"}!/data/5e-admin/node_modules/vue-loader/lib/loaders/templateLoader.js??vue-loader-options!/data/5e-admin/node_modules/cache-loader/dist/cjs.js??ref--0-0!/data/5e-admin/node_modules/vue-loader/lib/index.js??vue-loader-options!/data/5e-admin/src/views/login/components/SocialSignin.vue?vue&type=template&id=2b33be98&scoped=true
<s> [webpack.Progress] 67% building 525/546 modules 21 active /data/5e-admin/node_modules/vue-style-loader/index.js??ref--8-oneOf-1-0!/data/5e-admin/node_modules/css-loader/dist/cjs.js??ref--8-oneOf-1-1!/data/5e-admin/node_modules/vue-loader/lib/loaders/stylePostLoader.js!/data/5e-admin/node_modules/postcss-loader/src/index.js??ref--8-oneOf-1-2!/data/5e-admin/node_modules/sass-loader/dist/cjs.js??ref--8-oneOf-1-3!/data/5e-admin/node_modules/cache-loader/dist/cjs.js??ref--0-0!/data/5e-admin/node_modules/vue-loader/lib/index.js??vue-loader-options!/data/5e-admin/src/views/login/components/SocialSignin.vue?vue&type=style&index=0&id=2b33be98&lang=scss&scoped=true
<s> [webpack.Progress] 67% building 526/546 modules 20 active /data/5e-admin/node_modules/cache-loader/dist/cjs.js?{"cacheDirectory":"node_modules/.cache/vue-loader","cacheIdentifier":"f79bae76-vue-loader-template"}!/data/5e-admin/node_modules/vue-loader/lib/loaders/templateLoader.js??vue-loader-options!/data/5e-admin/node_modules/cache-loader/dist/cjs.js??ref--0-0!/data/5e-admin/node_modules/vue-loader/lib/index.js??vue-loader-options!/data/5e-admin/src/views/login/components/SocialSignin.vue?vue&type=template&id=2b33be98&scoped=true
<s> [webpack.Progress] 67% building 526/547 modules 21 active /data/5e-admin/node_modules/css-loader/dist/cjs.js??ref--8-oneOf-1-1!/data/5e-admin/node_modules/vue-loader/lib/loaders/stylePostLoader.js!/data/5e-admin/node_modules/postcss-loader/src/index.js??ref--8-oneOf-1-2!/data/5e-admin/node_modules/sass-loader/dist/cjs.js??ref--8-oneOf-1-3!/data/5e-admin/node_modules/cache-loader/dist/cjs.js??ref--0-0!/data/5e-admin/node_modules/vue-loader/lib/index.js??vue-loader-options!/data/5e-admin/src/views/login/components/SocialSignin.vue?vue&type=style&index=0&id=2b33be98&lang=scss&scoped=true
<s> [webpack.Progress] 67% building 527/547 modules 20 active /data/5e-admin/node_modules/css-loader/dist/cjs.js??ref--8-oneOf-1-1!/data/5e-admin/node_modules/vue-loader/lib/loaders/stylePostLoader.js!/data/5e-admin/node_modules/postcss-loader/src/index.js??ref--8-oneOf-1-2!/data/5e-admin/node_modules/sass-loader/dist/cjs.js??ref--8-oneOf-1-3!/data/5e-admin/node_modules/cache-loader/dist/cjs.js??ref--0-0!/data/5e-admin/node_modules/vue-loader/lib/index.js??vue-loader-options!/data/5e-admin/src/views/login/components/SocialSignin.vue?vue&type=style&index=0&id=2b33be98&lang=scss&scoped=true
<s> [webpack.Progress] 67% building 528/547 modules 19 active /data/5e-admin/node_modules/css-loader/dist/cjs.js??ref--8-oneOf-1-1!/data/5e-admin/node_modules/vue-loader/lib/loaders/stylePostLoader.js!/data/5e-admin/node_modules/postcss-loader/src/index.js??ref--8-oneOf-1-2!/data/5e-admin/node_modules/sass-loader/dist/cjs.js??ref--8-oneOf-1-3!/data/5e-admin/node_modules/cache-loader/dist/cjs.js??ref--0-0!/data/5e-admin/node_modules/vue-loader/lib/index.js??vue-loader-options!/data/5e-admin/src/views/login/components/SocialSignin.vue?vue&type=style&index=0&id=2b33be98&lang=scss&scoped=true
<s> [webpack.Progress] 68% building 529/547 modules 18 active /data/5e-admin/node_modules/css-loader/dist/cjs.js??ref--8-oneOf-1-1!/data/5e-admin/node_modules/vue-loader/lib/loaders/stylePostLoader.js!/data/5e-admin/node_modules/postcss-loader/src/index.js??ref--8-oneOf-1-2!/data/5e-admin/node_modules/sass-loader/dist/cjs.js??ref--8-oneOf-1-3!/data/5e-admin/node_modules/cache-loader/dist/cjs.js??ref--0-0!/data/5e-admin/node_modules/vue-loader/lib/index.js??vue-loader-options!/data/5e-admin/src/views/login/components/SocialSignin.vue?vue&type=style&index=0&id=2b33be98&lang=scss&scoped=true
<s> [webpack.Progress] 68% building 530/547 modules 17 active /data/5e-admin/node_modules/css-loader/dist/cjs.js??ref--8-oneOf-1-1!/data/5e-admin/node_modules/vue-loader/lib/loaders/stylePostLoader.js!/data/5e-admin/node_modules/postcss-loader/src/index.js??ref--8-oneOf-1-2!/data/5e-admin/node_modules/sass-loader/dist/cjs.js??ref--8-oneOf-1-3!/data/5e-admin/node_modules/cache-loader/dist/cjs.js??ref--0-0!/data/5e-admin/node_modules/vue-loader/lib/index.js??vue-loader-options!/data/5e-admin/src/views/login/components/SocialSignin.vue?vue&type=style&index=0&id=2b33be98&lang=scss&scoped=true
<s> [webpack.Progress] 68% building 531/547 modules 16 active /data/5e-admin/node_modules/css-loader/dist/cjs.js??ref--8-oneOf-1-1!/data/5e-admin/node_modules/vue-loader/lib/loaders/stylePostLoader.js!/data/5e-admin/node_modules/postcss-loader/src/index.js??ref--8-oneOf-1-2!/data/5e-admin/node_modules/sass-loader/dist/cjs.js??ref--8-oneOf-1-3!/data/5e-admin/node_modules/cache-loader/dist/cjs.js??ref--0-0!/data/5e-admin/node_modules/vue-loader/lib/index.js??vue-loader-options!/data/5e-admin/src/views/login/components/SocialSignin.vue?vue&type=style&index=0&id=2b33be98&lang=scss&scoped=true
<s> [webpack.Progress] 68% building 532/547 modules 15 active /data/5e-admin/node_modules/css-loader/dist/cjs.js??ref--8-oneOf-1-1!/data/5e-admin/node_modules/vue-loader/lib/loaders/stylePostLoader.js!/data/5e-admin/node_modules/postcss-loader/src/index.js??ref--8-oneOf-1-2!/data/5e-admin/node_modules/sass-loader/dist/cjs.js??ref--8-oneOf-1-3!/data/5e-admin/node_modules/cache-loader/dist/cjs.js??ref--0-0!/data/5e-admin/node_modules/vue-loader/lib/index.js??vue-loader-options!/data/5e-admin/src/views/login/components/SocialSignin.vue?vue&type=style&index=0&id=2b33be98&lang=scss&scoped=true
<s> [webpack.Progress] 68% building 532/548 modules 16 active /data/5e-admin/node_modules/cache-loader/dist/cjs.js??ref--12-0!/data/5e-admin/node_modules/babel-loader/lib/index.js!/data/5e-admin/node_modules/eslint-loader/index.js??ref--13-0!/data/5e-admin/src/api/words.js
<s> [webpack.Progress] 68% building 532/549 modules 17 active /data/5e-admin/node_modules/cache-loader/dist/cjs.js??ref--12-0!/data/5e-admin/node_modules/babel-loader/lib/index.js!/data/5e-admin/node_modules/eslint-loader/index.js??ref--13-0!/data/5e-admin/src/api/proofread.js
<s> [webpack.Progress] 68% building 533/549 modules 16 active /data/5e-admin/node_modules/cache-loader/dist/cjs.js??ref--12-0!/data/5e-admin/node_modules/babel-loader/lib/index.js!/data/5e-admin/node_modules/eslint-loader/index.js??ref--13-0!/data/5e-admin/src/api/proofread.js
<s> [webpack.Progress] 68% building 534/549 modules 15 active /data/5e-admin/node_modules/cache-loader/dist/cjs.js??ref--12-0!/data/5e-admin/node_modules/babel-loader/lib/index.js!/data/5e-admin/node_modules/eslint-loader/index.js??ref--13-0!/data/5e-admin/src/api/proofread.js
<s> [webpack.Progress] 68% building 534/550 modules 16 active /data/5e-admin/node_modules/cache-loader/dist/cjs.js??ref--12-0!/data/5e-admin/node_modules/babel-loader/lib/index.js!/data/5e-admin/node_modules/eslint-loader/index.js??ref--13-0!/data/5e-admin/src/vendor/Export2Excel.js
<s> [webpack.Progress] 68% building 535/550 modules 15 active /data/5e-admin/node_modules/cache-loader/dist/cjs.js??ref--12-0!/data/5e-admin/node_modules/babel-loader/lib/index.js!/data/5e-admin/node_modules/eslint-loader/index.js??ref--13-0!/data/5e-admin/src/vendor/Export2Excel.js
<s> [webpack.Progress] 68% building 536/550 modules 14 active /data/5e-admin/node_modules/cache-loader/dist/cjs.js??ref--12-0!/data/5e-admin/node_modules/babel-loader/lib/index.js!/data/5e-admin/node_modules/eslint-loader/index.js??ref--13-0!/data/5e-admin/src/vendor/Export2Excel.js
<s> [webpack.Progress] 68% building 536/551 modules 15 active /data/5e-admin/node_modules/cache-loader/dist/cjs.js??ref--12-0!/data/5e-admin/node_modules/babel-loader/lib/index.js!/data/5e-admin/node_modules/eslint-loader/index.js??ref--13-0!/data/5e-admin/src/layout/mixin/ResizeHandler.js
<s> [webpack.Progress] 68% building 536/552 modules 16 active /data/5e-admin/node_modules/cache-loader/dist/cjs.js??ref--0-0!/data/5e-admin/node_modules/vue-loader/lib/index.js??vue-loader-options!/data/5e-admin/node_modules/eslint-loader/index.js??ref--13-0!/data/5e-admin/src/components/PanThumb/index.vue
<s> [webpack.Progress] 68% building 537/552 modules 15 active /data/5e-admin/node_modules/cache-loader/dist/cjs.js??ref--0-0!/data/5e-admin/node_modules/vue-loader/lib/index.js??vue-loader-options!/data/5e-admin/node_modules/eslint-loader/index.js??ref--13-0!/data/5e-admin/src/components/PanThumb/index.vue
<s> [webpack.Progress] 68% building 538/552 modules 14 active /data/5e-admin/node_modules/cache-loader/dist/cjs.js??ref--0-0!/data/5e-admin/node_modules/vue-loader/lib/index.js??vue-loader-options!/data/5e-admin/node_modules/eslint-loader/index.js??ref--13-0!/data/5e-admin/src/components/PanThumb/index.vue
<s> [webpack.Progress] 68% building 538/553 modules 15 active ignored /data/5e-admin/node_modules/object-inspect ./util.inspect
<s> [webpack.Progress] 68% building 539/553 modules 14 active /data/5e-admin/node_modules/cache-loader/dist/cjs.js??ref--0-0!/data/5e-admin/node_modules/vue-loader/lib/index.js??vue-loader-options!/data/5e-admin/node_modules/eslint-loader/index.js??ref--13-0!/data/5e-admin/src/components/PanThumb/index.vue
<s> [webpack.Progress] 68% building 540/553 modules 13 active /data/5e-admin/node_modules/cache-loader/dist/cjs.js??ref--0-0!/data/5e-admin/node_modules/vue-loader/lib/index.js??vue-loader-options!/data/5e-admin/node_modules/eslint-loader/index.js??ref--13-0!/data/5e-admin/src/components/PanThumb/index.vue
<s> [webpack.Progress] 68% building 541/553 modules 12 active /data/5e-admin/node_modules/cache-loader/dist/cjs.js??ref--0-0!/data/5e-admin/node_modules/vue-loader/lib/index.js??vue-loader-options!/data/5e-admin/node_modules/eslint-loader/index.js??ref--13-0!/data/5e-admin/src/components/PanThumb/index.vue
<s> [webpack.Progress] 68% building 541/554 modules 13 active /data/5e-admin/node_modules/babel-runtime/node_modules/core-js/library/fn/symbol/index.js
<s> [webpack.Progress] 68% building 542/554 modules 12 active /data/5e-admin/node_modules/babel-runtime/node_modules/core-js/library/fn/symbol/index.js
<s> [webpack.Progress] 68% building 543/554 modules 11 active /data/5e-admin/node_modules/babel-runtime/node_modules/core-js/library/fn/symbol/index.js
<s> [webpack.Progress] 68% building 543/555 modules 12 active /data/5e-admin/node_modules/vue-loader/lib/loaders/pitcher.js??ref--4!/data/5e-admin/node_modules/cache-loader/dist/cjs.js??ref--0-0!/data/5e-admin/node_modules/vue-loader/lib/index.js??vue-loader-options!/data/5e-admin/node_modules/eslint-loader/index.js??ref--13-0!/data/5e-admin/src/components/PanThumb/index.vue?vue&type=template&id=175fbaac&scoped=true
<s> [webpack.Progress] 68% building 544/555 modules 11 active /data/5e-admin/node_modules/babel-runtime/node_modules/core-js/library/fn/symbol/index.js
<s> [webpack.Progress] 68% building 544/556 modules 12 active /data/5e-admin/node_modules/vue-loader/lib/loaders/pitcher.js??ref--4!/data/5e-admin/node_modules/cache-loader/dist/cjs.js??ref--12-0!/data/5e-admin/node_modules/babel-loader/lib/index.js!/data/5e-admin/node_modules/cache-loader/dist/cjs.js??ref--0-0!/data/5e-admin/node_modules/vue-loader/lib/index.js??vue-loader-options!/data/5e-admin/node_modules/eslint-loader/index.js??ref--13-0!/data/5e-admin/node_modules/eslint-loader/index.js??ref--13-0!/data/5e-admin/src/components/PanThumb/index.vue?vue&type=script&lang=js
<s> [webpack.Progress] 68% building 545/556 modules 11 active /data/5e-admin/node_modules/babel-runtime/node_modules/core-js/library/fn/symbol/index.js
<s> [webpack.Progress] 68% building 545/557 modules 12 active /data/5e-admin/node_modules/vue-loader/lib/loaders/pitcher.js??ref--4!/data/5e-admin/node_modules/vue-style-loader/index.js??ref--6-oneOf-1-0!/data/5e-admin/node_modules/css-loader/dist/cjs.js??ref--6-oneOf-1-1!/data/5e-admin/node_modules/postcss-loader/src/index.js??ref--6-oneOf-1-2!/data/5e-admin/node_modules/cache-loader/dist/cjs.js??ref--0-0!/data/5e-admin/node_modules/vue-loader/lib/index.js??vue-loader-options!/data/5e-admin/node_modules/eslint-loader/index.js??ref--13-0!/data/5e-admin/src/components/PanThumb/index.vue?vue&type=style&index=0&id=175fbaac&scoped=true&lang=css
<s> [webpack.Progress] 68% building 546/557 modules 11 active /data/5e-admin/node_modules/babel-runtime/node_modules/core-js/library/fn/symbol/index.js
<s> [webpack.Progress] 68% building 546/558 modules 12 active /data/5e-admin/node_modules/cache-loader/dist/cjs.js??ref--12-0!/data/5e-admin/node_modules/babel-loader/lib/index.js!/data/5e-admin/node_modules/cache-loader/dist/cjs.js??ref--0-0!/data/5e-admin/node_modules/vue-loader/lib/index.js??vue-loader-options!/data/5e-admin/src/components/PanThumb/index.vue?vue&type=script&lang=js
<s> [webpack.Progress] 68% building 546/559 modules 13 active /data/5e-admin/node_modules/cache-loader/dist/cjs.js?{"cacheDirectory":"node_modules/.cache/vue-loader","cacheIdentifier":"f79bae76-vue-loader-template"}!/data/5e-admin/node_modules/vue-loader/lib/loaders/templateLoader.js??vue-loader-options!/data/5e-admin/node_modules/cache-loader/dist/cjs.js??ref--0-0!/data/5e-admin/node_modules/vue-loader/lib/index.js??vue-loader-options!/data/5e-admin/src/components/PanThumb/index.vue?vue&type=template&id=175fbaac&scoped=true
<s> [webpack.Progress] 68% building 546/560 modules 14 active /data/5e-admin/node_modules/vue-style-loader/index.js??ref--6-oneOf-1-0!/data/5e-admin/node_modules/css-loader/dist/cjs.js??ref--6-oneOf-1-1!/data/5e-admin/node_modules/vue-loader/lib/loaders/stylePostLoader.js!/data/5e-admin/node_modules/postcss-loader/src/index.js??ref--6-oneOf-1-2!/data/5e-admin/node_modules/cache-loader/dist/cjs.js??ref--0-0!/data/5e-admin/node_modules/vue-loader/lib/index.js??vue-loader-options!/data/5e-admin/src/components/PanThumb/index.vue?vue&type=style&index=0&id=175fbaac&scoped=true&lang=css
<s> [webpack.Progress] 68% building 547/560 modules 13 active /data/5e-admin/node_modules/cache-loader/dist/cjs.js?{"cacheDirectory":"node_modules/.cache/vue-loader","cacheIdentifier":"f79bae76-vue-loader-template"}!/data/5e-admin/node_modules/vue-loader/lib/loaders/templateLoader.js??vue-loader-options!/data/5e-admin/node_modules/cache-loader/dist/cjs.js??ref--0-0!/data/5e-admin/node_modules/vue-loader/lib/index.js??vue-loader-options!/data/5e-admin/src/components/PanThumb/index.vue?vue&type=template&id=175fbaac&scoped=true
<s> [webpack.Progress] 68% building 547/561 modules 14 active /data/5e-admin/node_modules/css-loader/dist/cjs.js??ref--6-oneOf-1-1!/data/5e-admin/node_modules/vue-loader/lib/loaders/stylePostLoader.js!/data/5e-admin/node_modules/postcss-loader/src/index.js??ref--6-oneOf-1-2!/data/5e-admin/node_modules/cache-loader/dist/cjs.js??ref--0-0!/data/5e-admin/node_modules/vue-loader/lib/index.js??vue-loader-options!/data/5e-admin/src/components/PanThumb/index.vue?vue&type=style&index=0&id=175fbaac&scoped=true&lang=css
<s> [webpack.Progress] 68% building 547/562 modules 15 active /data/5e-admin/node_modules/core-js/modules/es.array-buffer.constructor.js
<s> [webpack.Progress] 68% building 547/563 modules 16 active /data/5e-admin/node_modules/core-js/modules/es.array-buffer.slice.js
<s> [webpack.Progress] 68% building 547/564 modules 17 active /data/5e-admin/node_modules/core-js/modules/es.typed-array.uint8-array.js
<s> [webpack.Progress] 68% building 547/565 modules 18 active /data/5e-admin/node_modules/core-js/modules/es.typed-array.copy-within.js
<s> [webpack.Progress] 67% building 547/566 modules 19 active /data/5e-admin/node_modules/core-js/modules/es.typed-array.every.js
<s> [webpack.Progress] 67% building 547/567 modules 20 active /data/5e-admin/node_modules/core-js/modules/es.typed-array.fill.js
<s> [webpack.Progress] 67% building 547/568 modules 21 active /data/5e-admin/node_modules/core-js/modules/es.typed-array.filter.js
<s> [webpack.Progress] 67% building 547/569 modules 22 active /data/5e-admin/node_modules/core-js/modules/es.typed-array.find.js
<s> [webpack.Progress] 67% building 547/570 modules 23 active /data/5e-admin/node_modules/core-js/modules/es.typed-array.find-index.js
<s> [webpack.Progress] 67% building 547/571 modules 24 active /data/5e-admin/node_modules/core-js/modules/es.typed-array.for-each.js
<s> [webpack.Progress] 67% building 547/572 modules 25 active /data/5e-admin/node_modules/core-js/modules/es.typed-array.includes.js
<s> [webpack.Progress] 67% building 547/573 modules 26 active /data/5e-admin/node_modules/core-js/modules/es.typed-array.index-of.js
<s> [webpack.Progress] 67% building 547/574 modules 27 active /data/5e-admin/node_modules/core-js/modules/es.typed-array.iterator.js
<s> [webpack.Progress] 67% building 547/575 modules 28 active /data/5e-admin/node_modules/core-js/modules/es.typed-array.join.js
<s> [webpack.Progress] 66% building 547/576 modules 29 active /data/5e-admin/node_modules/core-js/modules/es.typed-array.last-index-of.js
<s> [webpack.Progress] 66% building 547/577 modules 30 active /data/5e-admin/node_modules/core-js/modules/es.typed-array.map.js
<s> [webpack.Progress] 66% building 547/578 modules 31 active /data/5e-admin/node_modules/core-js/modules/es.typed-array.reduce.js
<s> [webpack.Progress] 66% building 547/579 modules 32 active /data/5e-admin/node_modules/core-js/modules/es.typed-array.reduce-right.js
<s> [webpack.Progress] 66% building 547/580 modules 33 active /data/5e-admin/node_modules/core-js/modules/es.typed-array.reverse.js
<s> [webpack.Progress] 66% building 547/581 modules 34 active /data/5e-admin/node_modules/core-js/modules/es.typed-array.set.js
<s> [webpack.Progress] 66% building 547/582 modules 35 active /data/5e-admin/node_modules/core-js/modules/es.typed-array.slice.js
<s> [webpack.Progress] 66% building 547/583 modules 36 active /data/5e-admin/node_modules/core-js/modules/es.typed-array.some.js
<s> [webpack.Progress] 66% building 547/584 modules 37 active /data/5e-admin/node_modules/core-js/modules/es.typed-array.sort.js
<s> [webpack.Progress] 66% building 547/585 modules 38 active /data/5e-admin/node_modules/core-js/modules/es.typed-array.subarray.js
<s> [webpack.Progress] 66% building 547/586 modules 39 active /data/5e-admin/node_modules/core-js/modules/es.typed-array.to-locale-string.js
<s> [webpack.Progress] 65% building 547/587 modules 40 active /data/5e-admin/node_modules/core-js/modules/es.typed-array.to-string.js
<s> [webpack.Progress] 65% building 547/588 modules 41 active /data/5e-admin/node_modules/babel-runtime/node_modules/core-js/library/modules/es6.object.assign.js
<s> [webpack.Progress] 65% building 547/589 modules 42 active /data/5e-admin/node_modules/babel-runtime/node_modules/core-js/library/modules/_core.js
<s> [webpack.Progress] 65% building 547/590 modules 43 active /data/5e-admin/node_modules/babel-runtime/node_modules/core-js/library/modules/es6.string.iterator.js
<s> [webpack.Progress] 65% building 547/591 modules 44 active /data/5e-admin/node_modules/babel-runtime/node_modules/core-js/library/modules/web.dom.iterable.js
<s> [webpack.Progress] 65% building 547/592 modules 45 active /data/5e-admin/node_modules/babel-runtime/node_modules/core-js/library/modules/_wks-ext.js
<s> [webpack.Progress] 65% building 548/592 modules 44 active /data/5e-admin/node_modules/babel-runtime/node_modules/core-js/library/modules/_wks-ext.js
<s> [webpack.Progress] 65% building 549/592 modules 43 active /data/5e-admin/node_modules/babel-runtime/node_modules/core-js/library/modules/_wks-ext.js
<s> [webpack.Progress] 65% building 550/592 modules 42 active /data/5e-admin/node_modules/babel-runtime/node_modules/core-js/library/modules/_wks-ext.js
<s> [webpack.Progress] 65% building 551/592 modules 41 active /data/5e-admin/node_modules/babel-runtime/node_modules/core-js/library/modules/_wks-ext.js
<s> [webpack.Progress] 65% building 552/592 modules 40 active /data/5e-admin/node_modules/babel-runtime/node_modules/core-js/library/modules/_wks-ext.js
<s> [webpack.Progress] 66% building 553/592 modules 39 active /data/5e-admin/node_modules/babel-runtime/node_modules/core-js/library/modules/_wks-ext.js
<s> [webpack.Progress] 66% building 554/592 modules 38 active /data/5e-admin/node_modules/babel-runtime/node_modules/core-js/library/modules/_wks-ext.js
<s> [webpack.Progress] 66% building 555/592 modules 37 active /data/5e-admin/node_modules/babel-runtime/node_modules/core-js/library/modules/_wks-ext.js
<s> [webpack.Progress] 66% building 556/592 modules 36 active /data/5e-admin/node_modules/babel-runtime/node_modules/core-js/library/modules/_wks-ext.js
<s> [webpack.Progress] 66% building 557/592 modules 35 active /data/5e-admin/node_modules/babel-runtime/node_modules/core-js/library/modules/_wks-ext.js
<s> [webpack.Progress] 66% building 558/592 modules 34 active /data/5e-admin/node_modules/babel-runtime/node_modules/core-js/library/modules/_wks-ext.js
<s> [webpack.Progress] 66% building 559/592 modules 33 active /data/5e-admin/node_modules/babel-runtime/node_modules/core-js/library/modules/_wks-ext.js
<s> [webpack.Progress] 66% building 560/592 modules 32 active /data/5e-admin/node_modules/babel-runtime/node_modules/core-js/library/modules/_wks-ext.js
<s> [webpack.Progress] 66% building 561/592 modules 31 active /data/5e-admin/node_modules/babel-runtime/node_modules/core-js/library/modules/_wks-ext.js
<s> [webpack.Progress] 66% building 562/592 modules 30 active /data/5e-admin/node_modules/babel-runtime/node_modules/core-js/library/modules/_wks-ext.js
<s> [webpack.Progress] 67% building 563/592 modules 29 active /data/5e-admin/node_modules/babel-runtime/node_modules/core-js/library/modules/_wks-ext.js
<s> [webpack.Progress] 67% building 564/592 modules 28 active /data/5e-admin/node_modules/babel-runtime/node_modules/core-js/library/modules/_wks-ext.js
<s> [webpack.Progress] 67% building 565/592 modules 27 active /data/5e-admin/node_modules/babel-runtime/node_modules/core-js/library/modules/_wks-ext.js
<s> [webpack.Progress] 67% building 566/592 modules 26 active /data/5e-admin/node_modules/babel-runtime/node_modules/core-js/library/modules/_wks-ext.js
<s> [webpack.Progress] 67% building 567/592 modules 25 active /data/5e-admin/node_modules/babel-runtime/node_modules/core-js/library/modules/_wks-ext.js
<s> [webpack.Progress] 67% building 568/592 modules 24 active /data/5e-admin/node_modules/babel-runtime/node_modules/core-js/library/modules/_wks-ext.js
<s> [webpack.Progress] 67% building 569/592 modules 23 active /data/5e-admin/node_modules/babel-runtime/node_modules/core-js/library/modules/_wks-ext.js
<s> [webpack.Progress] 67% building 570/592 modules 22 active /data/5e-admin/node_modules/babel-runtime/node_modules/core-js/library/modules/_wks-ext.js
<s> [webpack.Progress] 67% building 571/592 modules 21 active /data/5e-admin/node_modules/babel-runtime/node_modules/core-js/library/modules/_wks-ext.js
<s> [webpack.Progress] 67% building 572/592 modules 20 active /data/5e-admin/node_modules/babel-runtime/node_modules/core-js/library/modules/_wks-ext.js
<s> [webpack.Progress] 68% building 573/592 modules 19 active /data/5e-admin/node_modules/babel-runtime/node_modules/core-js/library/modules/_wks-ext.js
<s> [webpack.Progress] 68% building 574/592 modules 18 active /data/5e-admin/node_modules/babel-runtime/node_modules/core-js/library/modules/_wks-ext.js
<s> [webpack.Progress] 68% building 575/592 modules 17 active /data/5e-admin/node_modules/babel-runtime/node_modules/core-js/library/modules/_wks-ext.js
<s> [webpack.Progress] 68% building 576/592 modules 16 active /data/5e-admin/node_modules/babel-runtime/node_modules/core-js/library/modules/_wks-ext.js
<s> [webpack.Progress] 68% building 577/592 modules 15 active /data/5e-admin/node_modules/babel-runtime/node_modules/core-js/library/modules/_wks-ext.js
<s> [webpack.Progress] 68% building 578/592 modules 14 active /data/5e-admin/node_modules/babel-runtime/node_modules/core-js/library/modules/_wks-ext.js
<s> [webpack.Progress] 68% building 579/592 modules 13 active /data/5e-admin/node_modules/babel-runtime/node_modules/core-js/library/modules/_wks-ext.js
<s> [webpack.Progress] 68% building 580/592 modules 12 active /data/5e-admin/node_modules/babel-runtime/node_modules/core-js/library/modules/_wks-ext.js
<s> [webpack.Progress] 68% building 581/592 modules 11 active /data/5e-admin/node_modules/babel-runtime/node_modules/core-js/library/modules/_wks-ext.js
<s> [webpack.Progress] 68% building 582/592 modules 10 active /data/5e-admin/node_modules/css-loader/dist/cjs.js??ref--6-oneOf-1-1!/data/5e-admin/node_modules/vue-loader/lib/loaders/stylePostLoader.js!/data/5e-admin/node_modules/postcss-loader/src/index.js??ref--6-oneOf-1-2!/data/5e-admin/node_modules/cache-loader/dist/cjs.js??ref--0-0!/data/5e-admin/node_modules/vue-loader/lib/index.js??vue-loader-options!/data/5e-admin/src/components/PanThumb/index.vue?vue&type=style&index=0&id=175fbaac&scoped=true&lang=css
<s> [webpack.Progress] 68% building 582/593 modules 11 active /data/5e-admin/node_modules/axios/index.js
<s> [webpack.Progress] 68% building 583/593 modules 10 active /data/5e-admin/node_modules/axios/index.js
<s> [webpack.Progress] 69% building 584/593 modules 9 active /data/5e-admin/node_modules/axios/index.js
<s> [webpack.Progress] 68% building 584/594 modules 10 active /data/5e-admin/node_modules/vue-splitpane/dist/vue-split-pane.min.js
<s> [webpack.Progress] 68% building 584/595 modules 11 active /data/5e-admin/node_modules/cache-loader/dist/cjs.js??ref--12-0!/data/5e-admin/node_modules/babel-loader/lib/index.js!/data/5e-admin/node_modules/eslint-loader/index.js??ref--13-0!/data/5e-admin/src/layout/components/index.js
<s> [webpack.Progress] 68% building 584/596 modules 12 active /data/5e-admin/node_modules/babel-runtime/node_modules/core-js/library/modules/es6.symbol.js
<s> [webpack.Progress] 68% building 584/597 modules 13 active /data/5e-admin/node_modules/babel-runtime/node_modules/core-js/library/modules/es6.object.to-string.js
<s> [webpack.Progress] 68% building 584/598 modules 14 active /data/5e-admin/node_modules/babel-runtime/node_modules/core-js/library/modules/es7.symbol.async-iterator.js
<s> [webpack.Progress] 68% building 584/599 modules 15 active /data/5e-admin/node_modules/babel-runtime/node_modules/core-js/library/modules/es7.symbol.observable.js
<s> [webpack.Progress] 68% building 584/600 modules 16 active /data/5e-admin/node_modules/cache-loader/dist/cjs.js??ref--12-0!/data/5e-admin/node_modules/babel-loader/lib/index.js!/data/5e-admin/node_modules/eslint-loader/index.js??ref--13-0!/data/5e-admin/src/directive/waves/index.js
<s> [webpack.Progress] 68% building 585/600 modules 15 active /data/5e-admin/node_modules/cache-loader/dist/cjs.js??ref--12-0!/data/5e-admin/node_modules/babel-loader/lib/index.js!/data/5e-admin/node_modules/eslint-loader/index.js??ref--13-0!/data/5e-admin/src/directive/waves/index.js
<s> [webpack.Progress] 68% building 586/600 modules 14 active /data/5e-admin/node_modules/cache-loader/dist/cjs.js??ref--12-0!/data/5e-admin/node_modules/babel-loader/lib/index.js!/data/5e-admin/node_modules/eslint-loader/index.js??ref--13-0!/data/5e-admin/src/directive/waves/index.js
<s> [webpack.Progress] 68% building 587/600 modules 13 active /data/5e-admin/node_modules/cache-loader/dist/cjs.js??ref--12-0!/data/5e-admin/node_modules/babel-loader/lib/index.js!/data/5e-admin/node_modules/eslint-loader/index.js??ref--13-0!/data/5e-admin/src/directive/waves/index.js
<s> [webpack.Progress] 68% building 587/601 modules 14 active /data/5e-admin/node_modules/cache-loader/dist/cjs.js??ref--0-0!/data/5e-admin/node_modules/vue-loader/lib/index.js??vue-loader-options!/data/5e-admin/node_modules/eslint-loader/index.js??ref--13-0!/data/5e-admin/src/components/Proofread/index.vue
<s> [webpack.Progress] 68% building 587/602 modules 15 active /data/5e-admin/node_modules/cache-loader/dist/cjs.js??ref--0-0!/data/5e-admin/node_modules/vue-loader/lib/index.js??vue-loader-options!/data/5e-admin/node_modules/eslint-loader/index.js??ref--13-0!/data/5e-admin/src/components/TranslateLine/index.vue
<s> [webpack.Progress] 68% building 587/603 modules 16 active /data/5e-admin/node_modules/cache-loader/dist/cjs.js??ref--0-0!/data/5e-admin/node_modules/vue-loader/lib/index.js??vue-loader-options!/data/5e-admin/node_modules/eslint-loader/index.js??ref--13-0!/data/5e-admin/src/components/Pagination/index.vue
<s> [webpack.Progress] 68% building 587/604 modules 17 active /data/5e-admin/node_modules/core-js/internals/array-buffer.js
<s> [webpack.Progress] 68% building 587/605 modules 18 active /data/5e-admin/node_modules/core-js/internals/typed-array-constructor.js
<s> [webpack.Progress] 68% building 587/606 modules 19 active /data/5e-admin/node_modules/core-js/internals/array-buffer-view-core.js
<s> [webpack.Progress] 68% building 587/607 modules 20 active /data/5e-admin/node_modules/core-js/internals/array-copy-within.js
<s> [webpack.Progress] 67% building 587/608 modules 21 active /data/5e-admin/node_modules/core-js/internals/array-fill.js
<s> [webpack.Progress] 67% building 587/609 modules 22 active /data/5e-admin/node_modules/core-js/internals/array-last-index-of.js
<s> [webpack.Progress] 67% building 587/610 modules 23 active /data/5e-admin/node_modules/core-js/internals/to-offset.js
<s> [webpack.Progress] 67% building 587/611 modules 24 active /data/5e-admin/node_modules/babel-runtime/node_modules/core-js/library/modules/_export.js
<s> [webpack.Progress] 67% building 587/612 modules 25 active /data/5e-admin/node_modules/babel-runtime/node_modules/core-js/library/modules/_object-assign.js
<s> [webpack.Progress] 67% building 587/613 modules 26 active /data/5e-admin/node_modules/babel-runtime/node_modules/core-js/library/modules/_string-at.js
<s> [webpack.Progress] 67% building 587/614 modules 27 active /data/5e-admin/node_modules/babel-runtime/node_modules/core-js/library/modules/_iter-define.js
<s> [webpack.Progress] 67% building 587/615 modules 28 active /data/5e-admin/node_modules/babel-runtime/node_modules/core-js/library/modules/es6.array.iterator.js
<s> [webpack.Progress] 67% building 587/616 modules 29 active /data/5e-admin/node_modules/babel-runtime/node_modules/core-js/library/modules/_global.js
<s> [webpack.Progress] 67% building 587/617 modules 30 active /data/5e-admin/node_modules/babel-runtime/node_modules/core-js/library/modules/_hide.js
<s> [webpack.Progress] 66% building 587/618 modules 31 active /data/5e-admin/node_modules/babel-runtime/node_modules/core-js/library/modules/_iterators.js
<s> [webpack.Progress] 66% building 587/619 modules 32 active /data/5e-admin/node_modules/babel-runtime/node_modules/core-js/library/modules/_wks.js
<s> [webpack.Progress] 66% building 588/619 modules 31 active /data/5e-admin/node_modules/babel-runtime/node_modules/core-js/library/modules/_wks.js
<s> [webpack.Progress] 67% building 589/619 modules 30 active /data/5e-admin/node_modules/babel-runtime/node_modules/core-js/library/modules/_wks.js
<s> [webpack.Progress] 67% building 590/619 modules 29 active /data/5e-admin/node_modules/babel-runtime/node_modules/core-js/library/modules/_wks.js
<s> [webpack.Progress] 67% building 591/619 modules 28 active /data/5e-admin/node_modules/babel-runtime/node_modules/core-js/library/modules/_wks.js
<s> [webpack.Progress] 67% building 592/619 modules 27 active /data/5e-admin/node_modules/babel-runtime/node_modules/core-js/library/modules/_wks.js
<s> [webpack.Progress] 67% building 593/619 modules 26 active /data/5e-admin/node_modules/babel-runtime/node_modules/core-js/library/modules/_wks.js
<s> [webpack.Progress] 67% building 593/620 modules 27 active /data/5e-admin/node_modules/get-intrinsic/index.js
<s> [webpack.Progress] 67% building 593/621 modules 28 active /data/5e-admin/node_modules/call-bound/index.js
<s> [webpack.Progress] 67% building 594/621 modules 27 active /data/5e-admin/node_modules/call-bound/index.js
<s> [webpack.Progress] 67% building 595/621 modules 26 active /data/5e-admin/node_modules/call-bound/index.js
<s> [webpack.Progress] 67% building 596/621 modules 25 active /data/5e-admin/node_modules/call-bound/index.js
<s> [webpack.Progress] 67% building 597/621 modules 24 active /data/5e-admin/node_modules/call-bound/index.js
<s> [webpack.Progress] 67% building 598/621 modules 23 active /data/5e-admin/node_modules/call-bound/index.js
<s> [webpack.Progress] 67% building 599/621 modules 22 active /data/5e-admin/node_modules/call-bound/index.js
<s> [webpack.Progress] 67% building 600/621 modules 21 active /data/5e-admin/node_modules/call-bound/index.js
<s> [webpack.Progress] 68% building 601/621 modules 20 active /data/5e-admin/node_modules/call-bound/index.js
<s> [webpack.Progress] 68% building 602/621 modules 19 active /data/5e-admin/node_modules/call-bound/index.js
<s> [webpack.Progress] 68% building 603/621 modules 18 active /data/5e-admin/node_modules/call-bound/index.js
<s> [webpack.Progress] 68% building 604/621 modules 17 active /data/5e-admin/node_modules/call-bound/index.js
<s> [webpack.Progress] 68% building 605/621 modules 16 active /data/5e-admin/node_modules/call-bound/index.js
<s> [webpack.Progress] 68% building 606/621 modules 15 active /data/5e-admin/node_modules/call-bound/index.js
<s> [webpack.Progress] 68% building 607/621 modules 14 active /data/5e-admin/node_modules/call-bound/index.js
<s> [webpack.Progress] 68% building 608/621 modules 13 active /data/5e-admin/node_modules/call-bound/index.js
<s> [webpack.Progress] 68% building 609/621 modules 12 active /data/5e-admin/node_modules/call-bound/index.js
<s> [webpack.Progress] 68% building 610/621 modules 11 active /data/5e-admin/node_modules/call-bound/index.js
<s> [webpack.Progress] 69% building 611/621 modules 10 active /data/5e-admin/node_modules/call-bound/index.js
<s> [webpack.Progress] 69% building 612/621 modules 9 active /data/5e-admin/node_modules/call-bound/index.js
<s> [webpack.Progress] 69% building 613/621 modules 8 active /data/5e-admin/node_modules/call-bound/index.js
<s> [webpack.Progress] 69% building 613/622 modules 9 active /data/5e-admin/node_modules/vue-loader/lib/loaders/pitcher.js??ref--4!/data/5e-admin/node_modules/cache-loader/dist/cjs.js??ref--0-0!/data/5e-admin/node_modules/vue-loader/lib/index.js??vue-loader-options!/data/5e-admin/node_modules/eslint-loader/index.js??ref--13-0!/data/5e-admin/src/components/Proofread/index.vue?vue&type=template&id=7b0496dd
<s> [webpack.Progress] 69% building 614/622 modules 8 active /data/5e-admin/node_modules/call-bound/index.js
<s> [webpack.Progress] 69% building 614/623 modules 9 active /data/5e-admin/node_modules/vue-loader/lib/loaders/pitcher.js??ref--4!/data/5e-admin/node_modules/cache-loader/dist/cjs.js??ref--12-0!/data/5e-admin/node_modules/babel-loader/lib/index.js!/data/5e-admin/node_modules/cache-loader/dist/cjs.js??ref--0-0!/data/5e-admin/node_modules/vue-loader/lib/index.js??vue-loader-options!/data/5e-admin/node_modules/eslint-loader/index.js??ref--13-0!/data/5e-admin/node_modules/eslint-loader/index.js??ref--13-0!/data/5e-admin/src/components/Proofread/index.vue?vue&type=script&lang=js
<s> [webpack.Progress] 69% building 615/623 modules 8 active /data/5e-admin/node_modules/call-bound/index.js
<s> [webpack.Progress] 69% building 615/624 modules 9 active /data/5e-admin/node_modules/cache-loader/dist/cjs.js??ref--12-0!/data/5e-admin/node_modules/babel-loader/lib/index.js!/data/5e-admin/node_modules/cache-loader/dist/cjs.js??ref--0-0!/data/5e-admin/node_modules/vue-loader/lib/index.js??vue-loader-options!/data/5e-admin/src/components/Proofread/index.vue?vue&type=script&lang=js
<s> [webpack.Progress] 69% building 615/625 modules 10 active /data/5e-admin/node_modules/cache-loader/dist/cjs.js?{"cacheDirectory":"node_modules/.cache/vue-loader","cacheIdentifier":"f79bae76-vue-loader-template"}!/data/5e-admin/node_modules/vue-loader/lib/loaders/templateLoader.js??vue-loader-options!/data/5e-admin/node_modules/cache-loader/dist/cjs.js??ref--0-0!/data/5e-admin/node_modules/vue-loader/lib/index.js??vue-loader-options!/data/5e-admin/src/components/Proofread/index.vue?vue&type=template&id=7b0496dd
<s> [webpack.Progress] 68% building 615/626 modules 11 active /data/5e-admin/node_modules/vue-loader/lib/loaders/pitcher.js??ref--4!/data/5e-admin/node_modules/cache-loader/dist/cjs.js??ref--0-0!/data/5e-admin/node_modules/vue-loader/lib/index.js??vue-loader-options!/data/5e-admin/node_modules/eslint-loader/index.js??ref--13-0!/data/5e-admin/src/components/TranslateLine/index.vue?vue&type=template&id=071b9336&scoped=true
<s> [webpack.Progress] 69% building 616/626 modules 10 active /data/5e-admin/node_modules/cache-loader/dist/cjs.js?{"cacheDirectory":"node_modules/.cache/vue-loader","cacheIdentifier":"f79bae76-vue-loader-template"}!/data/5e-admin/node_modules/vue-loader/lib/loaders/templateLoader.js??vue-loader-options!/data/5e-admin/node_modules/cache-loader/dist/cjs.js??ref--0-0!/data/5e-admin/node_modules/vue-loader/lib/index.js??vue-loader-options!/data/5e-admin/src/components/Proofread/index.vue?vue&type=template&id=7b0496dd
<s> [webpack.Progress] 68% building 616/627 modules 11 active /data/5e-admin/node_modules/vue-loader/lib/loaders/pitcher.js??ref--4!/data/5e-admin/node_modules/cache-loader/dist/cjs.js??ref--12-0!/data/5e-admin/node_modules/babel-loader/lib/index.js!/data/5e-admin/node_modules/cache-loader/dist/cjs.js??ref--0-0!/data/5e-admin/node_modules/vue-loader/lib/index.js??vue-loader-options!/data/5e-admin/node_modules/eslint-loader/index.js??ref--13-0!/data/5e-admin/node_modules/eslint-loader/index.js??ref--13-0!/data/5e-admin/src/components/TranslateLine/index.vue?vue&type=script&lang=js
<s> [webpack.Progress] 69% building 617/627 modules 10 active /data/5e-admin/node_modules/cache-loader/dist/cjs.js?{"cacheDirectory":"node_modules/.cache/vue-loader","cacheIdentifier":"f79bae76-vue-loader-template"}!/data/5e-admin/node_modules/vue-loader/lib/loaders/templateLoader.js??vue-loader-options!/data/5e-admin/node_modules/cache-loader/dist/cjs.js??ref--0-0!/data/5e-admin/node_modules/vue-loader/lib/index.js??vue-loader-options!/data/5e-admin/src/components/Proofread/index.vue?vue&type=template&id=7b0496dd
<s> [webpack.Progress] 68% building 617/628 modules 11 active /data/5e-admin/node_modules/vue-loader/lib/loaders/pitcher.js??ref--4!/data/5e-admin/node_modules/vue-style-loader/index.js??ref--6-oneOf-1-0!/data/5e-admin/node_modules/css-loader/dist/cjs.js??ref--6-oneOf-1-1!/data/5e-admin/node_modules/postcss-loader/src/index.js??ref--6-oneOf-1-2!/data/5e-admin/node_modules/cache-loader/dist/cjs.js??ref--0-0!/data/5e-admin/node_modules/vue-loader/lib/index.js??vue-loader-options!/data/5e-admin/node_modules/eslint-loader/index.js??ref--13-0!/data/5e-admin/src/components/TranslateLine/index.vue?vue&type=style&index=0&id=071b9336&scoped=true&lang=css
<s> [webpack.Progress] 69% building 618/628 modules 10 active /data/5e-admin/node_modules/cache-loader/dist/cjs.js?{"cacheDirectory":"node_modules/.cache/vue-loader","cacheIdentifier":"f79bae76-vue-loader-template"}!/data/5e-admin/node_modules/vue-loader/lib/loaders/templateLoader.js??vue-loader-options!/data/5e-admin/node_modules/cache-loader/dist/cjs.js??ref--0-0!/data/5e-admin/node_modules/vue-loader/lib/index.js??vue-loader-options!/data/5e-admin/src/components/Proofread/index.vue?vue&type=template&id=7b0496dd
<s> [webpack.Progress] 68% building 618/629 modules 11 active /data/5e-admin/node_modules/cache-loader/dist/cjs.js??ref--12-0!/data/5e-admin/node_modules/babel-loader/lib/index.js!/data/5e-admin/node_modules/cache-loader/dist/cjs.js??ref--0-0!/data/5e-admin/node_modules/vue-loader/lib/index.js??vue-loader-options!/data/5e-admin/src/components/TranslateLine/index.vue?vue&type=script&lang=js
<s> [webpack.Progress] 68% building 618/630 modules 12 active /data/5e-admin/node_modules/cache-loader/dist/cjs.js?{"cacheDirectory":"node_modules/.cache/vue-loader","cacheIdentifier":"f79bae76-vue-loader-template"}!/data/5e-admin/node_modules/vue-loader/lib/loaders/templateLoader.js??vue-loader-options!/data/5e-admin/node_modules/cache-loader/dist/cjs.js??ref--0-0!/data/5e-admin/node_modules/vue-loader/lib/index.js??vue-loader-options!/data/5e-admin/src/components/TranslateLine/index.vue?vue&type=template&id=071b9336&scoped=true
<s> [webpack.Progress] 68% building 618/631 modules 13 active /data/5e-admin/node_modules/vue-style-loader/index.js??ref--6-oneOf-1-0!/data/5e-admin/node_modules/css-loader/dist/cjs.js??ref--6-oneOf-1-1!/data/5e-admin/node_modules/vue-loader/lib/loaders/stylePostLoader.js!/data/5e-admin/node_modules/postcss-loader/src/index.js??ref--6-oneOf-1-2!/data/5e-admin/node_modules/cache-loader/dist/cjs.js??ref--0-0!/data/5e-admin/node_modules/vue-loader/lib/index.js??vue-loader-options!/data/5e-admin/src/components/TranslateLine/index.vue?vue&type=style&index=0&id=071b9336&scoped=true&lang=css
<s> [webpack.Progress] 68% building 619/631 modules 12 active /data/5e-admin/node_modules/cache-loader/dist/cjs.js?{"cacheDirectory":"node_modules/.cache/vue-loader","cacheIdentifier":"f79bae76-vue-loader-template"}!/data/5e-admin/node_modules/vue-loader/lib/loaders/templateLoader.js??vue-loader-options!/data/5e-admin/node_modules/cache-loader/dist/cjs.js??ref--0-0!/data/5e-admin/node_modules/vue-loader/lib/index.js??vue-loader-options!/data/5e-admin/src/components/TranslateLine/index.vue?vue&type=template&id=071b9336&scoped=true
<s> [webpack.Progress] 68% building 619/632 modules 13 active /data/5e-admin/node_modules/css-loader/dist/cjs.js??ref--6-oneOf-1-1!/data/5e-admin/node_modules/vue-loader/lib/loaders/stylePostLoader.js!/data/5e-admin/node_modules/postcss-loader/src/index.js??ref--6-oneOf-1-2!/data/5e-admin/node_modules/cache-loader/dist/cjs.js??ref--0-0!/data/5e-admin/node_modules/vue-loader/lib/index.js??vue-loader-options!/data/5e-admin/src/components/TranslateLine/index.vue?vue&type=style&index=0&id=071b9336&scoped=true&lang=css
<s> [webpack.Progress] 68% building 619/633 modules 14 active /data/5e-admin/node_modules/vue-loader/lib/loaders/pitcher.js??ref--4!/data/5e-admin/node_modules/cache-loader/dist/cjs.js??ref--0-0!/data/5e-admin/node_modules/vue-loader/lib/index.js??vue-loader-options!/data/5e-admin/node_modules/eslint-loader/index.js??ref--13-0!/data/5e-admin/src/components/Pagination/index.vue?vue&type=template&id=72233bcd&scoped=true
<s> [webpack.Progress] 68% building 620/633 modules 13 active /data/5e-admin/node_modules/css-loader/dist/cjs.js??ref--6-oneOf-1-1!/data/5e-admin/node_modules/vue-loader/lib/loaders/stylePostLoader.js!/data/5e-admin/node_modules/postcss-loader/src/index.js??ref--6-oneOf-1-2!/data/5e-admin/node_modules/cache-loader/dist/cjs.js??ref--0-0!/data/5e-admin/node_modules/vue-loader/lib/index.js??vue-loader-options!/data/5e-admin/src/components/TranslateLine/index.vue?vue&type=style&index=0&id=071b9336&scoped=true&lang=css
<s> [webpack.Progress] 68% building 620/634 modules 14 active /data/5e-admin/node_modules/vue-loader/lib/loaders/pitcher.js??ref--4!/data/5e-admin/node_modules/cache-loader/dist/cjs.js??ref--12-0!/data/5e-admin/node_modules/babel-loader/lib/index.js!/data/5e-admin/node_modules/cache-loader/dist/cjs.js??ref--0-0!/data/5e-admin/node_modules/vue-loader/lib/index.js??vue-loader-options!/data/5e-admin/node_modules/eslint-loader/index.js??ref--13-0!/data/5e-admin/node_modules/eslint-loader/index.js??ref--13-0!/data/5e-admin/src/components/Pagination/index.vue?vue&type=script&lang=js
<s> [webpack.Progress] 68% building 621/634 modules 13 active /data/5e-admin/node_modules/css-loader/dist/cjs.js??ref--6-oneOf-1-1!/data/5e-admin/node_modules/vue-loader/lib/loaders/stylePostLoader.js!/data/5e-admin/node_modules/postcss-loader/src/index.js??ref--6-oneOf-1-2!/data/5e-admin/node_modules/cache-loader/dist/cjs.js??ref--0-0!/data/5e-admin/node_modules/vue-loader/lib/index.js??vue-loader-options!/data/5e-admin/src/components/TranslateLine/index.vue?vue&type=style&index=0&id=071b9336&scoped=true&lang=css
<s> [webpack.Progress] 68% building 621/635 modules 14 active /data/5e-admin/node_modules/vue-loader/lib/loaders/pitcher.js??ref--4!/data/5e-admin/node_modules/vue-style-loader/index.js??ref--6-oneOf-1-0!/data/5e-admin/node_modules/css-loader/dist/cjs.js??ref--6-oneOf-1-1!/data/5e-admin/node_modules/postcss-loader/src/index.js??ref--6-oneOf-1-2!/data/5e-admin/node_modules/cache-loader/dist/cjs.js??ref--0-0!/data/5e-admin/node_modules/vue-loader/lib/index.js??vue-loader-options!/data/5e-admin/node_modules/eslint-loader/index.js??ref--13-0!/data/5e-admin/src/components/Pagination/index.vue?vue&type=style&index=0&id=72233bcd&scoped=true&lang=css
<s> [webpack.Progress] 68% building 622/635 modules 13 active /data/5e-admin/node_modules/css-loader/dist/cjs.js??ref--6-oneOf-1-1!/data/5e-admin/node_modules/vue-loader/lib/loaders/stylePostLoader.js!/data/5e-admin/node_modules/postcss-loader/src/index.js??ref--6-oneOf-1-2!/data/5e-admin/node_modules/cache-loader/dist/cjs.js??ref--0-0!/data/5e-admin/node_modules/vue-loader/lib/index.js??vue-loader-options!/data/5e-admin/src/components/TranslateLine/index.vue?vue&type=style&index=0&id=071b9336&scoped=true&lang=css
<s> [webpack.Progress] 68% building 622/636 modules 14 active /data/5e-admin/node_modules/cache-loader/dist/cjs.js??ref--12-0!/data/5e-admin/node_modules/babel-loader/lib/index.js!/data/5e-admin/node_modules/cache-loader/dist/cjs.js??ref--0-0!/data/5e-admin/node_modules/vue-loader/lib/index.js??vue-loader-options!/data/5e-admin/src/components/Pagination/index.vue?vue&type=script&lang=js
<s> [webpack.Progress] 68% building 622/637 modules 15 active /data/5e-admin/node_modules/cache-loader/dist/cjs.js?{"cacheDirectory":"node_modules/.cache/vue-loader","cacheIdentifier":"f79bae76-vue-loader-template"}!/data/5e-admin/node_modules/vue-loader/lib/loaders/templateLoader.js??vue-loader-options!/data/5e-admin/node_modules/cache-loader/dist/cjs.js??ref--0-0!/data/5e-admin/node_modules/vue-loader/lib/index.js??vue-loader-options!/data/5e-admin/src/components/Pagination/index.vue?vue&type=template&id=72233bcd&scoped=true
<s> [webpack.Progress] 68% building 622/638 modules 16 active /data/5e-admin/node_modules/vue-style-loader/index.js??ref--6-oneOf-1-0!/data/5e-admin/node_modules/css-loader/dist/cjs.js??ref--6-oneOf-1-1!/data/5e-admin/node_modules/vue-loader/lib/loaders/stylePostLoader.js!/data/5e-admin/node_modules/postcss-loader/src/index.js??ref--6-oneOf-1-2!/data/5e-admin/node_modules/cache-loader/dist/cjs.js??ref--0-0!/data/5e-admin/node_modules/vue-loader/lib/index.js??vue-loader-options!/data/5e-admin/src/components/Pagination/index.vue?vue&type=style&index=0&id=72233bcd&scoped=true&lang=css
<s> [webpack.Progress] 68% building 623/638 modules 15 active /data/5e-admin/node_modules/cache-loader/dist/cjs.js?{"cacheDirectory":"node_modules/.cache/vue-loader","cacheIdentifier":"f79bae76-vue-loader-template"}!/data/5e-admin/node_modules/vue-loader/lib/loaders/templateLoader.js??vue-loader-options!/data/5e-admin/node_modules/cache-loader/dist/cjs.js??ref--0-0!/data/5e-admin/node_modules/vue-loader/lib/index.js??vue-loader-options!/data/5e-admin/src/components/Pagination/index.vue?vue&type=template&id=72233bcd&scoped=true
<s> [webpack.Progress] 68% building 623/639 modules 16 active /data/5e-admin/node_modules/css-loader/dist/cjs.js??ref--6-oneOf-1-1!/data/5e-admin/node_modules/vue-loader/lib/loaders/stylePostLoader.js!/data/5e-admin/node_modules/postcss-loader/src/index.js??ref--6-oneOf-1-2!/data/5e-admin/node_modules/cache-loader/dist/cjs.js??ref--0-0!/data/5e-admin/node_modules/vue-loader/lib/index.js??vue-loader-options!/data/5e-admin/src/components/Pagination/index.vue?vue&type=style&index=0&id=72233bcd&scoped=true&lang=css
<s> [webpack.Progress] 68% building 624/639 modules 15 active /data/5e-admin/node_modules/css-loader/dist/cjs.js??ref--6-oneOf-1-1!/data/5e-admin/node_modules/vue-loader/lib/loaders/stylePostLoader.js!/data/5e-admin/node_modules/postcss-loader/src/index.js??ref--6-oneOf-1-2!/data/5e-admin/node_modules/cache-loader/dist/cjs.js??ref--0-0!/data/5e-admin/node_modules/vue-loader/lib/index.js??vue-loader-options!/data/5e-admin/src/components/Pagination/index.vue?vue&type=style&index=0&id=72233bcd&scoped=true&lang=css
<s> [webpack.Progress] 68% building 625/639 modules 14 active /data/5e-admin/node_modules/css-loader/dist/cjs.js??ref--6-oneOf-1-1!/data/5e-admin/node_modules/vue-loader/lib/loaders/stylePostLoader.js!/data/5e-admin/node_modules/postcss-loader/src/index.js??ref--6-oneOf-1-2!/data/5e-admin/node_modules/cache-loader/dist/cjs.js??ref--0-0!/data/5e-admin/node_modules/vue-loader/lib/index.js??vue-loader-options!/data/5e-admin/src/components/Pagination/index.vue?vue&type=style&index=0&id=72233bcd&scoped=true&lang=css
<s> [webpack.Progress] 68% building 625/640 modules 15 active /data/5e-admin/node_modules/cache-loader/dist/cjs.js??ref--0-0!/data/5e-admin/node_modules/vue-loader/lib/index.js??vue-loader-options!/data/5e-admin/node_modules/eslint-loader/index.js??ref--13-0!/data/5e-admin/src/layout/components/Sidebar/index.vue
<s> [webpack.Progress] 68% building 625/641 modules 16 active /data/5e-admin/node_modules/cache-loader/dist/cjs.js??ref--0-0!/data/5e-admin/node_modules/vue-loader/lib/index.js??vue-loader-options!/data/5e-admin/node_modules/eslint-loader/index.js??ref--13-0!/data/5e-admin/src/layout/components/TagsView/index.vue
<s> [webpack.Progress] 68% building 625/642 modules 17 active /data/5e-admin/node_modules/axios/lib/axios.js
<s> [webpack.Progress] 68% building 626/642 modules 16 active /data/5e-admin/node_modules/axios/lib/axios.js
<s> [webpack.Progress] 68% building 626/643 modules 17 active /data/5e-admin/node_modules/babel-runtime/node_modules/core-js/library/modules/_has.js
<s> [webpack.Progress] 68% building 626/644 modules 18 active /data/5e-admin/node_modules/babel-runtime/node_modules/core-js/library/modules/_descriptors.js
<s> [webpack.Progress] 68% building 626/645 modules 19 active /data/5e-admin/node_modules/babel-runtime/node_modules/core-js/library/modules/_redefine.js
<s> [webpack.Progress] 68% building 626/646 modules 20 active /data/5e-admin/node_modules/babel-runtime/node_modules/core-js/library/modules/_meta.js
<s> [webpack.Progress] 68% building 626/647 modules 21 active /data/5e-admin/node_modules/babel-runtime/node_modules/core-js/library/modules/_fails.js
<s> [webpack.Progress] 67% building 626/648 modules 22 active /data/5e-admin/node_modules/babel-runtime/node_modules/core-js/library/modules/_shared.js
<s> [webpack.Progress] 67% building 626/649 modules 23 active /data/5e-admin/node_modules/babel-runtime/node_modules/core-js/library/modules/_set-to-string-tag.js
<s> [webpack.Progress] 67% building 626/650 modules 24 active /data/5e-admin/node_modules/babel-runtime/node_modules/core-js/library/modules/_uid.js
<s> [webpack.Progress] 67% building 626/651 modules 25 active /data/5e-admin/node_modules/babel-runtime/node_modules/core-js/library/modules/_wks-define.js
<s> [webpack.Progress] 67% building 626/652 modules 26 active /data/5e-admin/node_modules/babel-runtime/node_modules/core-js/library/modules/_enum-keys.js
<s> [webpack.Progress] 67% building 626/653 modules 27 active /data/5e-admin/node_modules/babel-runtime/node_modules/core-js/library/modules/_is-array.js
<s> [webpack.Progress] 67% building 626/654 modules 28 active /data/5e-admin/node_modules/babel-runtime/node_modules/core-js/library/modules/_an-object.js
<s> [webpack.Progress] 67% building 626/655 modules 29 active /data/5e-admin/node_modules/babel-runtime/node_modules/core-js/library/modules/_is-object.js
<s> [webpack.Progress] 67% building 626/656 modules 30 active /data/5e-admin/node_modules/babel-runtime/node_modules/core-js/library/modules/_to-object.js
<s> [webpack.Progress] 67% building 626/657 modules 31 active /data/5e-admin/node_modules/babel-runtime/node_modules/core-js/library/modules/_to-iobject.js
<s> [webpack.Progress] 67% building 626/658 modules 32 active /data/5e-admin/node_modules/babel-runtime/node_modules/core-js/library/modules/_to-primitive.js
<s> [webpack.Progress] 66% building 626/659 modules 33 active /data/5e-admin/node_modules/babel-runtime/node_modules/core-js/library/modules/_property-desc.js
<s> [webpack.Progress] 66% building 626/660 modules 34 active /data/5e-admin/node_modules/babel-runtime/node_modules/core-js/library/modules/_object-create.js
<s> [webpack.Progress] 66% building 626/661 modules 35 active /data/5e-admin/node_modules/babel-runtime/node_modules/core-js/library/modules/_object-gopn-ext.js
<s> [webpack.Progress] 66% building 626/662 modules 36 active /data/5e-admin/node_modules/babel-runtime/node_modules/core-js/library/modules/_object-gopd.js
<s> [webpack.Progress] 66% building 626/663 modules 37 active /data/5e-admin/node_modules/babel-runtime/node_modules/core-js/library/modules/_object-gops.js
<s> [webpack.Progress] 66% building 626/664 modules 38 active /data/5e-admin/node_modules/babel-runtime/node_modules/core-js/library/modules/_object-dp.js
<s> [webpack.Progress] 66% building 626/665 modules 39 active /data/5e-admin/node_modules/babel-runtime/node_modules/core-js/library/modules/_object-keys.js
<s> [webpack.Progress] 66% building 626/666 modules 40 active /data/5e-admin/node_modules/babel-runtime/node_modules/core-js/library/modules/_object-gopn.js
<s> [webpack.Progress] 66% building 626/667 modules 41 active /data/5e-admin/node_modules/babel-runtime/node_modules/core-js/library/modules/_object-pie.js
<s> [webpack.Progress] 66% building 626/668 modules 42 active /data/5e-admin/node_modules/babel-runtime/node_modules/core-js/library/modules/_library.js
<s> [webpack.Progress] 66% building 627/668 modules 41 active /data/5e-admin/node_modules/babel-runtime/node_modules/core-js/library/modules/_library.js
<s> [webpack.Progress] 66% building 628/668 modules 40 active /data/5e-admin/node_modules/babel-runtime/node_modules/core-js/library/modules/_library.js
<s> [webpack.Progress] 66% building 629/668 modules 39 active /data/5e-admin/node_modules/babel-runtime/node_modules/core-js/library/modules/_library.js
<s> [webpack.Progress] 66% building 630/668 modules 38 active /data/5e-admin/node_modules/babel-runtime/node_modules/core-js/library/modules/_library.js
<s> [webpack.Progress] 66% building 631/668 modules 37 active /data/5e-admin/node_modules/babel-runtime/node_modules/core-js/library/modules/_library.js
<s> [webpack.Progress] 66% building 632/668 modules 36 active /data/5e-admin/node_modules/babel-runtime/node_modules/core-js/library/modules/_library.js
<s> [webpack.Progress] 66% building 632/669 modules 37 active /data/5e-admin/node_modules/cache-loader/dist/cjs.js??ref--12-0!/data/5e-admin/node_modules/babel-loader/lib/index.js!/data/5e-admin/node_modules/eslint-loader/index.js??ref--13-0!/data/5e-admin/src/directive/waves/waves.js
<s> [webpack.Progress] 66% building 632/670 modules 38 active /data/5e-admin/node_modules/file-saver/dist/FileSaver.min.js
<s> [webpack.Progress] 66% building 633/670 modules 37 active /data/5e-admin/node_modules/file-saver/dist/FileSaver.min.js
<s> [webpack.Progress] 66% building 633/671 modules 38 active /data/5e-admin/node_modules/vue-loader/lib/loaders/pitcher.js??ref--4!/data/5e-admin/node_modules/cache-loader/dist/cjs.js??ref--0-0!/data/5e-admin/node_modules/vue-loader/lib/index.js??vue-loader-options!/data/5e-admin/node_modules/eslint-loader/index.js??ref--13-0!/data/5e-admin/src/layout/components/Sidebar/index.vue?vue&type=template&id=33ec43fc
<s> [webpack.Progress] 66% building 634/671 modules 37 active /data/5e-admin/node_modules/file-saver/dist/FileSaver.min.js
<s> [webpack.Progress] 66% building 634/672 modules 38 active /data/5e-admin/node_modules/vue-loader/lib/loaders/pitcher.js??ref--4!/data/5e-admin/node_modules/cache-loader/dist/cjs.js??ref--12-0!/data/5e-admin/node_modules/babel-loader/lib/index.js!/data/5e-admin/node_modules/cache-loader/dist/cjs.js??ref--0-0!/data/5e-admin/node_modules/vue-loader/lib/index.js??vue-loader-options!/data/5e-admin/node_modules/eslint-loader/index.js??ref--13-0!/data/5e-admin/node_modules/eslint-loader/index.js??ref--13-0!/data/5e-admin/src/layout/components/Sidebar/index.vue?vue&type=script&lang=js
<s> [webpack.Progress] 66% building 635/672 modules 37 active /data/5e-admin/node_modules/file-saver/dist/FileSaver.min.js
<s> [webpack.Progress] 66% building 635/673 modules 38 active /data/5e-admin/node_modules/cache-loader/dist/cjs.js??ref--12-0!/data/5e-admin/node_modules/babel-loader/lib/index.js!/data/5e-admin/node_modules/cache-loader/dist/cjs.js??ref--0-0!/data/5e-admin/node_modules/vue-loader/lib/index.js??vue-loader-options!/data/5e-admin/src/layout/components/Sidebar/index.vue?vue&type=script&lang=js
<s> [webpack.Progress] 66% building 635/674 modules 39 active /data/5e-admin/node_modules/cache-loader/dist/cjs.js?{"cacheDirectory":"node_modules/.cache/vue-loader","cacheIdentifier":"f79bae76-vue-loader-template"}!/data/5e-admin/node_modules/vue-loader/lib/loaders/templateLoader.js??vue-loader-options!/data/5e-admin/node_modules/cache-loader/dist/cjs.js??ref--0-0!/data/5e-admin/node_modules/vue-loader/lib/index.js??vue-loader-options!/data/5e-admin/src/layout/components/Sidebar/index.vue?vue&type=template&id=33ec43fc
<s> [webpack.Progress] 66% building 636/674 modules 38 active /data/5e-admin/node_modules/cache-loader/dist/cjs.js?{"cacheDirectory":"node_modules/.cache/vue-loader","cacheIdentifier":"f79bae76-vue-loader-template"}!/data/5e-admin/node_modules/vue-loader/lib/loaders/templateLoader.js??vue-loader-options!/data/5e-admin/node_modules/cache-loader/dist/cjs.js??ref--0-0!/data/5e-admin/node_modules/vue-loader/lib/index.js??vue-loader-options!/data/5e-admin/src/layout/components/Sidebar/index.vue?vue&type=template&id=33ec43fc
<s> [webpack.Progress] 66% building 636/675 modules 39 active /data/5e-admin/node_modules/vue-loader/lib/loaders/pitcher.js??ref--4!/data/5e-admin/node_modules/cache-loader/dist/cjs.js??ref--0-0!/data/5e-admin/node_modules/vue-loader/lib/index.js??vue-loader-options!/data/5e-admin/node_modules/eslint-loader/index.js??ref--13-0!/data/5e-admin/src/layout/components/TagsView/index.vue?vue&type=template&id=fac8ca64&scoped=true
<s> [webpack.Progress] 66% building 637/675 modules 38 active /data/5e-admin/node_modules/cache-loader/dist/cjs.js?{"cacheDirectory":"node_modules/.cache/vue-loader","cacheIdentifier":"f79bae76-vue-loader-template"}!/data/5e-admin/node_modules/vue-loader/lib/loaders/templateLoader.js??vue-loader-options!/data/5e-admin/node_modules/cache-loader/dist/cjs.js??ref--0-0!/data/5e-admin/node_modules/vue-loader/lib/index.js??vue-loader-options!/data/5e-admin/src/layout/components/Sidebar/index.vue?vue&type=template&id=33ec43fc
<s> [webpack.Progress] 66% building 637/676 modules 39 active /data/5e-admin/node_modules/vue-loader/lib/loaders/pitcher.js??ref--4!/data/5e-admin/node_modules/cache-loader/dist/cjs.js??ref--12-0!/data/5e-admin/node_modules/babel-loader/lib/index.js!/data/5e-admin/node_modules/cache-loader/dist/cjs.js??ref--0-0!/data/5e-admin/node_modules/vue-loader/lib/index.js??vue-loader-options!/data/5e-admin/node_modules/eslint-loader/index.js??ref--13-0!/data/5e-admin/node_modules/eslint-loader/index.js??ref--13-0!/data/5e-admin/src/layout/components/TagsView/index.vue?vue&type=script&lang=js
<s> [webpack.Progress] 66% building 638/676 modules 38 active /data/5e-admin/node_modules/cache-loader/dist/cjs.js?{"cacheDirectory":"node_modules/.cache/vue-loader","cacheIdentifier":"f79bae76-vue-loader-template"}!/data/5e-admin/node_modules/vue-loader/lib/loaders/templateLoader.js??vue-loader-options!/data/5e-admin/node_modules/cache-loader/dist/cjs.js??ref--0-0!/data/5e-admin/node_modules/vue-loader/lib/index.js??vue-loader-options!/data/5e-admin/src/layout/components/Sidebar/index.vue?vue&type=template&id=33ec43fc
<s> [webpack.Progress] 66% building 638/677 modules 39 active /data/5e-admin/node_modules/vue-loader/lib/loaders/pitcher.js??ref--4!/data/5e-admin/node_modules/vue-style-loader/index.js??ref--8-oneOf-1-0!/data/5e-admin/node_modules/css-loader/dist/cjs.js??ref--8-oneOf-1-1!/data/5e-admin/node_modules/postcss-loader/src/index.js??ref--8-oneOf-1-2!/data/5e-admin/node_modules/sass-loader/dist/cjs.js??ref--8-oneOf-1-3!/data/5e-admin/node_modules/cache-loader/dist/cjs.js??ref--0-0!/data/5e-admin/node_modules/vue-loader/lib/index.js??vue-loader-options!/data/5e-admin/node_modules/eslint-loader/index.js??ref--13-0!/data/5e-admin/src/layout/components/TagsView/index.vue?vue&type=style&index=0&id=fac8ca64&lang=scss&scoped=true
<s> [webpack.Progress] 66% building 639/677 modules 38 active /data/5e-admin/node_modules/cache-loader/dist/cjs.js?{"cacheDirectory":"node_modules/.cache/vue-loader","cacheIdentifier":"f79bae76-vue-loader-template"}!/data/5e-admin/node_modules/vue-loader/lib/loaders/templateLoader.js??vue-loader-options!/data/5e-admin/node_modules/cache-loader/dist/cjs.js??ref--0-0!/data/5e-admin/node_modules/vue-loader/lib/index.js??vue-loader-options!/data/5e-admin/src/layout/components/Sidebar/index.vue?vue&type=template&id=33ec43fc
<s> [webpack.Progress] 66% building 639/678 modules 39 active /data/5e-admin/node_modules/vue-loader/lib/loaders/pitcher.js??ref--4!/data/5e-admin/node_modules/vue-style-loader/index.js??ref--8-oneOf-1-0!/data/5e-admin/node_modules/css-loader/dist/cjs.js??ref--8-oneOf-1-1!/data/5e-admin/node_modules/postcss-loader/src/index.js??ref--8-oneOf-1-2!/data/5e-admin/node_modules/sass-loader/dist/cjs.js??ref--8-oneOf-1-3!/data/5e-admin/node_modules/cache-loader/dist/cjs.js??ref--0-0!/data/5e-admin/node_modules/vue-loader/lib/index.js??vue-loader-options!/data/5e-admin/node_modules/eslint-loader/index.js??ref--13-0!/data/5e-admin/src/layout/components/TagsView/index.vue?vue&type=style&index=1&id=fac8ca64&lang=scss
<s> [webpack.Progress] 66% building 640/678 modules 38 active /data/5e-admin/node_modules/cache-loader/dist/cjs.js?{"cacheDirectory":"node_modules/.cache/vue-loader","cacheIdentifier":"f79bae76-vue-loader-template"}!/data/5e-admin/node_modules/vue-loader/lib/loaders/templateLoader.js??vue-loader-options!/data/5e-admin/node_modules/cache-loader/dist/cjs.js??ref--0-0!/data/5e-admin/node_modules/vue-loader/lib/index.js??vue-loader-options!/data/5e-admin/src/layout/components/Sidebar/index.vue?vue&type=template&id=33ec43fc
<s> [webpack.Progress] 66% building 640/679 modules 39 active /data/5e-admin/node_modules/cache-loader/dist/cjs.js??ref--12-0!/data/5e-admin/node_modules/babel-loader/lib/index.js!/data/5e-admin/node_modules/cache-loader/dist/cjs.js??ref--0-0!/data/5e-admin/node_modules/vue-loader/lib/index.js??vue-loader-options!/data/5e-admin/src/layout/components/TagsView/index.vue?vue&type=script&lang=js
<s> [webpack.Progress] 66% building 640/680 modules 40 active /data/5e-admin/node_modules/cache-loader/dist/cjs.js?{"cacheDirectory":"node_modules/.cache/vue-loader","cacheIdentifier":"f79bae76-vue-loader-template"}!/data/5e-admin/node_modules/vue-loader/lib/loaders/templateLoader.js??vue-loader-options!/data/5e-admin/node_modules/cache-loader/dist/cjs.js??ref--0-0!/data/5e-admin/node_modules/vue-loader/lib/index.js??vue-loader-options!/data/5e-admin/src/layout/components/TagsView/index.vue?vue&type=template&id=fac8ca64&scoped=true
<s> [webpack.Progress] 66% building 640/681 modules 41 active /data/5e-admin/node_modules/vue-style-loader/index.js??ref--8-oneOf-1-0!/data/5e-admin/node_modules/css-loader/dist/cjs.js??ref--8-oneOf-1-1!/data/5e-admin/node_modules/vue-loader/lib/loaders/stylePostLoader.js!/data/5e-admin/node_modules/postcss-loader/src/index.js??ref--8-oneOf-1-2!/data/5e-admin/node_modules/sass-loader/dist/cjs.js??ref--8-oneOf-1-3!/data/5e-admin/node_modules/cache-loader/dist/cjs.js??ref--0-0!/data/5e-admin/node_modules/vue-loader/lib/index.js??vue-loader-options!/data/5e-admin/src/layout/components/TagsView/index.vue?vue&type=style&index=0&id=fac8ca64&lang=scss&scoped=true
<s> [webpack.Progress] 66% building 641/681 modules 40 active /data/5e-admin/node_modules/cache-loader/dist/cjs.js?{"cacheDirectory":"node_modules/.cache/vue-loader","cacheIdentifier":"f79bae76-vue-loader-template"}!/data/5e-admin/node_modules/vue-loader/lib/loaders/templateLoader.js??vue-loader-options!/data/5e-admin/node_modules/cache-loader/dist/cjs.js??ref--0-0!/data/5e-admin/node_modules/vue-loader/lib/index.js??vue-loader-options!/data/5e-admin/src/layout/components/TagsView/index.vue?vue&type=template&id=fac8ca64&scoped=true
<s> [webpack.Progress] 66% building 641/682 modules 41 active /data/5e-admin/node_modules/vue-style-loader/index.js??ref--8-oneOf-1-0!/data/5e-admin/node_modules/css-loader/dist/cjs.js??ref--8-oneOf-1-1!/data/5e-admin/node_modules/vue-loader/lib/loaders/stylePostLoader.js!/data/5e-admin/node_modules/postcss-loader/src/index.js??ref--8-oneOf-1-2!/data/5e-admin/node_modules/sass-loader/dist/cjs.js??ref--8-oneOf-1-3!/data/5e-admin/node_modules/cache-loader/dist/cjs.js??ref--0-0!/data/5e-admin/node_modules/vue-loader/lib/index.js??vue-loader-options!/data/5e-admin/src/layout/components/TagsView/index.vue?vue&type=style&index=1&id=fac8ca64&lang=scss
<s> [webpack.Progress] 66% building 642/682 modules 40 active /data/5e-admin/node_modules/cache-loader/dist/cjs.js?{"cacheDirectory":"node_modules/.cache/vue-loader","cacheIdentifier":"f79bae76-vue-loader-template"}!/data/5e-admin/node_modules/vue-loader/lib/loaders/templateLoader.js??vue-loader-options!/data/5e-admin/node_modules/cache-loader/dist/cjs.js??ref--0-0!/data/5e-admin/node_modules/vue-loader/lib/index.js??vue-loader-options!/data/5e-admin/src/layout/components/TagsView/index.vue?vue&type=template&id=fac8ca64&scoped=true
<s> [webpack.Progress] 66% building 642/683 modules 41 active /data/5e-admin/node_modules/css-loader/dist/cjs.js??ref--8-oneOf-1-1!/data/5e-admin/node_modules/vue-loader/lib/loaders/stylePostLoader.js!/data/5e-admin/node_modules/postcss-loader/src/index.js??ref--8-oneOf-1-2!/data/5e-admin/node_modules/sass-loader/dist/cjs.js??ref--8-oneOf-1-3!/data/5e-admin/node_modules/cache-loader/dist/cjs.js??ref--0-0!/data/5e-admin/node_modules/vue-loader/lib/index.js??vue-loader-options!/data/5e-admin/src/layout/components/TagsView/index.vue?vue&type=style&index=0&id=fac8ca64&lang=scss&scoped=true
<s> [webpack.Progress] 66% building 642/684 modules 42 active /data/5e-admin/node_modules/css-loader/dist/cjs.js??ref--8-oneOf-1-1!/data/5e-admin/node_modules/vue-loader/lib/loaders/stylePostLoader.js!/data/5e-admin/node_modules/postcss-loader/src/index.js??ref--8-oneOf-1-2!/data/5e-admin/node_modules/sass-loader/dist/cjs.js??ref--8-oneOf-1-3!/data/5e-admin/node_modules/cache-loader/dist/cjs.js??ref--0-0!/data/5e-admin/node_modules/vue-loader/lib/index.js??vue-loader-options!/data/5e-admin/src/layout/components/TagsView/index.vue?vue&type=style&index=1&id=fac8ca64&lang=scss
<s> [webpack.Progress] 66% building 642/685 modules 43 active /data/5e-admin/node_modules/core-js/internals/array-buffer-native.js
<s> [webpack.Progress] 66% building 642/686 modules 44 active /data/5e-admin/node_modules/core-js/internals/to-index.js
<s> [webpack.Progress] 66% building 642/687 modules 45 active /data/5e-admin/node_modules/core-js/internals/ieee754.js
<s> [webpack.Progress] 65% building 642/688 modules 46 active /data/5e-admin/node_modules/core-js/internals/typed-array-constructors-require-wrappers.js
<s> [webpack.Progress] 65% building 642/689 modules 47 active /data/5e-admin/node_modules/core-js/internals/typed-array-from.js
<s> [webpack.Progress] 65% building 642/690 modules 48 active /data/5e-admin/node_modules/core-js/internals/to-positive-integer.js
<s> [webpack.Progress] 65% building 643/690 modules 47 active /data/5e-admin/node_modules/core-js/internals/to-positive-integer.js
<s> [webpack.Progress] 65% building 643/691 modules 48 active /data/5e-admin/node_modules/babel-runtime/node_modules/core-js/library/modules/_ctx.js
<s> [webpack.Progress] 65% building 643/692 modules 49 active /data/5e-admin/node_modules/babel-runtime/node_modules/core-js/library/modules/_iobject.js
<s> [webpack.Progress] 65% building 643/693 modules 50 active /data/5e-admin/node_modules/babel-runtime/node_modules/core-js/library/modules/_to-integer.js
<s> [webpack.Progress] 65% building 643/694 modules 51 active /data/5e-admin/node_modules/babel-runtime/node_modules/core-js/library/modules/_defined.js
<s> [webpack.Progress] 65% building 643/695 modules 52 active /data/5e-admin/node_modules/babel-runtime/node_modules/core-js/library/modules/_iter-create.js
<s> [webpack.Progress] 65% building 643/696 modules 53 active /data/5e-admin/node_modules/babel-runtime/node_modules/core-js/library/modules/_object-gpo.js
<s> [webpack.Progress] 65% building 643/697 modules 54 active /data/5e-admin/node_modules/babel-runtime/node_modules/core-js/library/modules/_add-to-unscopables.js
<s> [webpack.Progress] 65% building 643/698 modules 55 active /data/5e-admin/node_modules/babel-runtime/node_modules/core-js/library/modules/_iter-step.js
<s> [webpack.Progress] 65% building 643/699 modules 56 active /data/5e-admin/node_modules/xlsx/xlsx.js
<s> [webpack.Progress] 65% building 643/700 modules 57 active /data/5e-admin/node_modules/cache-loader/dist/cjs.js??ref--0-0!/data/5e-admin/node_modules/vue-loader/lib/index.js??vue-loader-options!/data/5e-admin/node_modules/eslint-loader/index.js??ref--13-0!/data/5e-admin/src/layout/components/AppMain.vue
<s> [webpack.Progress] 65% building 643/701 modules 58 active /data/5e-admin/node_modules/cache-loader/dist/cjs.js??ref--0-0!/data/5e-admin/node_modules/vue-loader/lib/index.js??vue-loader-options!/data/5e-admin/node_modules/eslint-loader/index.js??ref--13-0!/data/5e-admin/src/layout/components/Navbar.vue
<s> [webpack.Progress] 65% building 644/701 modules 57 active /data/5e-admin/node_modules/cache-loader/dist/cjs.js??ref--0-0!/data/5e-admin/node_modules/vue-loader/lib/index.js??vue-loader-options!/data/5e-admin/node_modules/eslint-loader/index.js??ref--13-0!/data/5e-admin/src/layout/components/Navbar.vue
<s> [webpack.Progress] 65% building 645/701 modules 56 active /data/5e-admin/node_modules/cache-loader/dist/cjs.js??ref--0-0!/data/5e-admin/node_modules/vue-loader/lib/index.js??vue-loader-options!/data/5e-admin/node_modules/eslint-loader/index.js??ref--13-0!/data/5e-admin/src/layout/components/Navbar.vue
<s> [webpack.Progress] 65% building 646/701 modules 55 active /data/5e-admin/node_modules/cache-loader/dist/cjs.js??ref--0-0!/data/5e-admin/node_modules/vue-loader/lib/index.js??vue-loader-options!/data/5e-admin/node_modules/eslint-loader/index.js??ref--13-0!/data/5e-admin/src/layout/components/Navbar.vue
<s> [webpack.Progress] 65% building 647/701 modules 54 active /data/5e-admin/node_modules/cache-loader/dist/cjs.js??ref--0-0!/data/5e-admin/node_modules/vue-loader/lib/index.js??vue-loader-options!/data/5e-admin/node_modules/eslint-loader/index.js??ref--13-0!/data/5e-admin/src/layout/components/Navbar.vue
<s> [webpack.Progress] 65% building 648/701 modules 53 active /data/5e-admin/node_modules/cache-loader/dist/cjs.js??ref--0-0!/data/5e-admin/node_modules/vue-loader/lib/index.js??vue-loader-options!/data/5e-admin/node_modules/eslint-loader/index.js??ref--13-0!/data/5e-admin/src/layout/components/Navbar.vue
<s> [webpack.Progress] 65% building 649/701 modules 52 active /data/5e-admin/node_modules/cache-loader/dist/cjs.js??ref--0-0!/data/5e-admin/node_modules/vue-loader/lib/index.js??vue-loader-options!/data/5e-admin/node_modules/eslint-loader/index.js??ref--13-0!/data/5e-admin/src/layout/components/Navbar.vue
<s> [webpack.Progress] 65% building 650/701 modules 51 active /data/5e-admin/node_modules/cache-loader/dist/cjs.js??ref--0-0!/data/5e-admin/node_modules/vue-loader/lib/index.js??vue-loader-options!/data/5e-admin/node_modules/eslint-loader/index.js??ref--13-0!/data/5e-admin/src/layout/components/Navbar.vue
<s> [webpack.Progress] 65% building 651/701 modules 50 active /data/5e-admin/node_modules/cache-loader/dist/cjs.js??ref--0-0!/data/5e-admin/node_modules/vue-loader/lib/index.js??vue-loader-options!/data/5e-admin/node_modules/eslint-loader/index.js??ref--13-0!/data/5e-admin/src/layout/components/Navbar.vue
<s> [webpack.Progress] 65% building 652/701 modules 49 active /data/5e-admin/node_modules/cache-loader/dist/cjs.js??ref--0-0!/data/5e-admin/node_modules/vue-loader/lib/index.js??vue-loader-options!/data/5e-admin/node_modules/eslint-loader/index.js??ref--13-0!/data/5e-admin/src/layout/components/Navbar.vue
<s> [webpack.Progress] 65% building 653/701 modules 48 active /data/5e-admin/node_modules/cache-loader/dist/cjs.js??ref--0-0!/data/5e-admin/node_modules/vue-loader/lib/index.js??vue-loader-options!/data/5e-admin/node_modules/eslint-loader/index.js??ref--13-0!/data/5e-admin/src/layout/components/Navbar.vue
<s> [webpack.Progress] 65% building 654/701 modules 47 active /data/5e-admin/node_modules/cache-loader/dist/cjs.js??ref--0-0!/data/5e-admin/node_modules/vue-loader/lib/index.js??vue-loader-options!/data/5e-admin/node_modules/eslint-loader/index.js??ref--13-0!/data/5e-admin/src/layout/components/Navbar.vue
<s> [webpack.Progress] 66% building 655/701 modules 46 active /data/5e-admin/node_modules/cache-loader/dist/cjs.js??ref--0-0!/data/5e-admin/node_modules/vue-loader/lib/index.js??vue-loader-options!/data/5e-admin/node_modules/eslint-loader/index.js??ref--13-0!/data/5e-admin/src/layout/components/Navbar.vue
<s> [webpack.Progress] 66% building 656/701 modules 45 active /data/5e-admin/node_modules/cache-loader/dist/cjs.js??ref--0-0!/data/5e-admin/node_modules/vue-loader/lib/index.js??vue-loader-options!/data/5e-admin/node_modules/eslint-loader/index.js??ref--13-0!/data/5e-admin/src/layout/components/Navbar.vue
<s> [webpack.Progress] 66% building 657/701 modules 44 active /data/5e-admin/node_modules/cache-loader/dist/cjs.js??ref--0-0!/data/5e-admin/node_modules/vue-loader/lib/index.js??vue-loader-options!/data/5e-admin/node_modules/eslint-loader/index.js??ref--13-0!/data/5e-admin/src/layout/components/Navbar.vue
<s> [webpack.Progress] 66% building 658/701 modules 43 active /data/5e-admin/node_modules/cache-loader/dist/cjs.js??ref--0-0!/data/5e-admin/node_modules/vue-loader/lib/index.js??vue-loader-options!/data/5e-admin/node_modules/eslint-loader/index.js??ref--13-0!/data/5e-admin/src/layout/components/Navbar.vue
<s> [webpack.Progress] 66% building 659/701 modules 42 active /data/5e-admin/node_modules/cache-loader/dist/cjs.js??ref--0-0!/data/5e-admin/node_modules/vue-loader/lib/index.js??vue-loader-options!/data/5e-admin/node_modules/eslint-loader/index.js??ref--13-0!/data/5e-admin/src/layout/components/Navbar.vue
<s> [webpack.Progress] 66% building 660/701 modules 41 active /data/5e-admin/node_modules/cache-loader/dist/cjs.js??ref--0-0!/data/5e-admin/node_modules/vue-loader/lib/index.js??vue-loader-options!/data/5e-admin/node_modules/eslint-loader/index.js??ref--13-0!/data/5e-admin/src/layout/components/Navbar.vue
<s> [webpack.Progress] 66% building 661/701 modules 40 active /data/5e-admin/node_modules/cache-loader/dist/cjs.js??ref--0-0!/data/5e-admin/node_modules/vue-loader/lib/index.js??vue-loader-options!/data/5e-admin/node_modules/eslint-loader/index.js??ref--13-0!/data/5e-admin/src/layout/components/Navbar.vue
<s> [webpack.Progress] 66% building 662/701 modules 39 active /data/5e-admin/node_modules/cache-loader/dist/cjs.js??ref--0-0!/data/5e-admin/node_modules/vue-loader/lib/index.js??vue-loader-options!/data/5e-admin/node_modules/eslint-loader/index.js??ref--13-0!/data/5e-admin/src/layout/components/Navbar.vue
<s> [webpack.Progress] 66% building 663/701 modules 38 active /data/5e-admin/node_modules/cache-loader/dist/cjs.js??ref--0-0!/data/5e-admin/node_modules/vue-loader/lib/index.js??vue-loader-options!/data/5e-admin/node_modules/eslint-loader/index.js??ref--13-0!/data/5e-admin/src/layout/components/Navbar.vue
<s> [webpack.Progress] 66% building 664/701 modules 37 active /data/5e-admin/node_modules/cache-loader/dist/cjs.js??ref--0-0!/data/5e-admin/node_modules/vue-loader/lib/index.js??vue-loader-options!/data/5e-admin/node_modules/eslint-loader/index.js??ref--13-0!/data/5e-admin/src/layout/components/Navbar.vue
<s> [webpack.Progress] 66% building 665/701 modules 36 active /data/5e-admin/node_modules/cache-loader/dist/cjs.js??ref--0-0!/data/5e-admin/node_modules/vue-loader/lib/index.js??vue-loader-options!/data/5e-admin/node_modules/eslint-loader/index.js??ref--13-0!/data/5e-admin/src/layout/components/Navbar.vue
<s> [webpack.Progress] 67% building 666/701 modules 35 active /data/5e-admin/node_modules/cache-loader/dist/cjs.js??ref--0-0!/data/5e-admin/node_modules/vue-loader/lib/index.js??vue-loader-options!/data/5e-admin/node_modules/eslint-loader/index.js??ref--13-0!/data/5e-admin/src/layout/components/Navbar.vue
<s> [webpack.Progress] 67% building 667/701 modules 34 active /data/5e-admin/node_modules/cache-loader/dist/cjs.js??ref--0-0!/data/5e-admin/node_modules/vue-loader/lib/index.js??vue-loader-options!/data/5e-admin/node_modules/eslint-loader/index.js??ref--13-0!/data/5e-admin/src/layout/components/Navbar.vue
<s> [webpack.Progress] 67% building 668/701 modules 33 active /data/5e-admin/node_modules/cache-loader/dist/cjs.js??ref--0-0!/data/5e-admin/node_modules/vue-loader/lib/index.js??vue-loader-options!/data/5e-admin/node_modules/eslint-loader/index.js??ref--13-0!/data/5e-admin/src/layout/components/Navbar.vue
<s> [webpack.Progress] 67% building 669/701 modules 32 active /data/5e-admin/node_modules/cache-loader/dist/cjs.js??ref--0-0!/data/5e-admin/node_modules/vue-loader/lib/index.js??vue-loader-options!/data/5e-admin/node_modules/eslint-loader/index.js??ref--13-0!/data/5e-admin/src/layout/components/Navbar.vue
<s> [webpack.Progress] 67% building 669/702 modules 33 active /data/5e-admin/node_modules/es-errors/eval.js
<s> [webpack.Progress] 67% building 669/703 modules 34 active /data/5e-admin/node_modules/es-errors/range.js
<s> [webpack.Progress] 67% building 669/704 modules 35 active /data/5e-admin/node_modules/es-errors/ref.js
<s> [webpack.Progress] 66% building 669/705 modules 36 active /data/5e-admin/node_modules/es-errors/syntax.js
<s> [webpack.Progress] 66% building 669/706 modules 37 active /data/5e-admin/node_modules/es-errors/uri.js
<s> [webpack.Progress] 66% building 670/706 modules 36 active /data/5e-admin/node_modules/es-errors/uri.js
<s> [webpack.Progress] 67% building 671/706 modules 35 active /data/5e-admin/node_modules/es-errors/uri.js
<s> [webpack.Progress] 67% building 672/706 modules 34 active /data/5e-admin/node_modules/es-errors/uri.js
<s> [webpack.Progress] 67% building 672/707 modules 35 active /data/5e-admin/node_modules/vue-style-loader/index.js??ref--8-oneOf-3-0!/data/5e-admin/node_modules/css-loader/dist/cjs.js??ref--8-oneOf-3-1!/data/5e-admin/node_modules/postcss-loader/src/index.js??ref--8-oneOf-3-2!/data/5e-admin/node_modules/sass-loader/dist/cjs.js??ref--8-oneOf-3-3!/data/5e-admin/src/styles/variables.scss
<s> [webpack.Progress] 67% building 673/707 modules 34 active /data/5e-admin/node_modules/es-errors/uri.js
<s> [webpack.Progress] 67% building 673/708 modules 35 active /data/5e-admin/node_modules/css-loader/dist/cjs.js??ref--8-oneOf-3-1!/data/5e-admin/node_modules/postcss-loader/src/index.js??ref--8-oneOf-3-2!/data/5e-admin/node_modules/sass-loader/dist/cjs.js??ref--8-oneOf-3-3!/data/5e-admin/src/styles/variables.scss
<s> [webpack.Progress] 67% building 674/708 modules 34 active /data/5e-admin/node_modules/css-loader/dist/cjs.js??ref--8-oneOf-3-1!/data/5e-admin/node_modules/postcss-loader/src/index.js??ref--8-oneOf-3-2!/data/5e-admin/node_modules/sass-loader/dist/cjs.js??ref--8-oneOf-3-3!/data/5e-admin/src/styles/variables.scss
<s> [webpack.Progress] 67% building 675/708 modules 33 active /data/5e-admin/node_modules/css-loader/dist/cjs.js??ref--8-oneOf-3-1!/data/5e-admin/node_modules/postcss-loader/src/index.js??ref--8-oneOf-3-2!/data/5e-admin/node_modules/sass-loader/dist/cjs.js??ref--8-oneOf-3-3!/data/5e-admin/src/styles/variables.scss
<s> [webpack.Progress] 67% building 676/708 modules 32 active /data/5e-admin/node_modules/css-loader/dist/cjs.js??ref--8-oneOf-3-1!/data/5e-admin/node_modules/postcss-loader/src/index.js??ref--8-oneOf-3-2!/data/5e-admin/node_modules/sass-loader/dist/cjs.js??ref--8-oneOf-3-3!/data/5e-admin/src/styles/variables.scss
<s> [webpack.Progress] 67% building 677/708 modules 31 active /data/5e-admin/node_modules/css-loader/dist/cjs.js??ref--8-oneOf-3-1!/data/5e-admin/node_modules/postcss-loader/src/index.js??ref--8-oneOf-3-2!/data/5e-admin/node_modules/sass-loader/dist/cjs.js??ref--8-oneOf-3-3!/data/5e-admin/src/styles/variables.scss
<s> [webpack.Progress] 67% building 678/708 modules 30 active /data/5e-admin/node_modules/css-loader/dist/cjs.js??ref--8-oneOf-3-1!/data/5e-admin/node_modules/postcss-loader/src/index.js??ref--8-oneOf-3-2!/data/5e-admin/node_modules/sass-loader/dist/cjs.js??ref--8-oneOf-3-3!/data/5e-admin/src/styles/variables.scss
<s> [webpack.Progress] 67% building 679/708 modules 29 active /data/5e-admin/node_modules/css-loader/dist/cjs.js??ref--8-oneOf-3-1!/data/5e-admin/node_modules/postcss-loader/src/index.js??ref--8-oneOf-3-2!/data/5e-admin/node_modules/sass-loader/dist/cjs.js??ref--8-oneOf-3-3!/data/5e-admin/src/styles/variables.scss
<s> [webpack.Progress] 67% building 680/708 modules 28 active /data/5e-admin/node_modules/css-loader/dist/cjs.js??ref--8-oneOf-3-1!/data/5e-admin/node_modules/postcss-loader/src/index.js??ref--8-oneOf-3-2!/data/5e-admin/node_modules/sass-loader/dist/cjs.js??ref--8-oneOf-3-3!/data/5e-admin/src/styles/variables.scss
<s> [webpack.Progress] 67% building 681/708 modules 27 active /data/5e-admin/node_modules/css-loader/dist/cjs.js??ref--8-oneOf-3-1!/data/5e-admin/node_modules/postcss-loader/src/index.js??ref--8-oneOf-3-2!/data/5e-admin/node_modules/sass-loader/dist/cjs.js??ref--8-oneOf-3-3!/data/5e-admin/src/styles/variables.scss
<s> [webpack.Progress] 67% building 682/708 modules 26 active /data/5e-admin/node_modules/css-loader/dist/cjs.js??ref--8-oneOf-3-1!/data/5e-admin/node_modules/postcss-loader/src/index.js??ref--8-oneOf-3-2!/data/5e-admin/node_modules/sass-loader/dist/cjs.js??ref--8-oneOf-3-3!/data/5e-admin/src/styles/variables.scss
<s> [webpack.Progress] 67% building 683/708 modules 25 active /data/5e-admin/node_modules/css-loader/dist/cjs.js??ref--8-oneOf-3-1!/data/5e-admin/node_modules/postcss-loader/src/index.js??ref--8-oneOf-3-2!/data/5e-admin/node_modules/sass-loader/dist/cjs.js??ref--8-oneOf-3-3!/data/5e-admin/src/styles/variables.scss
<s> [webpack.Progress] 67% building 684/708 modules 24 active /data/5e-admin/node_modules/css-loader/dist/cjs.js??ref--8-oneOf-3-1!/data/5e-admin/node_modules/postcss-loader/src/index.js??ref--8-oneOf-3-2!/data/5e-admin/node_modules/sass-loader/dist/cjs.js??ref--8-oneOf-3-3!/data/5e-admin/src/styles/variables.scss
<s> [webpack.Progress] 68% building 685/708 modules 23 active /data/5e-admin/node_modules/css-loader/dist/cjs.js??ref--8-oneOf-3-1!/data/5e-admin/node_modules/postcss-loader/src/index.js??ref--8-oneOf-3-2!/data/5e-admin/node_modules/sass-loader/dist/cjs.js??ref--8-oneOf-3-3!/data/5e-admin/src/styles/variables.scss
<s> [webpack.Progress] 68% building 686/708 modules 22 active /data/5e-admin/node_modules/css-loader/dist/cjs.js??ref--8-oneOf-3-1!/data/5e-admin/node_modules/postcss-loader/src/index.js??ref--8-oneOf-3-2!/data/5e-admin/node_modules/sass-loader/dist/cjs.js??ref--8-oneOf-3-3!/data/5e-admin/src/styles/variables.scss
<s> [webpack.Progress] 68% building 687/708 modules 21 active /data/5e-admin/node_modules/css-loader/dist/cjs.js??ref--8-oneOf-3-1!/data/5e-admin/node_modules/postcss-loader/src/index.js??ref--8-oneOf-3-2!/data/5e-admin/node_modules/sass-loader/dist/cjs.js??ref--8-oneOf-3-3!/data/5e-admin/src/styles/variables.scss
<s> [webpack.Progress] 68% building 688/708 modules 20 active /data/5e-admin/node_modules/css-loader/dist/cjs.js??ref--8-oneOf-3-1!/data/5e-admin/node_modules/postcss-loader/src/index.js??ref--8-oneOf-3-2!/data/5e-admin/node_modules/sass-loader/dist/cjs.js??ref--8-oneOf-3-3!/data/5e-admin/src/styles/variables.scss
<s> [webpack.Progress] 68% building 689/708 modules 19 active /data/5e-admin/node_modules/css-loader/dist/cjs.js??ref--8-oneOf-3-1!/data/5e-admin/node_modules/postcss-loader/src/index.js??ref--8-oneOf-3-2!/data/5e-admin/node_modules/sass-loader/dist/cjs.js??ref--8-oneOf-3-3!/data/5e-admin/src/styles/variables.scss
<s> [webpack.Progress] 68% building 690/708 modules 18 active /data/5e-admin/node_modules/css-loader/dist/cjs.js??ref--8-oneOf-3-1!/data/5e-admin/node_modules/postcss-loader/src/index.js??ref--8-oneOf-3-2!/data/5e-admin/node_modules/sass-loader/dist/cjs.js??ref--8-oneOf-3-3!/data/5e-admin/src/styles/variables.scss
<s> [webpack.Progress] 68% building 690/709 modules 19 active /data/5e-admin/node_modules/cache-loader/dist/cjs.js??ref--12-0!/data/5e-admin/node_modules/babel-loader/lib/index.js!/data/5e-admin/node_modules/eslint-loader/index.js??ref--13-0!/data/5e-admin/src/utils/clipboard.js
<s> [webpack.Progress] 68% building 690/710 modules 20 active /data/5e-admin/node_modules/cache-loader/dist/cjs.js??ref--12-0!/data/5e-admin/node_modules/babel-loader/lib/index.js!/data/5e-admin/node_modules/eslint-loader/index.js??ref--13-0!/data/5e-admin/src/utils/scroll-to.js
<s> [webpack.Progress] 68% building 690/711 modules 21 active /data/5e-admin/node_modules/vue-style-loader/index.js??ref--6-oneOf-3-0!/data/5e-admin/node_modules/css-loader/dist/cjs.js??ref--6-oneOf-3-1!/data/5e-admin/node_modules/postcss-loader/src/index.js??ref--6-oneOf-3-2!/data/5e-admin/src/directive/waves/waves.css
<s> [webpack.Progress] 68% building 691/711 modules 20 active /data/5e-admin/node_modules/cache-loader/dist/cjs.js??ref--12-0!/data/5e-admin/node_modules/babel-loader/lib/index.js!/data/5e-admin/node_modules/eslint-loader/index.js??ref--13-0!/data/5e-admin/src/utils/scroll-to.js
<s> [webpack.Progress] 68% building 691/712 modules 21 active /data/5e-admin/node_modules/css-loader/dist/cjs.js??ref--6-oneOf-3-1!/data/5e-admin/node_modules/postcss-loader/src/index.js??ref--6-oneOf-3-2!/data/5e-admin/src/directive/waves/waves.css
<s> [webpack.Progress] 68% building 692/712 modules 20 active /data/5e-admin/node_modules/css-loader/dist/cjs.js??ref--6-oneOf-3-1!/data/5e-admin/node_modules/postcss-loader/src/index.js??ref--6-oneOf-3-2!/data/5e-admin/src/directive/waves/waves.css
<s> [webpack.Progress] 68% building 693/712 modules 19 active /data/5e-admin/node_modules/css-loader/dist/cjs.js??ref--6-oneOf-3-1!/data/5e-admin/node_modules/postcss-loader/src/index.js??ref--6-oneOf-3-2!/data/5e-admin/src/directive/waves/waves.css
<s> [webpack.Progress] 68% building 694/712 modules 18 active /data/5e-admin/node_modules/css-loader/dist/cjs.js??ref--6-oneOf-3-1!/data/5e-admin/node_modules/postcss-loader/src/index.js??ref--6-oneOf-3-2!/data/5e-admin/src/directive/waves/waves.css
<s> [webpack.Progress] 68% building 695/712 modules 17 active /data/5e-admin/node_modules/css-loader/dist/cjs.js??ref--6-oneOf-3-1!/data/5e-admin/node_modules/postcss-loader/src/index.js??ref--6-oneOf-3-2!/data/5e-admin/src/directive/waves/waves.css
<s> [webpack.Progress] 68% building 696/712 modules 16 active /data/5e-admin/node_modules/css-loader/dist/cjs.js??ref--6-oneOf-3-1!/data/5e-admin/node_modules/postcss-loader/src/index.js??ref--6-oneOf-3-2!/data/5e-admin/src/directive/waves/waves.css
<s> [webpack.Progress] 68% building 697/712 modules 15 active /data/5e-admin/node_modules/css-loader/dist/cjs.js??ref--6-oneOf-3-1!/data/5e-admin/node_modules/postcss-loader/src/index.js??ref--6-oneOf-3-2!/data/5e-admin/src/directive/waves/waves.css
<s> [webpack.Progress] 68% building 698/712 modules 14 active /data/5e-admin/node_modules/css-loader/dist/cjs.js??ref--6-oneOf-3-1!/data/5e-admin/node_modules/postcss-loader/src/index.js??ref--6-oneOf-3-2!/data/5e-admin/src/directive/waves/waves.css
<s> [webpack.Progress] 68% building 699/712 modules 13 active /data/5e-admin/node_modules/css-loader/dist/cjs.js??ref--6-oneOf-3-1!/data/5e-admin/node_modules/postcss-loader/src/index.js??ref--6-oneOf-3-2!/data/5e-admin/src/directive/waves/waves.css
<s> [webpack.Progress] 68% building 699/713 modules 14 active ignored /data/5e-admin/node_modules/xlsx fs
<s> [webpack.Progress] 68% building 700/713 modules 13 active /data/5e-admin/node_modules/css-loader/dist/cjs.js??ref--6-oneOf-3-1!/data/5e-admin/node_modules/postcss-loader/src/index.js??ref--6-oneOf-3-2!/data/5e-admin/src/directive/waves/waves.css
<s> [webpack.Progress] 68% building 700/714 modules 14 active ignored /data/5e-admin/node_modules/xlsx crypto
<s> [webpack.Progress] 68% building 701/714 modules 13 active /data/5e-admin/node_modules/css-loader/dist/cjs.js??ref--6-oneOf-3-1!/data/5e-admin/node_modules/postcss-loader/src/index.js??ref--6-oneOf-3-2!/data/5e-admin/src/directive/waves/waves.css
<s> [webpack.Progress] 68% building 701/715 modules 14 active ignored /data/5e-admin/node_modules/xlsx stream
<s> [webpack.Progress] 68% building 702/715 modules 13 active /data/5e-admin/node_modules/css-loader/dist/cjs.js??ref--6-oneOf-3-1!/data/5e-admin/node_modules/postcss-loader/src/index.js??ref--6-oneOf-3-2!/data/5e-admin/src/directive/waves/waves.css
<s> [webpack.Progress] 68% building 702/716 modules 14 active /data/5e-admin/node_modules/vue-loader/lib/loaders/pitcher.js??ref--4!/data/5e-admin/node_modules/cache-loader/dist/cjs.js??ref--0-0!/data/5e-admin/node_modules/vue-loader/lib/index.js??vue-loader-options!/data/5e-admin/node_modules/eslint-loader/index.js??ref--13-0!/data/5e-admin/src/layout/components/AppMain.vue?vue&type=template&id=078753dd&scoped=true
<s> [webpack.Progress] 68% building 703/716 modules 13 active /data/5e-admin/node_modules/css-loader/dist/cjs.js??ref--6-oneOf-3-1!/data/5e-admin/node_modules/postcss-loader/src/index.js??ref--6-oneOf-3-2!/data/5e-admin/src/directive/waves/waves.css
<s> [webpack.Progress] 68% building 703/717 modules 14 active /data/5e-admin/node_modules/vue-loader/lib/loaders/pitcher.js??ref--4!/data/5e-admin/node_modules/cache-loader/dist/cjs.js??ref--12-0!/data/5e-admin/node_modules/babel-loader/lib/index.js!/data/5e-admin/node_modules/cache-loader/dist/cjs.js??ref--0-0!/data/5e-admin/node_modules/vue-loader/lib/index.js??vue-loader-options!/data/5e-admin/node_modules/eslint-loader/index.js??ref--13-0!/data/5e-admin/node_modules/eslint-loader/index.js??ref--13-0!/data/5e-admin/src/layout/components/AppMain.vue?vue&type=script&lang=js
<s> [webpack.Progress] 68% building 704/717 modules 13 active /data/5e-admin/node_modules/css-loader/dist/cjs.js??ref--6-oneOf-3-1!/data/5e-admin/node_modules/postcss-loader/src/index.js??ref--6-oneOf-3-2!/data/5e-admin/src/directive/waves/waves.css
<s> [webpack.Progress] 68% building 704/718 modules 14 active /data/5e-admin/node_modules/vue-loader/lib/loaders/pitcher.js??ref--4!/data/5e-admin/node_modules/vue-style-loader/index.js??ref--8-oneOf-1-0!/data/5e-admin/node_modules/css-loader/dist/cjs.js??ref--8-oneOf-1-1!/data/5e-admin/node_modules/postcss-loader/src/index.js??ref--8-oneOf-1-2!/data/5e-admin/node_modules/sass-loader/dist/cjs.js??ref--8-oneOf-1-3!/data/5e-admin/node_modules/cache-loader/dist/cjs.js??ref--0-0!/data/5e-admin/node_modules/vue-loader/lib/index.js??vue-loader-options!/data/5e-admin/node_modules/eslint-loader/index.js??ref--13-0!/data/5e-admin/src/layout/components/AppMain.vue?vue&type=style&index=0&id=078753dd&lang=scss&scoped=true
<s> [webpack.Progress] 68% building 705/718 modules 13 active /data/5e-admin/node_modules/css-loader/dist/cjs.js??ref--6-oneOf-3-1!/data/5e-admin/node_modules/postcss-loader/src/index.js??ref--6-oneOf-3-2!/data/5e-admin/src/directive/waves/waves.css
<s> [webpack.Progress] 68% building 705/719 modules 14 active /data/5e-admin/node_modules/vue-loader/lib/loaders/pitcher.js??ref--4!/data/5e-admin/node_modules/vue-style-loader/index.js??ref--8-oneOf-1-0!/data/5e-admin/node_modules/css-loader/dist/cjs.js??ref--8-oneOf-1-1!/data/5e-admin/node_modules/postcss-loader/src/index.js??ref--8-oneOf-1-2!/data/5e-admin/node_modules/sass-loader/dist/cjs.js??ref--8-oneOf-1-3!/data/5e-admin/node_modules/cache-loader/dist/cjs.js??ref--0-0!/data/5e-admin/node_modules/vue-loader/lib/index.js??vue-loader-options!/data/5e-admin/node_modules/eslint-loader/index.js??ref--13-0!/data/5e-admin/src/layout/components/AppMain.vue?vue&type=style&index=1&id=078753dd&lang=scss
<s> [webpack.Progress] 68% building 706/719 modules 13 active /data/5e-admin/node_modules/css-loader/dist/cjs.js??ref--6-oneOf-3-1!/data/5e-admin/node_modules/postcss-loader/src/index.js??ref--6-oneOf-3-2!/data/5e-admin/src/directive/waves/waves.css
<s> [webpack.Progress] 68% building 706/720 modules 14 active /data/5e-admin/node_modules/cache-loader/dist/cjs.js??ref--12-0!/data/5e-admin/node_modules/babel-loader/lib/index.js!/data/5e-admin/node_modules/cache-loader/dist/cjs.js??ref--0-0!/data/5e-admin/node_modules/vue-loader/lib/index.js??vue-loader-options!/data/5e-admin/src/layout/components/AppMain.vue?vue&type=script&lang=js
<s> [webpack.Progress] 68% building 706/721 modules 15 active /data/5e-admin/node_modules/cache-loader/dist/cjs.js?{"cacheDirectory":"node_modules/.cache/vue-loader","cacheIdentifier":"f79bae76-vue-loader-template"}!/data/5e-admin/node_modules/vue-loader/lib/loaders/templateLoader.js??vue-loader-options!/data/5e-admin/node_modules/cache-loader/dist/cjs.js??ref--0-0!/data/5e-admin/node_modules/vue-loader/lib/index.js??vue-loader-options!/data/5e-admin/src/layout/components/AppMain.vue?vue&type=template&id=078753dd&scoped=true
<s> [webpack.Progress] 68% building 706/722 modules 16 active /data/5e-admin/node_modules/vue-style-loader/index.js??ref--8-oneOf-1-0!/data/5e-admin/node_modules/css-loader/dist/cjs.js??ref--8-oneOf-1-1!/data/5e-admin/node_modules/vue-loader/lib/loaders/stylePostLoader.js!/data/5e-admin/node_modules/postcss-loader/src/index.js??ref--8-oneOf-1-2!/data/5e-admin/node_modules/sass-loader/dist/cjs.js??ref--8-oneOf-1-3!/data/5e-admin/node_modules/cache-loader/dist/cjs.js??ref--0-0!/data/5e-admin/node_modules/vue-loader/lib/index.js??vue-loader-options!/data/5e-admin/src/layout/components/AppMain.vue?vue&type=style&index=0&id=078753dd&lang=scss&scoped=true
<s> [webpack.Progress] 68% building 707/722 modules 15 active /data/5e-admin/node_modules/cache-loader/dist/cjs.js?{"cacheDirectory":"node_modules/.cache/vue-loader","cacheIdentifier":"f79bae76-vue-loader-template"}!/data/5e-admin/node_modules/vue-loader/lib/loaders/templateLoader.js??vue-loader-options!/data/5e-admin/node_modules/cache-loader/dist/cjs.js??ref--0-0!/data/5e-admin/node_modules/vue-loader/lib/index.js??vue-loader-options!/data/5e-admin/src/layout/components/AppMain.vue?vue&type=template&id=078753dd&scoped=true
<s> [webpack.Progress] 68% building 707/723 modules 16 active /data/5e-admin/node_modules/vue-style-loader/index.js??ref--8-oneOf-1-0!/data/5e-admin/node_modules/css-loader/dist/cjs.js??ref--8-oneOf-1-1!/data/5e-admin/node_modules/vue-loader/lib/loaders/stylePostLoader.js!/data/5e-admin/node_modules/postcss-loader/src/index.js??ref--8-oneOf-1-2!/data/5e-admin/node_modules/sass-loader/dist/cjs.js??ref--8-oneOf-1-3!/data/5e-admin/node_modules/cache-loader/dist/cjs.js??ref--0-0!/data/5e-admin/node_modules/vue-loader/lib/index.js??vue-loader-options!/data/5e-admin/src/layout/components/AppMain.vue?vue&type=style&index=1&id=078753dd&lang=scss
<s> [webpack.Progress] 68% building 708/723 modules 15 active /data/5e-admin/node_modules/cache-loader/dist/cjs.js?{"cacheDirectory":"node_modules/.cache/vue-loader","cacheIdentifier":"f79bae76-vue-loader-template"}!/data/5e-admin/node_modules/vue-loader/lib/loaders/templateLoader.js??vue-loader-options!/data/5e-admin/node_modules/cache-loader/dist/cjs.js??ref--0-0!/data/5e-admin/node_modules/vue-loader/lib/index.js??vue-loader-options!/data/5e-admin/src/layout/components/AppMain.vue?vue&type=template&id=078753dd&scoped=true
<s> [webpack.Progress] 68% building 708/724 modules 16 active /data/5e-admin/node_modules/css-loader/dist/cjs.js??ref--8-oneOf-1-1!/data/5e-admin/node_modules/vue-loader/lib/loaders/stylePostLoader.js!/data/5e-admin/node_modules/postcss-loader/src/index.js??ref--8-oneOf-1-2!/data/5e-admin/node_modules/sass-loader/dist/cjs.js??ref--8-oneOf-1-3!/data/5e-admin/node_modules/cache-loader/dist/cjs.js??ref--0-0!/data/5e-admin/node_modules/vue-loader/lib/index.js??vue-loader-options!/data/5e-admin/src/layout/components/AppMain.vue?vue&type=style&index=0&id=078753dd&lang=scss&scoped=true
<s> [webpack.Progress] 68% building 708/725 modules 17 active /data/5e-admin/node_modules/css-loader/dist/cjs.js??ref--8-oneOf-1-1!/data/5e-admin/node_modules/vue-loader/lib/loaders/stylePostLoader.js!/data/5e-admin/node_modules/postcss-loader/src/index.js??ref--8-oneOf-1-2!/data/5e-admin/node_modules/sass-loader/dist/cjs.js??ref--8-oneOf-1-3!/data/5e-admin/node_modules/cache-loader/dist/cjs.js??ref--0-0!/data/5e-admin/node_modules/vue-loader/lib/index.js??vue-loader-options!/data/5e-admin/src/layout/components/AppMain.vue?vue&type=style&index=1&id=078753dd&lang=scss
<s> [webpack.Progress] 68% building 708/726 modules 18 active /data/5e-admin/node_modules/vue-loader/lib/loaders/pitcher.js??ref--4!/data/5e-admin/node_modules/cache-loader/dist/cjs.js??ref--0-0!/data/5e-admin/node_modules/vue-loader/lib/index.js??vue-loader-options!/data/5e-admin/node_modules/eslint-loader/index.js??ref--13-0!/data/5e-admin/src/layout/components/Navbar.vue?vue&type=template&id=d16d6306&scoped=true
<s> [webpack.Progress] 68% building 709/726 modules 17 active /data/5e-admin/node_modules/css-loader/dist/cjs.js??ref--8-oneOf-1-1!/data/5e-admin/node_modules/vue-loader/lib/loaders/stylePostLoader.js!/data/5e-admin/node_modules/postcss-loader/src/index.js??ref--8-oneOf-1-2!/data/5e-admin/node_modules/sass-loader/dist/cjs.js??ref--8-oneOf-1-3!/data/5e-admin/node_modules/cache-loader/dist/cjs.js??ref--0-0!/data/5e-admin/node_modules/vue-loader/lib/index.js??vue-loader-options!/data/5e-admin/src/layout/components/AppMain.vue?vue&type=style&index=1&id=078753dd&lang=scss
<s> [webpack.Progress] 68% building 709/727 modules 18 active /data/5e-admin/node_modules/vue-loader/lib/loaders/pitcher.js??ref--4!/data/5e-admin/node_modules/cache-loader/dist/cjs.js??ref--12-0!/data/5e-admin/node_modules/babel-loader/lib/index.js!/data/5e-admin/node_modules/cache-loader/dist/cjs.js??ref--0-0!/data/5e-admin/node_modules/vue-loader/lib/index.js??vue-loader-options!/data/5e-admin/node_modules/eslint-loader/index.js??ref--13-0!/data/5e-admin/node_modules/eslint-loader/index.js??ref--13-0!/data/5e-admin/src/layout/components/Navbar.vue?vue&type=script&lang=js
<s> [webpack.Progress] 68% building 710/727 modules 17 active /data/5e-admin/node_modules/css-loader/dist/cjs.js??ref--8-oneOf-1-1!/data/5e-admin/node_modules/vue-loader/lib/loaders/stylePostLoader.js!/data/5e-admin/node_modules/postcss-loader/src/index.js??ref--8-oneOf-1-2!/data/5e-admin/node_modules/sass-loader/dist/cjs.js??ref--8-oneOf-1-3!/data/5e-admin/node_modules/cache-loader/dist/cjs.js??ref--0-0!/data/5e-admin/node_modules/vue-loader/lib/index.js??vue-loader-options!/data/5e-admin/src/layout/components/AppMain.vue?vue&type=style&index=1&id=078753dd&lang=scss
<s> [webpack.Progress] 68% building 710/728 modules 18 active /data/5e-admin/node_modules/vue-loader/lib/loaders/pitcher.js??ref--4!/data/5e-admin/node_modules/vue-style-loader/index.js??ref--8-oneOf-1-0!/data/5e-admin/node_modules/css-loader/dist/cjs.js??ref--8-oneOf-1-1!/data/5e-admin/node_modules/postcss-loader/src/index.js??ref--8-oneOf-1-2!/data/5e-admin/node_modules/sass-loader/dist/cjs.js??ref--8-oneOf-1-3!/data/5e-admin/node_modules/cache-loader/dist/cjs.js??ref--0-0!/data/5e-admin/node_modules/vue-loader/lib/index.js??vue-loader-options!/data/5e-admin/node_modules/eslint-loader/index.js??ref--13-0!/data/5e-admin/src/layout/components/Navbar.vue?vue&type=style&index=0&id=d16d6306&lang=scss&scoped=true
<s> [webpack.Progress] 68% building 711/728 modules 17 active /data/5e-admin/node_modules/css-loader/dist/cjs.js??ref--8-oneOf-1-1!/data/5e-admin/node_modules/vue-loader/lib/loaders/stylePostLoader.js!/data/5e-admin/node_modules/postcss-loader/src/index.js??ref--8-oneOf-1-2!/data/5e-admin/node_modules/sass-loader/dist/cjs.js??ref--8-oneOf-1-3!/data/5e-admin/node_modules/cache-loader/dist/cjs.js??ref--0-0!/data/5e-admin/node_modules/vue-loader/lib/index.js??vue-loader-options!/data/5e-admin/src/layout/components/AppMain.vue?vue&type=style&index=1&id=078753dd&lang=scss
<s> [webpack.Progress] 68% building 711/729 modules 18 active /data/5e-admin/node_modules/cache-loader/dist/cjs.js??ref--12-0!/data/5e-admin/node_modules/babel-loader/lib/index.js!/data/5e-admin/node_modules/cache-loader/dist/cjs.js??ref--0-0!/data/5e-admin/node_modules/vue-loader/lib/index.js??vue-loader-options!/data/5e-admin/src/layout/components/Navbar.vue?vue&type=script&lang=js
<s> [webpack.Progress] 68% building 711/730 modules 19 active /data/5e-admin/node_modules/cache-loader/dist/cjs.js?{"cacheDirectory":"node_modules/.cache/vue-loader","cacheIdentifier":"f79bae76-vue-loader-template"}!/data/5e-admin/node_modules/vue-loader/lib/loaders/templateLoader.js??vue-loader-options!/data/5e-admin/node_modules/cache-loader/dist/cjs.js??ref--0-0!/data/5e-admin/node_modules/vue-loader/lib/index.js??vue-loader-options!/data/5e-admin/src/layout/components/Navbar.vue?vue&type=template&id=d16d6306&scoped=true
<s> [webpack.Progress] 68% building 711/731 modules 20 active /data/5e-admin/node_modules/vue-style-loader/index.js??ref--8-oneOf-1-0!/data/5e-admin/node_modules/css-loader/dist/cjs.js??ref--8-oneOf-1-1!/data/5e-admin/node_modules/vue-loader/lib/loaders/stylePostLoader.js!/data/5e-admin/node_modules/postcss-loader/src/index.js??ref--8-oneOf-1-2!/data/5e-admin/node_modules/sass-loader/dist/cjs.js??ref--8-oneOf-1-3!/data/5e-admin/node_modules/cache-loader/dist/cjs.js??ref--0-0!/data/5e-admin/node_modules/vue-loader/lib/index.js??vue-loader-options!/data/5e-admin/src/layout/components/Navbar.vue?vue&type=style&index=0&id=d16d6306&lang=scss&scoped=true
<s> [webpack.Progress] 68% building 712/731 modules 19 active /data/5e-admin/node_modules/cache-loader/dist/cjs.js?{"cacheDirectory":"node_modules/.cache/vue-loader","cacheIdentifier":"f79bae76-vue-loader-template"}!/data/5e-admin/node_modules/vue-loader/lib/loaders/templateLoader.js??vue-loader-options!/data/5e-admin/node_modules/cache-loader/dist/cjs.js??ref--0-0!/data/5e-admin/node_modules/vue-loader/lib/index.js??vue-loader-options!/data/5e-admin/src/layout/components/Navbar.vue?vue&type=template&id=d16d6306&scoped=true
<s> [webpack.Progress] 68% building 712/732 modules 20 active /data/5e-admin/node_modules/css-loader/dist/cjs.js??ref--8-oneOf-1-1!/data/5e-admin/node_modules/vue-loader/lib/loaders/stylePostLoader.js!/data/5e-admin/node_modules/postcss-loader/src/index.js??ref--8-oneOf-1-2!/data/5e-admin/node_modules/sass-loader/dist/cjs.js??ref--8-oneOf-1-3!/data/5e-admin/node_modules/cache-loader/dist/cjs.js??ref--0-0!/data/5e-admin/node_modules/vue-loader/lib/index.js??vue-loader-options!/data/5e-admin/src/layout/components/Navbar.vue?vue&type=style&index=0&id=d16d6306&lang=scss&scoped=true
<s> [webpack.Progress] 68% building 712/733 modules 21 active /data/5e-admin/node_modules/call-bind-apply-helpers/functionCall.js
<s> [webpack.Progress] 68% building 712/734 modules 22 active /data/5e-admin/node_modules/call-bind-apply-helpers/functionApply.js
<s> [webpack.Progress] 68% building 712/735 modules 23 active /data/5e-admin/node_modules/math-intrinsics/abs.js
<s> [webpack.Progress] 68% building 712/736 modules 24 active /data/5e-admin/node_modules/math-intrinsics/floor.js
<s> [webpack.Progress] 67% building 712/737 modules 25 active /data/5e-admin/node_modules/math-intrinsics/max.js
<s> [webpack.Progress] 67% building 712/738 modules 26 active /data/5e-admin/node_modules/math-intrinsics/min.js
<s> [webpack.Progress] 67% building 712/739 modules 27 active /data/5e-admin/node_modules/math-intrinsics/pow.js
<s> [webpack.Progress] 67% building 712/740 modules 28 active /data/5e-admin/node_modules/math-intrinsics/round.js
<s> [webpack.Progress] 67% building 712/741 modules 29 active /data/5e-admin/node_modules/math-intrinsics/sign.js
<s> [webpack.Progress] 67% building 712/742 modules 30 active /data/5e-admin/node_modules/axios/lib/utils.js
<s> [webpack.Progress] 67% building 712/743 modules 31 active /data/5e-admin/node_modules/axios/lib/defaults.js
<s> [webpack.Progress] 67% building 712/744 modules 32 active /data/5e-admin/node_modules/get-proto/Reflect.getPrototypeOf.js
<s> [webpack.Progress] 67% building 712/745 modules 33 active /data/5e-admin/node_modules/get-proto/Object.getPrototypeOf.js
<s> [webpack.Progress] 67% building 712/746 modules 34 active /data/5e-admin/node_modules/babel-runtime/node_modules/core-js/library/modules/_cof.js
<s> [webpack.Progress] 67% building 712/747 modules 35 active /data/5e-admin/node_modules/babel-runtime/node_modules/core-js/library/modules/_object-dps.js
<s> [webpack.Progress] 67% building 712/748 modules 36 active /data/5e-admin/node_modules/babel-runtime/node_modules/core-js/library/modules/_enum-bug-keys.js
<s> [webpack.Progress] 67% building 712/749 modules 37 active /data/5e-admin/node_modules/babel-runtime/node_modules/core-js/library/modules/_shared-key.js
<s> [webpack.Progress] 66% building 712/750 modules 38 active /data/5e-admin/node_modules/babel-runtime/node_modules/core-js/library/modules/_dom-create.js
<s> [webpack.Progress] 66% building 712/751 modules 39 active /data/5e-admin/node_modules/babel-runtime/node_modules/core-js/library/modules/_html.js
<s> [webpack.Progress] 66% building 712/752 modules 40 active /data/5e-admin/node_modules/babel-runtime/node_modules/core-js/library/modules/_ie8-dom-define.js
<s> [webpack.Progress] 66% building 712/753 modules 41 active /data/5e-admin/node_modules/babel-runtime/node_modules/core-js/library/modules/_object-keys-internal.js
<s> [webpack.Progress] 66% building 713/753 modules 40 active /data/5e-admin/node_modules/babel-runtime/node_modules/core-js/library/modules/_object-keys-internal.js
<s> [webpack.Progress] 66% building 714/753 modules 39 active /data/5e-admin/node_modules/babel-runtime/node_modules/core-js/library/modules/_object-keys-internal.js
<s> [webpack.Progress] 66% building 714/754 modules 40 active /data/5e-admin/node_modules/axios/lib/helpers/bind.js
<s> [webpack.Progress] 66% building 714/755 modules 41 active /data/5e-admin/node_modules/axios/lib/helpers/spread.js
<s> [webpack.Progress] 66% building 714/756 modules 42 active /data/5e-admin/node_modules/xlsx/jszip.js
<s> [webpack.Progress] 66% building 714/757 modules 43 active /data/5e-admin/node_modules/axios/lib/core/Axios.js
<s> [webpack.Progress] 66% building 714/758 modules 44 active /data/5e-admin/node_modules/axios/lib/cancel/Cancel.js
<s> [webpack.Progress] 66% building 714/759 modules 45 active /data/5e-admin/node_modules/axios/lib/cancel/CancelToken.js
<s> [webpack.Progress] 66% building 714/760 modules 46 active /data/5e-admin/node_modules/axios/lib/cancel/isCancel.js
<s> [webpack.Progress] 66% building 715/760 modules 45 active /data/5e-admin/node_modules/axios/lib/cancel/isCancel.js
<s> [webpack.Progress] 66% building 716/760 modules 44 active /data/5e-admin/node_modules/axios/lib/cancel/isCancel.js
<s> [webpack.Progress] 66% building 717/760 modules 43 active /data/5e-admin/node_modules/axios/lib/cancel/isCancel.js
<s> [webpack.Progress] 66% building 718/760 modules 42 active /data/5e-admin/node_modules/axios/lib/cancel/isCancel.js
<s> [webpack.Progress] 66% building 719/760 modules 41 active /data/5e-admin/node_modules/axios/lib/cancel/isCancel.js
<s> [webpack.Progress] 66% building 720/760 modules 40 active /data/5e-admin/node_modules/axios/lib/cancel/isCancel.js
<s> [webpack.Progress] 66% building 721/760 modules 39 active /data/5e-admin/node_modules/axios/lib/cancel/isCancel.js
<s> [webpack.Progress] 67% building 722/760 modules 38 active /data/5e-admin/node_modules/axios/lib/cancel/isCancel.js
<s> [webpack.Progress] 67% building 723/760 modules 37 active /data/5e-admin/node_modules/axios/lib/cancel/isCancel.js
<s> [webpack.Progress] 67% building 724/760 modules 36 active /data/5e-admin/node_modules/axios/lib/cancel/isCancel.js
<s> [webpack.Progress] 67% building 725/760 modules 35 active /data/5e-admin/node_modules/axios/lib/cancel/isCancel.js
<s> [webpack.Progress] 67% building 726/760 modules 34 active /data/5e-admin/node_modules/axios/lib/cancel/isCancel.js
<s> [webpack.Progress] 67% building 727/760 modules 33 active /data/5e-admin/node_modules/axios/lib/cancel/isCancel.js
<s> [webpack.Progress] 67% building 727/761 modules 34 active /data/5e-admin/node_modules/es-errors/index.js
<s> [webpack.Progress] 67% building 728/761 modules 33 active /data/5e-admin/node_modules/es-errors/index.js
<s> [webpack.Progress] 67% building 728/762 modules 34 active /data/5e-admin/node_modules/xlsx/dist/cpexcel.js
<s> [webpack.Progress] 67% building 729/762 modules 33 active /data/5e-admin/node_modules/xlsx/dist/cpexcel.js
<s> [webpack.Progress] 67% building 729/763 modules 34 active /data/5e-admin/node_modules/path-browserify/index.js
<s> [webpack.Progress] 67% building 729/764 modules 35 active /data/5e-admin/node_modules/babel-runtime/node_modules/core-js/library/modules/_a-function.js
<s> [webpack.Progress] 67% building 730/764 modules 34 active /data/5e-admin/node_modules/babel-runtime/node_modules/core-js/library/modules/_a-function.js
<s> [webpack.Progress] 67% building 731/764 modules 33 active /data/5e-admin/node_modules/babel-runtime/node_modules/core-js/library/modules/_a-function.js
<s> [webpack.Progress] 67% building 732/764 modules 32 active /data/5e-admin/node_modules/babel-runtime/node_modules/core-js/library/modules/_a-function.js
<s> [webpack.Progress] 67% building 733/764 modules 31 active /data/5e-admin/node_modules/babel-runtime/node_modules/core-js/library/modules/_a-function.js
<s> [webpack.Progress] 67% building 734/764 modules 30 active /data/5e-admin/node_modules/babel-runtime/node_modules/core-js/library/modules/_a-function.js
<s> [webpack.Progress] 67% building 735/764 modules 29 active /data/5e-admin/node_modules/babel-runtime/node_modules/core-js/library/modules/_a-function.js
<s> [webpack.Progress] 67% building 736/764 modules 28 active /data/5e-admin/node_modules/babel-runtime/node_modules/core-js/library/modules/_a-function.js
<s> [webpack.Progress] 67% building 737/764 modules 27 active /data/5e-admin/node_modules/babel-runtime/node_modules/core-js/library/modules/_a-function.js
<s> [webpack.Progress] 67% building 738/764 modules 26 active /data/5e-admin/node_modules/babel-runtime/node_modules/core-js/library/modules/_a-function.js
<s> [webpack.Progress] 68% building 739/764 modules 25 active /data/5e-admin/node_modules/babel-runtime/node_modules/core-js/library/modules/_a-function.js
<s> [webpack.Progress] 68% building 740/764 modules 24 active /data/5e-admin/node_modules/babel-runtime/node_modules/core-js/library/modules/_a-function.js
<s> [webpack.Progress] 68% building 741/764 modules 23 active /data/5e-admin/node_modules/babel-runtime/node_modules/core-js/library/modules/_a-function.js
<s> [webpack.Progress] 68% building 742/764 modules 22 active /data/5e-admin/node_modules/babel-runtime/node_modules/core-js/library/modules/_a-function.js
<s> [webpack.Progress] 68% building 743/764 modules 21 active /data/5e-admin/node_modules/babel-runtime/node_modules/core-js/library/modules/_a-function.js
<s> [webpack.Progress] 68% building 744/764 modules 20 active /data/5e-admin/node_modules/babel-runtime/node_modules/core-js/library/modules/_a-function.js
<s> [webpack.Progress] 68% building 745/764 modules 19 active /data/5e-admin/node_modules/babel-runtime/node_modules/core-js/library/modules/_a-function.js
<s> [webpack.Progress] 68% building 746/764 modules 18 active /data/5e-admin/node_modules/babel-runtime/node_modules/core-js/library/modules/_a-function.js
<s> [webpack.Progress] 68% building 747/764 modules 17 active /data/5e-admin/node_modules/babel-runtime/node_modules/core-js/library/modules/_a-function.js
<s> [webpack.Progress] 68% building 747/765 modules 18 active /data/5e-admin/node_modules/buffer/index.js
<s> [webpack.Progress] 68% building 747/766 modules 19 active /data/5e-admin/node_modules/cache-loader/dist/cjs.js??ref--0-0!/data/5e-admin/node_modules/vue-loader/lib/index.js??vue-loader-options!/data/5e-admin/node_modules/eslint-loader/index.js??ref--13-0!/data/5e-admin/src/layout/components/Sidebar/Logo.vue
<s> [webpack.Progress] 68% building 747/767 modules 20 active /data/5e-admin/node_modules/cache-loader/dist/cjs.js??ref--0-0!/data/5e-admin/node_modules/vue-loader/lib/index.js??vue-loader-options!/data/5e-admin/node_modules/eslint-loader/index.js??ref--13-0!/data/5e-admin/src/layout/components/Sidebar/SidebarItem.vue
<s> [webpack.Progress] 68% building 747/768 modules 21 active /data/5e-admin/node_modules/cache-loader/dist/cjs.js??ref--0-0!/data/5e-admin/node_modules/vue-loader/lib/index.js??vue-loader-options!/data/5e-admin/node_modules/eslint-loader/index.js??ref--13-0!/data/5e-admin/src/layout/components/TagsView/ScrollPane.vue
<s> [webpack.Progress] 68% building 748/768 modules 20 active /data/5e-admin/node_modules/cache-loader/dist/cjs.js??ref--0-0!/data/5e-admin/node_modules/vue-loader/lib/index.js??vue-loader-options!/data/5e-admin/node_modules/eslint-loader/index.js??ref--13-0!/data/5e-admin/src/layout/components/TagsView/ScrollPane.vue
<s> [webpack.Progress] 68% building 748/769 modules 21 active /data/5e-admin/node_modules/node-libs-browser/mock/process.js
<s> [webpack.Progress] 68% building 749/769 modules 20 active /data/5e-admin/node_modules/node-libs-browser/mock/process.js
<s> [webpack.Progress] 68% building 750/769 modules 19 active /data/5e-admin/node_modules/node-libs-browser/mock/process.js
<s> [webpack.Progress] 68% building 751/769 modules 18 active /data/5e-admin/node_modules/node-libs-browser/mock/process.js
<s> [webpack.Progress] 68% building 752/769 modules 17 active /data/5e-admin/node_modules/node-libs-browser/mock/process.js
<s> [webpack.Progress] 68% building 752/770 modules 18 active /data/5e-admin/node_modules/call-bind-apply-helpers/index.js
<s> [webpack.Progress] 68% building 752/771 modules 19 active /data/5e-admin/node_modules/es-object-atoms/index.js
<s> [webpack.Progress] 68% building 752/772 modules 20 active /data/5e-admin/node_modules/gopd/index.js
<s> [webpack.Progress] 68% building 752/773 modules 21 active /data/5e-admin/node_modules/cache-loader/dist/cjs.js??ref--0-0!/data/5e-admin/node_modules/vue-loader/lib/index.js??vue-loader-options!/data/5e-admin/node_modules/eslint-loader/index.js??ref--13-0!/data/5e-admin/src/layout/components/Settings/index.vue
<s> [webpack.Progress] 68% building 752/774 modules 22 active /data/5e-admin/node_modules/math-intrinsics/isNaN.js
<s> [webpack.Progress] 68% building 752/775 modules 23 active /data/5e-admin/node_modules/hasown/index.js
<s> [webpack.Progress] 68% building 753/775 modules 22 active /data/5e-admin/node_modules/hasown/index.js
<s> [webpack.Progress] 68% building 753/776 modules 23 active /data/5e-admin/node_modules/axios/lib/helpers/normalizeHeaderName.js
<s> [webpack.Progress] 68% building 754/776 modules 22 active /data/5e-admin/node_modules/axios/lib/helpers/normalizeHeaderName.js
<s> [webpack.Progress] 68% building 755/776 modules 21 active /data/5e-admin/node_modules/axios/lib/helpers/normalizeHeaderName.js
<s> [webpack.Progress] 68% building 756/776 modules 20 active /data/5e-admin/node_modules/axios/lib/helpers/normalizeHeaderName.js
<s> [webpack.Progress] 68% building 756/777 modules 21 active /data/5e-admin/node_modules/get-proto/index.js
<s> [webpack.Progress] 68% building 757/777 modules 20 active /data/5e-admin/node_modules/get-proto/index.js
<s> [webpack.Progress] 68% building 757/778 modules 21 active /data/5e-admin/node_modules/vue-loader/lib/loaders/pitcher.js??ref--4!/data/5e-admin/node_modules/cache-loader/dist/cjs.js??ref--0-0!/data/5e-admin/node_modules/vue-loader/lib/index.js??vue-loader-options!/data/5e-admin/node_modules/eslint-loader/index.js??ref--13-0!/data/5e-admin/src/layout/components/Sidebar/Logo.vue?vue&type=template&id=6494804b&scoped=true
<s> [webpack.Progress] 68% building 758/778 modules 20 active /data/5e-admin/node_modules/get-proto/index.js
<s> [webpack.Progress] 68% building 758/779 modules 21 active /data/5e-admin/node_modules/vue-loader/lib/loaders/pitcher.js??ref--4!/data/5e-admin/node_modules/cache-loader/dist/cjs.js??ref--12-0!/data/5e-admin/node_modules/babel-loader/lib/index.js!/data/5e-admin/node_modules/cache-loader/dist/cjs.js??ref--0-0!/data/5e-admin/node_modules/vue-loader/lib/index.js??vue-loader-options!/data/5e-admin/node_modules/eslint-loader/index.js??ref--13-0!/data/5e-admin/node_modules/eslint-loader/index.js??ref--13-0!/data/5e-admin/src/layout/components/Sidebar/Logo.vue?vue&type=script&lang=js
<s> [webpack.Progress] 68% building 759/779 modules 20 active /data/5e-admin/node_modules/get-proto/index.js
<s> [webpack.Progress] 68% building 759/780 modules 21 active /data/5e-admin/node_modules/vue-loader/lib/loaders/pitcher.js??ref--4!/data/5e-admin/node_modules/vue-style-loader/index.js??ref--8-oneOf-1-0!/data/5e-admin/node_modules/css-loader/dist/cjs.js??ref--8-oneOf-1-1!/data/5e-admin/node_modules/postcss-loader/src/index.js??ref--8-oneOf-1-2!/data/5e-admin/node_modules/sass-loader/dist/cjs.js??ref--8-oneOf-1-3!/data/5e-admin/node_modules/cache-loader/dist/cjs.js??ref--0-0!/data/5e-admin/node_modules/vue-loader/lib/index.js??vue-loader-options!/data/5e-admin/node_modules/eslint-loader/index.js??ref--13-0!/data/5e-admin/src/layout/components/Sidebar/Logo.vue?vue&type=style&index=0&id=6494804b&lang=scss&scoped=true
<s> [webpack.Progress] 68% building 760/780 modules 20 active /data/5e-admin/node_modules/get-proto/index.js
<s> [webpack.Progress] 68% building 760/781 modules 21 active /data/5e-admin/node_modules/cache-loader/dist/cjs.js??ref--12-0!/data/5e-admin/node_modules/babel-loader/lib/index.js!/data/5e-admin/node_modules/cache-loader/dist/cjs.js??ref--0-0!/data/5e-admin/node_modules/vue-loader/lib/index.js??vue-loader-options!/data/5e-admin/src/layout/components/Sidebar/Logo.vue?vue&type=script&lang=js
<s> [webpack.Progress] 68% building 760/782 modules 22 active /data/5e-admin/node_modules/cache-loader/dist/cjs.js?{"cacheDirectory":"node_modules/.cache/vue-loader","cacheIdentifier":"f79bae76-vue-loader-template"}!/data/5e-admin/node_modules/vue-loader/lib/loaders/templateLoader.js??vue-loader-options!/data/5e-admin/node_modules/cache-loader/dist/cjs.js??ref--0-0!/data/5e-admin/node_modules/vue-loader/lib/index.js??vue-loader-options!/data/5e-admin/src/layout/components/Sidebar/Logo.vue?vue&type=template&id=6494804b&scoped=true
<s> [webpack.Progress] 68% building 760/783 modules 23 active /data/5e-admin/node_modules/vue-style-loader/index.js??ref--8-oneOf-1-0!/data/5e-admin/node_modules/css-loader/dist/cjs.js??ref--8-oneOf-1-1!/data/5e-admin/node_modules/vue-loader/lib/loaders/stylePostLoader.js!/data/5e-admin/node_modules/postcss-loader/src/index.js??ref--8-oneOf-1-2!/data/5e-admin/node_modules/sass-loader/dist/cjs.js??ref--8-oneOf-1-3!/data/5e-admin/node_modules/cache-loader/dist/cjs.js??ref--0-0!/data/5e-admin/node_modules/vue-loader/lib/index.js??vue-loader-options!/data/5e-admin/src/layout/components/Sidebar/Logo.vue?vue&type=style&index=0&id=6494804b&lang=scss&scoped=true
<s> [webpack.Progress] 68% building 761/783 modules 22 active /data/5e-admin/node_modules/cache-loader/dist/cjs.js?{"cacheDirectory":"node_modules/.cache/vue-loader","cacheIdentifier":"f79bae76-vue-loader-template"}!/data/5e-admin/node_modules/vue-loader/lib/loaders/templateLoader.js??vue-loader-options!/data/5e-admin/node_modules/cache-loader/dist/cjs.js??ref--0-0!/data/5e-admin/node_modules/vue-loader/lib/index.js??vue-loader-options!/data/5e-admin/src/layout/components/Sidebar/Logo.vue?vue&type=template&id=6494804b&scoped=true
<s> [webpack.Progress] 68% building 761/784 modules 23 active /data/5e-admin/node_modules/css-loader/dist/cjs.js??ref--8-oneOf-1-1!/data/5e-admin/node_modules/vue-loader/lib/loaders/stylePostLoader.js!/data/5e-admin/node_modules/postcss-loader/src/index.js??ref--8-oneOf-1-2!/data/5e-admin/node_modules/sass-loader/dist/cjs.js??ref--8-oneOf-1-3!/data/5e-admin/node_modules/cache-loader/dist/cjs.js??ref--0-0!/data/5e-admin/node_modules/vue-loader/lib/index.js??vue-loader-options!/data/5e-admin/src/layout/components/Sidebar/Logo.vue?vue&type=style&index=0&id=6494804b&lang=scss&scoped=true
<s> [webpack.Progress] 68% building 761/785 modules 24 active /data/5e-admin/node_modules/vue-loader/lib/loaders/pitcher.js??ref--4!/data/5e-admin/node_modules/cache-loader/dist/cjs.js??ref--0-0!/data/5e-admin/node_modules/vue-loader/lib/index.js??vue-loader-options!/data/5e-admin/node_modules/eslint-loader/index.js??ref--13-0!/data/5e-admin/src/layout/components/Sidebar/SidebarItem.vue?vue&type=template&id=2d2bbdc2
<s> [webpack.Progress] 68% building 762/785 modules 23 active /data/5e-admin/node_modules/css-loader/dist/cjs.js??ref--8-oneOf-1-1!/data/5e-admin/node_modules/vue-loader/lib/loaders/stylePostLoader.js!/data/5e-admin/node_modules/postcss-loader/src/index.js??ref--8-oneOf-1-2!/data/5e-admin/node_modules/sass-loader/dist/cjs.js??ref--8-oneOf-1-3!/data/5e-admin/node_modules/cache-loader/dist/cjs.js??ref--0-0!/data/5e-admin/node_modules/vue-loader/lib/index.js??vue-loader-options!/data/5e-admin/src/layout/components/Sidebar/Logo.vue?vue&type=style&index=0&id=6494804b&lang=scss&scoped=true
<s> [webpack.Progress] 68% building 762/786 modules 24 active /data/5e-admin/node_modules/vue-loader/lib/loaders/pitcher.js??ref--4!/data/5e-admin/node_modules/cache-loader/dist/cjs.js??ref--12-0!/data/5e-admin/node_modules/babel-loader/lib/index.js!/data/5e-admin/node_modules/cache-loader/dist/cjs.js??ref--0-0!/data/5e-admin/node_modules/vue-loader/lib/index.js??vue-loader-options!/data/5e-admin/node_modules/eslint-loader/index.js??ref--13-0!/data/5e-admin/node_modules/eslint-loader/index.js??ref--13-0!/data/5e-admin/src/layout/components/Sidebar/SidebarItem.vue?vue&type=script&lang=js
<s> [webpack.Progress] 68% building 763/786 modules 23 active /data/5e-admin/node_modules/css-loader/dist/cjs.js??ref--8-oneOf-1-1!/data/5e-admin/node_modules/vue-loader/lib/loaders/stylePostLoader.js!/data/5e-admin/node_modules/postcss-loader/src/index.js??ref--8-oneOf-1-2!/data/5e-admin/node_modules/sass-loader/dist/cjs.js??ref--8-oneOf-1-3!/data/5e-admin/node_modules/cache-loader/dist/cjs.js??ref--0-0!/data/5e-admin/node_modules/vue-loader/lib/index.js??vue-loader-options!/data/5e-admin/src/layout/components/Sidebar/Logo.vue?vue&type=style&index=0&id=6494804b&lang=scss&scoped=true
<s> [webpack.Progress] 68% building 763/787 modules 24 active /data/5e-admin/node_modules/cache-loader/dist/cjs.js??ref--12-0!/data/5e-admin/node_modules/babel-loader/lib/index.js!/data/5e-admin/node_modules/cache-loader/dist/cjs.js??ref--0-0!/data/5e-admin/node_modules/vue-loader/lib/index.js??vue-loader-options!/data/5e-admin/src/layout/components/Sidebar/SidebarItem.vue?vue&type=script&lang=js
<s> [webpack.Progress] 68% building 763/788 modules 25 active /data/5e-admin/node_modules/cache-loader/dist/cjs.js?{"cacheDirectory":"node_modules/.cache/vue-loader","cacheIdentifier":"f79bae76-vue-loader-template"}!/data/5e-admin/node_modules/vue-loader/lib/loaders/templateLoader.js??vue-loader-options!/data/5e-admin/node_modules/cache-loader/dist/cjs.js??ref--0-0!/data/5e-admin/node_modules/vue-loader/lib/index.js??vue-loader-options!/data/5e-admin/src/layout/components/Sidebar/SidebarItem.vue?vue&type=template&id=2d2bbdc2
<s> [webpack.Progress] 68% building 763/789 modules 26 active /data/5e-admin/node_modules/vue-loader/lib/loaders/pitcher.js??ref--4!/data/5e-admin/node_modules/cache-loader/dist/cjs.js??ref--0-0!/data/5e-admin/node_modules/vue-loader/lib/index.js??vue-loader-options!/data/5e-admin/node_modules/eslint-loader/index.js??ref--13-0!/data/5e-admin/src/layout/components/TagsView/ScrollPane.vue?vue&type=template&id=be6b7bae&scoped=true
<s> [webpack.Progress] 68% building 764/789 modules 25 active /data/5e-admin/node_modules/cache-loader/dist/cjs.js?{"cacheDirectory":"node_modules/.cache/vue-loader","cacheIdentifier":"f79bae76-vue-loader-template"}!/data/5e-admin/node_modules/vue-loader/lib/loaders/templateLoader.js??vue-loader-options!/data/5e-admin/node_modules/cache-loader/dist/cjs.js??ref--0-0!/data/5e-admin/node_modules/vue-loader/lib/index.js??vue-loader-options!/data/5e-admin/src/layout/components/Sidebar/SidebarItem.vue?vue&type=template&id=2d2bbdc2
<s> [webpack.Progress] 68% building 764/790 modules 26 active /data/5e-admin/node_modules/vue-loader/lib/loaders/pitcher.js??ref--4!/data/5e-admin/node_modules/cache-loader/dist/cjs.js??ref--12-0!/data/5e-admin/node_modules/babel-loader/lib/index.js!/data/5e-admin/node_modules/cache-loader/dist/cjs.js??ref--0-0!/data/5e-admin/node_modules/vue-loader/lib/index.js??vue-loader-options!/data/5e-admin/node_modules/eslint-loader/index.js??ref--13-0!/data/5e-admin/node_modules/eslint-loader/index.js??ref--13-0!/data/5e-admin/src/layout/components/TagsView/ScrollPane.vue?vue&type=script&lang=js
<s> [webpack.Progress] 68% building 765/790 modules 25 active /data/5e-admin/node_modules/cache-loader/dist/cjs.js?{"cacheDirectory":"node_modules/.cache/vue-loader","cacheIdentifier":"f79bae76-vue-loader-template"}!/data/5e-admin/node_modules/vue-loader/lib/loaders/templateLoader.js??vue-loader-options!/data/5e-admin/node_modules/cache-loader/dist/cjs.js??ref--0-0!/data/5e-admin/node_modules/vue-loader/lib/index.js??vue-loader-options!/data/5e-admin/src/layout/components/Sidebar/SidebarItem.vue?vue&type=template&id=2d2bbdc2
<s> [webpack.Progress] 68% building 765/791 modules 26 active /data/5e-admin/node_modules/vue-loader/lib/loaders/pitcher.js??ref--4!/data/5e-admin/node_modules/vue-style-loader/index.js??ref--8-oneOf-1-0!/data/5e-admin/node_modules/css-loader/dist/cjs.js??ref--8-oneOf-1-1!/data/5e-admin/node_modules/postcss-loader/src/index.js??ref--8-oneOf-1-2!/data/5e-admin/node_modules/sass-loader/dist/cjs.js??ref--8-oneOf-1-3!/data/5e-admin/node_modules/cache-loader/dist/cjs.js??ref--0-0!/data/5e-admin/node_modules/vue-loader/lib/index.js??vue-loader-options!/data/5e-admin/node_modules/eslint-loader/index.js??ref--13-0!/data/5e-admin/src/layout/components/TagsView/ScrollPane.vue?vue&type=style&index=0&id=be6b7bae&lang=scss&scoped=true
<s> [webpack.Progress] 68% building 766/791 modules 25 active /data/5e-admin/node_modules/cache-loader/dist/cjs.js?{"cacheDirectory":"node_modules/.cache/vue-loader","cacheIdentifier":"f79bae76-vue-loader-template"}!/data/5e-admin/node_modules/vue-loader/lib/loaders/templateLoader.js??vue-loader-options!/data/5e-admin/node_modules/cache-loader/dist/cjs.js??ref--0-0!/data/5e-admin/node_modules/vue-loader/lib/index.js??vue-loader-options!/data/5e-admin/src/layout/components/Sidebar/SidebarItem.vue?vue&type=template&id=2d2bbdc2
<s> [webpack.Progress] 68% building 766/792 modules 26 active /data/5e-admin/node_modules/cache-loader/dist/cjs.js??ref--12-0!/data/5e-admin/node_modules/babel-loader/lib/index.js!/data/5e-admin/node_modules/cache-loader/dist/cjs.js??ref--0-0!/data/5e-admin/node_modules/vue-loader/lib/index.js??vue-loader-options!/data/5e-admin/src/layout/components/TagsView/ScrollPane.vue?vue&type=script&lang=js
<s> [webpack.Progress] 67% building 766/793 modules 27 active /data/5e-admin/node_modules/cache-loader/dist/cjs.js?{"cacheDirectory":"node_modules/.cache/vue-loader","cacheIdentifier":"f79bae76-vue-loader-template"}!/data/5e-admin/node_modules/vue-loader/lib/loaders/templateLoader.js??vue-loader-options!/data/5e-admin/node_modules/cache-loader/dist/cjs.js??ref--0-0!/data/5e-admin/node_modules/vue-loader/lib/index.js??vue-loader-options!/data/5e-admin/src/layout/components/TagsView/ScrollPane.vue?vue&type=template&id=be6b7bae&scoped=true
<s> [webpack.Progress] 67% building 766/794 modules 28 active /data/5e-admin/node_modules/vue-style-loader/index.js??ref--8-oneOf-1-0!/data/5e-admin/node_modules/css-loader/dist/cjs.js??ref--8-oneOf-1-1!/data/5e-admin/node_modules/vue-loader/lib/loaders/stylePostLoader.js!/data/5e-admin/node_modules/postcss-loader/src/index.js??ref--8-oneOf-1-2!/data/5e-admin/node_modules/sass-loader/dist/cjs.js??ref--8-oneOf-1-3!/data/5e-admin/node_modules/cache-loader/dist/cjs.js??ref--0-0!/data/5e-admin/node_modules/vue-loader/lib/index.js??vue-loader-options!/data/5e-admin/src/layout/components/TagsView/ScrollPane.vue?vue&type=style&index=0&id=be6b7bae&lang=scss&scoped=true
<s> [webpack.Progress] 67% building 767/794 modules 27 active /data/5e-admin/node_modules/cache-loader/dist/cjs.js?{"cacheDirectory":"node_modules/.cache/vue-loader","cacheIdentifier":"f79bae76-vue-loader-template"}!/data/5e-admin/node_modules/vue-loader/lib/loaders/templateLoader.js??vue-loader-options!/data/5e-admin/node_modules/cache-loader/dist/cjs.js??ref--0-0!/data/5e-admin/node_modules/vue-loader/lib/index.js??vue-loader-options!/data/5e-admin/src/layout/components/TagsView/ScrollPane.vue?vue&type=template&id=be6b7bae&scoped=true
<s> [webpack.Progress] 67% building 767/795 modules 28 active /data/5e-admin/node_modules/css-loader/dist/cjs.js??ref--8-oneOf-1-1!/data/5e-admin/node_modules/vue-loader/lib/loaders/stylePostLoader.js!/data/5e-admin/node_modules/postcss-loader/src/index.js??ref--8-oneOf-1-2!/data/5e-admin/node_modules/sass-loader/dist/cjs.js??ref--8-oneOf-1-3!/data/5e-admin/node_modules/cache-loader/dist/cjs.js??ref--0-0!/data/5e-admin/node_modules/vue-loader/lib/index.js??vue-loader-options!/data/5e-admin/src/layout/components/TagsView/ScrollPane.vue?vue&type=style&index=0&id=be6b7bae&lang=scss&scoped=true
<s> [webpack.Progress] 67% building 767/796 modules 29 active /data/5e-admin/node_modules/has-symbols/index.js
<s> [webpack.Progress] 67% building 767/797 modules 30 active /data/5e-admin/node_modules/es-define-property/index.js
<s> [webpack.Progress] 67% building 767/798 modules 31 active /data/5e-admin/node_modules/babel-runtime/node_modules/core-js/library/modules/_array-includes.js
<s> [webpack.Progress] 67% building 767/799 modules 32 active /data/5e-admin/node_modules/axios/lib/core/InterceptorManager.js
<s> [webpack.Progress] 67% building 767/800 modules 33 active /data/5e-admin/node_modules/axios/lib/core/dispatchRequest.js
<s> [webpack.Progress] 67% building 767/801 modules 34 active /data/5e-admin/node_modules/axios/lib/adapters/xhr.js
<s> [webpack.Progress] 67% building 768/801 modules 33 active /data/5e-admin/node_modules/axios/lib/adapters/xhr.js
<s> [webpack.Progress] 67% building 769/801 modules 32 active /data/5e-admin/node_modules/axios/lib/adapters/xhr.js
<s> [webpack.Progress] 67% building 770/801 modules 31 active /data/5e-admin/node_modules/axios/lib/adapters/xhr.js
<s> [webpack.Progress] 67% building 771/801 modules 30 active /data/5e-admin/node_modules/axios/lib/adapters/xhr.js
<s> [webpack.Progress] 67% building 772/801 modules 29 active /data/5e-admin/node_modules/axios/lib/adapters/xhr.js
<s> [webpack.Progress] 67% building 773/801 modules 28 active /data/5e-admin/node_modules/axios/lib/adapters/xhr.js
<s> [webpack.Progress] 67% building 774/801 modules 27 active /data/5e-admin/node_modules/axios/lib/adapters/xhr.js
<s> [webpack.Progress] 67% building 774/802 modules 28 active /data/5e-admin/node_modules/vue-loader/lib/loaders/pitcher.js??ref--4!/data/5e-admin/node_modules/cache-loader/dist/cjs.js??ref--0-0!/data/5e-admin/node_modules/vue-loader/lib/index.js??vue-loader-options!/data/5e-admin/node_modules/eslint-loader/index.js??ref--13-0!/data/5e-admin/src/layout/components/Settings/index.vue?vue&type=template&id=126b135a&scoped=true
<s> [webpack.Progress] 67% building 775/802 modules 27 active /data/5e-admin/node_modules/axios/lib/adapters/xhr.js
<s> [webpack.Progress] 67% building 775/803 modules 28 active /data/5e-admin/node_modules/vue-loader/lib/loaders/pitcher.js??ref--4!/data/5e-admin/node_modules/cache-loader/dist/cjs.js??ref--12-0!/data/5e-admin/node_modules/babel-loader/lib/index.js!/data/5e-admin/node_modules/cache-loader/dist/cjs.js??ref--0-0!/data/5e-admin/node_modules/vue-loader/lib/index.js??vue-loader-options!/data/5e-admin/node_modules/eslint-loader/index.js??ref--13-0!/data/5e-admin/node_modules/eslint-loader/index.js??ref--13-0!/data/5e-admin/src/layout/components/Settings/index.vue?vue&type=script&lang=js
<s> [webpack.Progress] 67% building 776/803 modules 27 active /data/5e-admin/node_modules/axios/lib/adapters/xhr.js
<s> [webpack.Progress] 67% building 776/804 modules 28 active /data/5e-admin/node_modules/vue-loader/lib/loaders/pitcher.js??ref--4!/data/5e-admin/node_modules/vue-style-loader/index.js??ref--8-oneOf-1-0!/data/5e-admin/node_modules/css-loader/dist/cjs.js??ref--8-oneOf-1-1!/data/5e-admin/node_modules/postcss-loader/src/index.js??ref--8-oneOf-1-2!/data/5e-admin/node_modules/sass-loader/dist/cjs.js??ref--8-oneOf-1-3!/data/5e-admin/node_modules/cache-loader/dist/cjs.js??ref--0-0!/data/5e-admin/node_modules/vue-loader/lib/index.js??vue-loader-options!/data/5e-admin/node_modules/eslint-loader/index.js??ref--13-0!/data/5e-admin/src/layout/components/Settings/index.vue?vue&type=style&index=0&id=126b135a&lang=scss&scoped=true
<s> [webpack.Progress] 67% building 777/804 modules 27 active /data/5e-admin/node_modules/axios/lib/adapters/xhr.js
<s> [webpack.Progress] 67% building 777/805 modules 28 active /data/5e-admin/node_modules/cache-loader/dist/cjs.js??ref--12-0!/data/5e-admin/node_modules/babel-loader/lib/index.js!/data/5e-admin/node_modules/cache-loader/dist/cjs.js??ref--0-0!/data/5e-admin/node_modules/vue-loader/lib/index.js??vue-loader-options!/data/5e-admin/src/layout/components/Settings/index.vue?vue&type=script&lang=js
<s> [webpack.Progress] 67% building 777/806 modules 29 active /data/5e-admin/node_modules/cache-loader/dist/cjs.js?{"cacheDirectory":"node_modules/.cache/vue-loader","cacheIdentifier":"f79bae76-vue-loader-template"}!/data/5e-admin/node_modules/vue-loader/lib/loaders/templateLoader.js??vue-loader-options!/data/5e-admin/node_modules/cache-loader/dist/cjs.js??ref--0-0!/data/5e-admin/node_modules/vue-loader/lib/index.js??vue-loader-options!/data/5e-admin/src/layout/components/Settings/index.vue?vue&type=template&id=126b135a&scoped=true
<s> [webpack.Progress] 67% building 777/807 modules 30 active /data/5e-admin/node_modules/vue-style-loader/index.js??ref--8-oneOf-1-0!/data/5e-admin/node_modules/css-loader/dist/cjs.js??ref--8-oneOf-1-1!/data/5e-admin/node_modules/vue-loader/lib/loaders/stylePostLoader.js!/data/5e-admin/node_modules/postcss-loader/src/index.js??ref--8-oneOf-1-2!/data/5e-admin/node_modules/sass-loader/dist/cjs.js??ref--8-oneOf-1-3!/data/5e-admin/node_modules/cache-loader/dist/cjs.js??ref--0-0!/data/5e-admin/node_modules/vue-loader/lib/index.js??vue-loader-options!/data/5e-admin/src/layout/components/Settings/index.vue?vue&type=style&index=0&id=126b135a&lang=scss&scoped=true
<s> [webpack.Progress] 67% building 778/807 modules 29 active /data/5e-admin/node_modules/cache-loader/dist/cjs.js?{"cacheDirectory":"node_modules/.cache/vue-loader","cacheIdentifier":"f79bae76-vue-loader-template"}!/data/5e-admin/node_modules/vue-loader/lib/loaders/templateLoader.js??vue-loader-options!/data/5e-admin/node_modules/cache-loader/dist/cjs.js??ref--0-0!/data/5e-admin/node_modules/vue-loader/lib/index.js??vue-loader-options!/data/5e-admin/src/layout/components/Settings/index.vue?vue&type=template&id=126b135a&scoped=true
<s> [webpack.Progress] 67% building 778/808 modules 30 active /data/5e-admin/node_modules/css-loader/dist/cjs.js??ref--8-oneOf-1-1!/data/5e-admin/node_modules/vue-loader/lib/loaders/stylePostLoader.js!/data/5e-admin/node_modules/postcss-loader/src/index.js??ref--8-oneOf-1-2!/data/5e-admin/node_modules/sass-loader/dist/cjs.js??ref--8-oneOf-1-3!/data/5e-admin/node_modules/cache-loader/dist/cjs.js??ref--0-0!/data/5e-admin/node_modules/vue-loader/lib/index.js??vue-loader-options!/data/5e-admin/src/layout/components/Settings/index.vue?vue&type=style&index=0&id=126b135a&lang=scss&scoped=true
<s> [webpack.Progress] 67% building 779/808 modules 29 active /data/5e-admin/node_modules/css-loader/dist/cjs.js??ref--8-oneOf-1-1!/data/5e-admin/node_modules/vue-loader/lib/loaders/stylePostLoader.js!/data/5e-admin/node_modules/postcss-loader/src/index.js??ref--8-oneOf-1-2!/data/5e-admin/node_modules/sass-loader/dist/cjs.js??ref--8-oneOf-1-3!/data/5e-admin/node_modules/cache-loader/dist/cjs.js??ref--0-0!/data/5e-admin/node_modules/vue-loader/lib/index.js??vue-loader-options!/data/5e-admin/src/layout/components/Settings/index.vue?vue&type=style&index=0&id=126b135a&lang=scss&scoped=true
<s> [webpack.Progress] 67% building 779/809 modules 30 active /data/5e-admin/node_modules/function-bind/index.js
<s> [webpack.Progress] 67% building 780/809 modules 29 active /data/5e-admin/node_modules/function-bind/index.js
<s> [webpack.Progress] 67% building 781/809 modules 28 active /data/5e-admin/node_modules/function-bind/index.js
<s> [webpack.Progress] 67% building 782/809 modules 27 active /data/5e-admin/node_modules/function-bind/index.js
<s> [webpack.Progress] 68% building 783/809 modules 26 active /data/5e-admin/node_modules/function-bind/index.js
<s> [webpack.Progress] 68% building 784/809 modules 25 active /data/5e-admin/node_modules/function-bind/index.js
<s> [webpack.Progress] 68% building 785/809 modules 24 active /data/5e-admin/node_modules/function-bind/index.js
<s> [webpack.Progress] 68% building 786/809 modules 23 active /data/5e-admin/node_modules/function-bind/index.js
<s> [webpack.Progress] 68% building 787/809 modules 22 active /data/5e-admin/node_modules/function-bind/index.js
<s> [webpack.Progress] 68% building 788/809 modules 21 active /data/5e-admin/node_modules/function-bind/index.js
<s> [webpack.Progress] 68% building 789/809 modules 20 active /data/5e-admin/node_modules/function-bind/index.js
<s> [webpack.Progress] 68% building 790/809 modules 19 active /data/5e-admin/node_modules/function-bind/index.js
<s> [webpack.Progress] 68% building 791/809 modules 18 active /data/5e-admin/node_modules/function-bind/index.js
<s> [webpack.Progress] 68% building 792/809 modules 17 active /data/5e-admin/node_modules/function-bind/index.js
<s> [webpack.Progress] 68% building 793/809 modules 16 active /data/5e-admin/node_modules/function-bind/index.js
<s> [webpack.Progress] 68% building 793/810 modules 17 active /data/5e-admin/node_modules/core-js/modules/es.array.find-index.js
<s> [webpack.Progress] 68% building 794/810 modules 16 active /data/5e-admin/node_modules/core-js/modules/es.array.find-index.js
<s> [webpack.Progress] 68% building 794/811 modules 17 active /data/5e-admin/node_modules/call-bind-apply-helpers/actualApply.js
<s> [webpack.Progress] 68% building 794/812 modules 18 active /data/5e-admin/node_modules/gopd/gOPD.js
<s> [webpack.Progress] 68% building 794/813 modules 19 active /data/5e-admin/node_modules/cache-loader/dist/cjs.js??ref--12-0!/data/5e-admin/node_modules/babel-loader/lib/index.js!/data/5e-admin/node_modules/eslint-loader/index.js??ref--13-0!/data/5e-admin/src/layout/components/Sidebar/FixiOSBug.js
<s> [webpack.Progress] 68% building 795/813 modules 18 active /data/5e-admin/node_modules/cache-loader/dist/cjs.js??ref--12-0!/data/5e-admin/node_modules/babel-loader/lib/index.js!/data/5e-admin/node_modules/eslint-loader/index.js??ref--13-0!/data/5e-admin/src/layout/components/Sidebar/FixiOSBug.js
<s> [webpack.Progress] 68% building 795/814 modules 19 active /data/5e-admin/node_modules/has-symbols/shams.js
<s> [webpack.Progress] 68% building 795/815 modules 20 active /data/5e-admin/node_modules/babel-runtime/node_modules/core-js/library/modules/_to-length.js
<s> [webpack.Progress] 68% building 795/816 modules 21 active /data/5e-admin/node_modules/babel-runtime/node_modules/core-js/library/modules/_to-absolute-index.js
<s> [webpack.Progress] 68% building 795/817 modules 22 active /data/5e-admin/node_modules/axios/lib/core/transformData.js
<s> [webpack.Progress] 68% building 795/818 modules 23 active /data/5e-admin/node_modules/axios/lib/helpers/isAbsoluteURL.js
<s> [webpack.Progress] 68% building 795/819 modules 24 active /data/5e-admin/node_modules/axios/lib/helpers/combineURLs.js
<s> [webpack.Progress] 68% building 795/820 modules 25 active /data/5e-admin/node_modules/axios/lib/core/settle.js
<s> [webpack.Progress] 68% building 795/821 modules 26 active /data/5e-admin/node_modules/axios/lib/helpers/buildURL.js
<s> [webpack.Progress] 68% building 795/822 modules 27 active /data/5e-admin/node_modules/axios/lib/helpers/parseHeaders.js
<s> [webpack.Progress] 67% building 795/823 modules 28 active /data/5e-admin/node_modules/axios/lib/helpers/isURLSameOrigin.js
<s> [webpack.Progress] 67% building 795/824 modules 29 active /data/5e-admin/node_modules/axios/lib/core/createError.js
<s> [webpack.Progress] 67% building 795/825 modules 30 active /data/5e-admin/node_modules/axios/lib/helpers/cookies.js
<s> [webpack.Progress] 67% building 796/825 modules 29 active /data/5e-admin/node_modules/axios/lib/helpers/cookies.js
<s> [webpack.Progress] 67% building 797/825 modules 28 active /data/5e-admin/node_modules/axios/lib/helpers/cookies.js
<s> [webpack.Progress] 68% building 798/825 modules 27 active /data/5e-admin/node_modules/axios/lib/helpers/cookies.js
<s> [webpack.Progress] 67% building 798/826 modules 28 active /data/5e-admin/node_modules/clipboard/dist/clipboard.js
<s> [webpack.Progress] 68% building 799/826 modules 27 active /data/5e-admin/node_modules/clipboard/dist/clipboard.js
<s> [webpack.Progress] 67% building 799/827 modules 28 active /data/5e-admin/node_modules/is-buffer/index.js
<s> [webpack.Progress] 67% building 799/828 modules 29 active /data/5e-admin/node_modules/function-bind/implementation.js
<s> [webpack.Progress] 67% building 799/829 modules 30 active /data/5e-admin/node_modules/cache-loader/dist/cjs.js??ref--0-0!/data/5e-admin/node_modules/vue-loader/lib/index.js??vue-loader-options!/data/5e-admin/node_modules/eslint-loader/index.js??ref--13-0!/data/5e-admin/src/layout/components/Sidebar/Item.vue
<s> [webpack.Progress] 67% building 799/830 modules 31 active /data/5e-admin/node_modules/cache-loader/dist/cjs.js??ref--0-0!/data/5e-admin/node_modules/vue-loader/lib/index.js??vue-loader-options!/data/5e-admin/node_modules/eslint-loader/index.js??ref--13-0!/data/5e-admin/src/layout/components/Sidebar/Link.vue
<s> [webpack.Progress] 67% building 800/830 modules 30 active /data/5e-admin/node_modules/cache-loader/dist/cjs.js??ref--0-0!/data/5e-admin/node_modules/vue-loader/lib/index.js??vue-loader-options!/data/5e-admin/node_modules/eslint-loader/index.js??ref--13-0!/data/5e-admin/src/layout/components/Sidebar/Link.vue
<s> [webpack.Progress] 67% building 800/831 modules 31 active /data/5e-admin/node_modules/dunder-proto/get.js
<s> [webpack.Progress] 67% building 801/831 modules 30 active /data/5e-admin/node_modules/dunder-proto/get.js
<s> [webpack.Progress] 67% building 802/831 modules 29 active /data/5e-admin/node_modules/dunder-proto/get.js
<s> [webpack.Progress] 67% building 803/831 modules 28 active /data/5e-admin/node_modules/dunder-proto/get.js
<s> [webpack.Progress] 68% building 804/831 modules 27 active /data/5e-admin/node_modules/dunder-proto/get.js
<s> [webpack.Progress] 68% building 805/831 modules 26 active /data/5e-admin/node_modules/dunder-proto/get.js
<s> [webpack.Progress] 68% building 806/831 modules 25 active /data/5e-admin/node_modules/dunder-proto/get.js
<s> [webpack.Progress] 68% building 807/831 modules 24 active /data/5e-admin/node_modules/dunder-proto/get.js
<s> [webpack.Progress] 68% building 808/831 modules 23 active /data/5e-admin/node_modules/dunder-proto/get.js
<s> [webpack.Progress] 68% building 809/831 modules 22 active /data/5e-admin/node_modules/dunder-proto/get.js
<s> [webpack.Progress] 68% building 810/831 modules 21 active /data/5e-admin/node_modules/dunder-proto/get.js
<s> [webpack.Progress] 68% building 811/831 modules 20 active /data/5e-admin/node_modules/dunder-proto/get.js
<s> [webpack.Progress] 68% building 812/831 modules 19 active /data/5e-admin/node_modules/dunder-proto/get.js
<s> [webpack.Progress] 68% building 813/831 modules 18 active /data/5e-admin/node_modules/dunder-proto/get.js
<s> [webpack.Progress] 68% building 814/831 modules 17 active /data/5e-admin/node_modules/dunder-proto/get.js
<s> [webpack.Progress] 68% building 815/831 modules 16 active /data/5e-admin/node_modules/dunder-proto/get.js
<s> [webpack.Progress] 68% building 815/832 modules 17 active /data/5e-admin/node_modules/cache-loader/dist/cjs.js??ref--0-0!/data/5e-admin/node_modules/vue-loader/lib/index.js??vue-loader-options!/data/5e-admin/node_modules/eslint-loader/index.js??ref--13-0!/data/5e-admin/src/components/Breadcrumb/index.vue
<s> [webpack.Progress] 68% building 815/833 modules 18 active /data/5e-admin/node_modules/cache-loader/dist/cjs.js??ref--0-0!/data/5e-admin/node_modules/vue-loader/lib/index.js??vue-loader-options!/data/5e-admin/node_modules/eslint-loader/index.js??ref--13-0!/data/5e-admin/src/components/Hamburger/index.vue
<s> [webpack.Progress] 68% building 815/834 modules 19 active /data/5e-admin/node_modules/cache-loader/dist/cjs.js??ref--0-0!/data/5e-admin/node_modules/vue-loader/lib/index.js??vue-loader-options!/data/5e-admin/node_modules/eslint-loader/index.js??ref--13-0!/data/5e-admin/src/components/ErrorLog/index.vue
<s> [webpack.Progress] 68% building 815/835 modules 20 active /data/5e-admin/node_modules/cache-loader/dist/cjs.js??ref--0-0!/data/5e-admin/node_modules/vue-loader/lib/index.js??vue-loader-options!/data/5e-admin/node_modules/eslint-loader/index.js??ref--13-0!/data/5e-admin/src/components/Screenfull/index.vue
<s> [webpack.Progress] 68% building 815/836 modules 21 active /data/5e-admin/node_modules/cache-loader/dist/cjs.js??ref--0-0!/data/5e-admin/node_modules/vue-loader/lib/index.js??vue-loader-options!/data/5e-admin/node_modules/eslint-loader/index.js??ref--13-0!/data/5e-admin/src/components/SizeSelect/index.vue
<s> [webpack.Progress] 68% building 815/837 modules 22 active /data/5e-admin/node_modules/cache-loader/dist/cjs.js??ref--0-0!/data/5e-admin/node_modules/vue-loader/lib/index.js??vue-loader-options!/data/5e-admin/node_modules/eslint-loader/index.js??ref--13-0!/data/5e-admin/src/components/HeaderSearch/index.vue
<s> [webpack.Progress] 68% building 816/837 modules 21 active /data/5e-admin/node_modules/cache-loader/dist/cjs.js??ref--0-0!/data/5e-admin/node_modules/vue-loader/lib/index.js??vue-loader-options!/data/5e-admin/node_modules/eslint-loader/index.js??ref--13-0!/data/5e-admin/src/components/HeaderSearch/index.vue
<s> [webpack.Progress] 68% building 817/837 modules 20 active /data/5e-admin/node_modules/cache-loader/dist/cjs.js??ref--0-0!/data/5e-admin/node_modules/vue-loader/lib/index.js??vue-loader-options!/data/5e-admin/node_modules/eslint-loader/index.js??ref--13-0!/data/5e-admin/src/components/HeaderSearch/index.vue
<s> [webpack.Progress] 68% building 818/837 modules 19 active /data/5e-admin/node_modules/cache-loader/dist/cjs.js??ref--0-0!/data/5e-admin/node_modules/vue-loader/lib/index.js??vue-loader-options!/data/5e-admin/node_modules/eslint-loader/index.js??ref--13-0!/data/5e-admin/src/components/HeaderSearch/index.vue
<s> [webpack.Progress] 68% building 819/837 modules 18 active /data/5e-admin/node_modules/cache-loader/dist/cjs.js??ref--0-0!/data/5e-admin/node_modules/vue-loader/lib/index.js??vue-loader-options!/data/5e-admin/node_modules/eslint-loader/index.js??ref--13-0!/data/5e-admin/src/components/HeaderSearch/index.vue
<s> [webpack.Progress] 68% building 820/837 modules 17 active /data/5e-admin/node_modules/cache-loader/dist/cjs.js??ref--0-0!/data/5e-admin/node_modules/vue-loader/lib/index.js??vue-loader-options!/data/5e-admin/node_modules/eslint-loader/index.js??ref--13-0!/data/5e-admin/src/components/HeaderSearch/index.vue
<s> [webpack.Progress] 68% building 821/837 modules 16 active /data/5e-admin/node_modules/cache-loader/dist/cjs.js??ref--0-0!/data/5e-admin/node_modules/vue-loader/lib/index.js??vue-loader-options!/data/5e-admin/node_modules/eslint-loader/index.js??ref--13-0!/data/5e-admin/src/components/HeaderSearch/index.vue
<s> [webpack.Progress] 68% building 821/838 modules 17 active /data/5e-admin/node_modules/call-bind-apply-helpers/reflectApply.js
<s> [webpack.Progress] 68% building 821/839 modules 18 active /data/5e-admin/node_modules/vue-loader/lib/loaders/pitcher.js??ref--4!/data/5e-admin/node_modules/cache-loader/dist/cjs.js??ref--12-0!/data/5e-admin/node_modules/babel-loader/lib/index.js!/data/5e-admin/node_modules/cache-loader/dist/cjs.js??ref--0-0!/data/5e-admin/node_modules/vue-loader/lib/index.js??vue-loader-options!/data/5e-admin/node_modules/eslint-loader/index.js??ref--13-0!/data/5e-admin/node_modules/eslint-loader/index.js??ref--13-0!/data/5e-admin/src/layout/components/Sidebar/Item.vue?vue&type=script&lang=js
<s> [webpack.Progress] 68% building 822/839 modules 17 active /data/5e-admin/node_modules/call-bind-apply-helpers/reflectApply.js
<s> [webpack.Progress] 68% building 822/840 modules 18 active /data/5e-admin/node_modules/vue-loader/lib/loaders/pitcher.js??ref--4!/data/5e-admin/node_modules/vue-style-loader/index.js??ref--6-oneOf-1-0!/data/5e-admin/node_modules/css-loader/dist/cjs.js??ref--6-oneOf-1-1!/data/5e-admin/node_modules/postcss-loader/src/index.js??ref--6-oneOf-1-2!/data/5e-admin/node_modules/cache-loader/dist/cjs.js??ref--0-0!/data/5e-admin/node_modules/vue-loader/lib/index.js??vue-loader-options!/data/5e-admin/node_modules/eslint-loader/index.js??ref--13-0!/data/5e-admin/src/layout/components/Sidebar/Item.vue?vue&type=style&index=0&id=31ea41b3&scoped=true&lang=css
<s> [webpack.Progress] 68% building 823/840 modules 17 active /data/5e-admin/node_modules/call-bind-apply-helpers/reflectApply.js
<s> [webpack.Progress] 68% building 823/841 modules 18 active /data/5e-admin/node_modules/cache-loader/dist/cjs.js??ref--12-0!/data/5e-admin/node_modules/babel-loader/lib/index.js!/data/5e-admin/node_modules/cache-loader/dist/cjs.js??ref--0-0!/data/5e-admin/node_modules/vue-loader/lib/index.js??vue-loader-options!/data/5e-admin/src/layout/components/Sidebar/Item.vue?vue&type=script&lang=js
<s> [webpack.Progress] 68% building 823/842 modules 19 active /data/5e-admin/node_modules/vue-style-loader/index.js??ref--6-oneOf-1-0!/data/5e-admin/node_modules/css-loader/dist/cjs.js??ref--6-oneOf-1-1!/data/5e-admin/node_modules/vue-loader/lib/loaders/stylePostLoader.js!/data/5e-admin/node_modules/postcss-loader/src/index.js??ref--6-oneOf-1-2!/data/5e-admin/node_modules/cache-loader/dist/cjs.js??ref--0-0!/data/5e-admin/node_modules/vue-loader/lib/index.js??vue-loader-options!/data/5e-admin/src/layout/components/Sidebar/Item.vue?vue&type=style&index=0&id=31ea41b3&scoped=true&lang=css
<s> [webpack.Progress] 68% building 824/842 modules 18 active /data/5e-admin/node_modules/cache-loader/dist/cjs.js??ref--12-0!/data/5e-admin/node_modules/babel-loader/lib/index.js!/data/5e-admin/node_modules/cache-loader/dist/cjs.js??ref--0-0!/data/5e-admin/node_modules/vue-loader/lib/index.js??vue-loader-options!/data/5e-admin/src/layout/components/Sidebar/Item.vue?vue&type=script&lang=js
<s> [webpack.Progress] 68% building 824/843 modules 19 active /data/5e-admin/node_modules/css-loader/dist/cjs.js??ref--6-oneOf-1-1!/data/5e-admin/node_modules/vue-loader/lib/loaders/stylePostLoader.js!/data/5e-admin/node_modules/postcss-loader/src/index.js??ref--6-oneOf-1-2!/data/5e-admin/node_modules/cache-loader/dist/cjs.js??ref--0-0!/data/5e-admin/node_modules/vue-loader/lib/index.js??vue-loader-options!/data/5e-admin/src/layout/components/Sidebar/Item.vue?vue&type=style&index=0&id=31ea41b3&scoped=true&lang=css
<s> [webpack.Progress] 68% building 824/844 modules 20 active /data/5e-admin/node_modules/vue-loader/lib/loaders/pitcher.js??ref--4!/data/5e-admin/node_modules/cache-loader/dist/cjs.js??ref--0-0!/data/5e-admin/node_modules/vue-loader/lib/index.js??vue-loader-options!/data/5e-admin/node_modules/eslint-loader/index.js??ref--13-0!/data/5e-admin/src/layout/components/Sidebar/Link.vue?vue&type=template&id=32e8ab1a
<s> [webpack.Progress] 68% building 825/844 modules 19 active /data/5e-admin/node_modules/css-loader/dist/cjs.js??ref--6-oneOf-1-1!/data/5e-admin/node_modules/vue-loader/lib/loaders/stylePostLoader.js!/data/5e-admin/node_modules/postcss-loader/src/index.js??ref--6-oneOf-1-2!/data/5e-admin/node_modules/cache-loader/dist/cjs.js??ref--0-0!/data/5e-admin/node_modules/vue-loader/lib/index.js??vue-loader-options!/data/5e-admin/src/layout/components/Sidebar/Item.vue?vue&type=style&index=0&id=31ea41b3&scoped=true&lang=css
<s> [webpack.Progress] 68% building 825/845 modules 20 active /data/5e-admin/node_modules/vue-loader/lib/loaders/pitcher.js??ref--4!/data/5e-admin/node_modules/cache-loader/dist/cjs.js??ref--12-0!/data/5e-admin/node_modules/babel-loader/lib/index.js!/data/5e-admin/node_modules/cache-loader/dist/cjs.js??ref--0-0!/data/5e-admin/node_modules/vue-loader/lib/index.js??vue-loader-options!/data/5e-admin/node_modules/eslint-loader/index.js??ref--13-0!/data/5e-admin/node_modules/eslint-loader/index.js??ref--13-0!/data/5e-admin/src/layout/components/Sidebar/Link.vue?vue&type=script&lang=js
<s> [webpack.Progress] 68% building 826/845 modules 19 active /data/5e-admin/node_modules/css-loader/dist/cjs.js??ref--6-oneOf-1-1!/data/5e-admin/node_modules/vue-loader/lib/loaders/stylePostLoader.js!/data/5e-admin/node_modules/postcss-loader/src/index.js??ref--6-oneOf-1-2!/data/5e-admin/node_modules/cache-loader/dist/cjs.js??ref--0-0!/data/5e-admin/node_modules/vue-loader/lib/index.js??vue-loader-options!/data/5e-admin/src/layout/components/Sidebar/Item.vue?vue&type=style&index=0&id=31ea41b3&scoped=true&lang=css
<s> [webpack.Progress] 68% building 826/846 modules 20 active /data/5e-admin/node_modules/cache-loader/dist/cjs.js??ref--12-0!/data/5e-admin/node_modules/babel-loader/lib/index.js!/data/5e-admin/node_modules/cache-loader/dist/cjs.js??ref--0-0!/data/5e-admin/node_modules/vue-loader/lib/index.js??vue-loader-options!/data/5e-admin/src/layout/components/Sidebar/Link.vue?vue&type=script&lang=js
<s> [webpack.Progress] 68% building 826/847 modules 21 active /data/5e-admin/node_modules/cache-loader/dist/cjs.js?{"cacheDirectory":"node_modules/.cache/vue-loader","cacheIdentifier":"f79bae76-vue-loader-template"}!/data/5e-admin/node_modules/vue-loader/lib/loaders/templateLoader.js??vue-loader-options!/data/5e-admin/node_modules/cache-loader/dist/cjs.js??ref--0-0!/data/5e-admin/node_modules/vue-loader/lib/index.js??vue-loader-options!/data/5e-admin/src/layout/components/Sidebar/Link.vue?vue&type=template&id=32e8ab1a
<s> [webpack.Progress] 68% building 826/848 modules 22 active /data/5e-admin/node_modules/ieee754/index.js
<s> [webpack.Progress] 68% building 826/849 modules 23 active /data/5e-admin/node_modules/base64-js/index.js
<s> [webpack.Progress] 68% building 826/850 modules 24 active /data/5e-admin/node_modules/isarray/index.js
<s> [webpack.Progress] 68% building 827/850 modules 23 active /data/5e-admin/node_modules/isarray/index.js
<s> [webpack.Progress] 68% building 828/850 modules 22 active /data/5e-admin/node_modules/isarray/index.js
<s> [webpack.Progress] 68% building 829/850 modules 21 active /data/5e-admin/node_modules/isarray/index.js
<s> [webpack.Progress] 68% building 830/850 modules 20 active /data/5e-admin/node_modules/isarray/index.js
<s> [webpack.Progress] 68% building 831/850 modules 19 active /data/5e-admin/node_modules/isarray/index.js
<s> [webpack.Progress] 68% building 832/850 modules 18 active /data/5e-admin/node_modules/isarray/index.js
<s> [webpack.Progress] 68% building 832/851 modules 19 active /data/5e-admin/node_modules/css-loader/dist/runtime/getUrl.js
<s> [webpack.Progress] 68% building 832/852 modules 20 active /data/5e-admin/node_modules/axios/lib/core/enhanceError.js
<s> [webpack.Progress] 68% building 832/853 modules 21 active /data/5e-admin/node_modules/vue-loader/lib/loaders/pitcher.js??ref--4!/data/5e-admin/node_modules/cache-loader/dist/cjs.js??ref--0-0!/data/5e-admin/node_modules/vue-loader/lib/index.js??vue-loader-options!/data/5e-admin/node_modules/eslint-loader/index.js??ref--13-0!/data/5e-admin/src/components/Breadcrumb/index.vue?vue&type=template&id=b50ef614&scoped=true
<s> [webpack.Progress] 68% building 833/853 modules 20 active /data/5e-admin/node_modules/axios/lib/core/enhanceError.js
<s> [webpack.Progress] 68% building 833/854 modules 21 active /data/5e-admin/node_modules/vue-loader/lib/loaders/pitcher.js??ref--4!/data/5e-admin/node_modules/cache-loader/dist/cjs.js??ref--12-0!/data/5e-admin/node_modules/babel-loader/lib/index.js!/data/5e-admin/node_modules/cache-loader/dist/cjs.js??ref--0-0!/data/5e-admin/node_modules/vue-loader/lib/index.js??vue-loader-options!/data/5e-admin/node_modules/eslint-loader/index.js??ref--13-0!/data/5e-admin/node_modules/eslint-loader/index.js??ref--13-0!/data/5e-admin/src/components/Breadcrumb/index.vue?vue&type=script&lang=js
<s> [webpack.Progress] 68% building 834/854 modules 20 active /data/5e-admin/node_modules/axios/lib/core/enhanceError.js
<s> [webpack.Progress] 68% building 834/855 modules 21 active /data/5e-admin/node_modules/vue-loader/lib/loaders/pitcher.js??ref--4!/data/5e-admin/node_modules/vue-style-loader/index.js??ref--8-oneOf-1-0!/data/5e-admin/node_modules/css-loader/dist/cjs.js??ref--8-oneOf-1-1!/data/5e-admin/node_modules/postcss-loader/src/index.js??ref--8-oneOf-1-2!/data/5e-admin/node_modules/sass-loader/dist/cjs.js??ref--8-oneOf-1-3!/data/5e-admin/node_modules/cache-loader/dist/cjs.js??ref--0-0!/data/5e-admin/node_modules/vue-loader/lib/index.js??vue-loader-options!/data/5e-admin/node_modules/eslint-loader/index.js??ref--13-0!/data/5e-admin/src/components/Breadcrumb/index.vue?vue&type=style&index=0&id=b50ef614&lang=scss&scoped=true
<s> [webpack.Progress] 68% building 835/855 modules 20 active /data/5e-admin/node_modules/axios/lib/core/enhanceError.js
<s> [webpack.Progress] 68% building 835/856 modules 21 active /data/5e-admin/node_modules/cache-loader/dist/cjs.js??ref--12-0!/data/5e-admin/node_modules/babel-loader/lib/index.js!/data/5e-admin/node_modules/cache-loader/dist/cjs.js??ref--0-0!/data/5e-admin/node_modules/vue-loader/lib/index.js??vue-loader-options!/data/5e-admin/src/components/Breadcrumb/index.vue?vue&type=script&lang=js
<s> [webpack.Progress] 68% building 835/857 modules 22 active /data/5e-admin/node_modules/cache-loader/dist/cjs.js?{"cacheDirectory":"node_modules/.cache/vue-loader","cacheIdentifier":"f79bae76-vue-loader-template"}!/data/5e-admin/node_modules/vue-loader/lib/loaders/templateLoader.js??vue-loader-options!/data/5e-admin/node_modules/cache-loader/dist/cjs.js??ref--0-0!/data/5e-admin/node_modules/vue-loader/lib/index.js??vue-loader-options!/data/5e-admin/src/components/Breadcrumb/index.vue?vue&type=template&id=b50ef614&scoped=true
<s> [webpack.Progress] 68% building 835/858 modules 23 active /data/5e-admin/node_modules/vue-style-loader/index.js??ref--8-oneOf-1-0!/data/5e-admin/node_modules/css-loader/dist/cjs.js??ref--8-oneOf-1-1!/data/5e-admin/node_modules/vue-loader/lib/loaders/stylePostLoader.js!/data/5e-admin/node_modules/postcss-loader/src/index.js??ref--8-oneOf-1-2!/data/5e-admin/node_modules/sass-loader/dist/cjs.js??ref--8-oneOf-1-3!/data/5e-admin/node_modules/cache-loader/dist/cjs.js??ref--0-0!/data/5e-admin/node_modules/vue-loader/lib/index.js??vue-loader-options!/data/5e-admin/src/components/Breadcrumb/index.vue?vue&type=style&index=0&id=b50ef614&lang=scss&scoped=true
<s> [webpack.Progress] 68% building 836/858 modules 22 active /data/5e-admin/node_modules/cache-loader/dist/cjs.js?{"cacheDirectory":"node_modules/.cache/vue-loader","cacheIdentifier":"f79bae76-vue-loader-template"}!/data/5e-admin/node_modules/vue-loader/lib/loaders/templateLoader.js??vue-loader-options!/data/5e-admin/node_modules/cache-loader/dist/cjs.js??ref--0-0!/data/5e-admin/node_modules/vue-loader/lib/index.js??vue-loader-options!/data/5e-admin/src/components/Breadcrumb/index.vue?vue&type=template&id=b50ef614&scoped=true
<s> [webpack.Progress] 68% building 836/859 modules 23 active /data/5e-admin/node_modules/css-loader/dist/cjs.js??ref--8-oneOf-1-1!/data/5e-admin/node_modules/vue-loader/lib/loaders/stylePostLoader.js!/data/5e-admin/node_modules/postcss-loader/src/index.js??ref--8-oneOf-1-2!/data/5e-admin/node_modules/sass-loader/dist/cjs.js??ref--8-oneOf-1-3!/data/5e-admin/node_modules/cache-loader/dist/cjs.js??ref--0-0!/data/5e-admin/node_modules/vue-loader/lib/index.js??vue-loader-options!/data/5e-admin/src/components/Breadcrumb/index.vue?vue&type=style&index=0&id=b50ef614&lang=scss&scoped=true
<s> [webpack.Progress] 68% building 836/860 modules 24 active /data/5e-admin/node_modules/vue-loader/lib/loaders/pitcher.js??ref--4!/data/5e-admin/node_modules/cache-loader/dist/cjs.js??ref--0-0!/data/5e-admin/node_modules/vue-loader/lib/index.js??vue-loader-options!/data/5e-admin/node_modules/eslint-loader/index.js??ref--13-0!/data/5e-admin/src/components/Hamburger/index.vue?vue&type=template&id=4e6f274c&scoped=true
<s> [webpack.Progress] 68% building 837/860 modules 23 active /data/5e-admin/node_modules/css-loader/dist/cjs.js??ref--8-oneOf-1-1!/data/5e-admin/node_modules/vue-loader/lib/loaders/stylePostLoader.js!/data/5e-admin/node_modules/postcss-loader/src/index.js??ref--8-oneOf-1-2!/data/5e-admin/node_modules/sass-loader/dist/cjs.js??ref--8-oneOf-1-3!/data/5e-admin/node_modules/cache-loader/dist/cjs.js??ref--0-0!/data/5e-admin/node_modules/vue-loader/lib/index.js??vue-loader-options!/data/5e-admin/src/components/Breadcrumb/index.vue?vue&type=style&index=0&id=b50ef614&lang=scss&scoped=true
<s> [webpack.Progress] 68% building 837/861 modules 24 active /data/5e-admin/node_modules/vue-loader/lib/loaders/pitcher.js??ref--4!/data/5e-admin/node_modules/cache-loader/dist/cjs.js??ref--12-0!/data/5e-admin/node_modules/babel-loader/lib/index.js!/data/5e-admin/node_modules/cache-loader/dist/cjs.js??ref--0-0!/data/5e-admin/node_modules/vue-loader/lib/index.js??vue-loader-options!/data/5e-admin/node_modules/eslint-loader/index.js??ref--13-0!/data/5e-admin/node_modules/eslint-loader/index.js??ref--13-0!/data/5e-admin/src/components/Hamburger/index.vue?vue&type=script&lang=js
<s> [webpack.Progress] 68% building 838/861 modules 23 active /data/5e-admin/node_modules/css-loader/dist/cjs.js??ref--8-oneOf-1-1!/data/5e-admin/node_modules/vue-loader/lib/loaders/stylePostLoader.js!/data/5e-admin/node_modules/postcss-loader/src/index.js??ref--8-oneOf-1-2!/data/5e-admin/node_modules/sass-loader/dist/cjs.js??ref--8-oneOf-1-3!/data/5e-admin/node_modules/cache-loader/dist/cjs.js??ref--0-0!/data/5e-admin/node_modules/vue-loader/lib/index.js??vue-loader-options!/data/5e-admin/src/components/Breadcrumb/index.vue?vue&type=style&index=0&id=b50ef614&lang=scss&scoped=true
<s> [webpack.Progress] 68% building 838/862 modules 24 active /data/5e-admin/node_modules/vue-loader/lib/loaders/pitcher.js??ref--4!/data/5e-admin/node_modules/vue-style-loader/index.js??ref--6-oneOf-1-0!/data/5e-admin/node_modules/css-loader/dist/cjs.js??ref--6-oneOf-1-1!/data/5e-admin/node_modules/postcss-loader/src/index.js??ref--6-oneOf-1-2!/data/5e-admin/node_modules/cache-loader/dist/cjs.js??ref--0-0!/data/5e-admin/node_modules/vue-loader/lib/index.js??vue-loader-options!/data/5e-admin/node_modules/eslint-loader/index.js??ref--13-0!/data/5e-admin/src/components/Hamburger/index.vue?vue&type=style&index=0&id=4e6f274c&scoped=true&lang=css
<s> [webpack.Progress] 68% building 839/862 modules 23 active /data/5e-admin/node_modules/css-loader/dist/cjs.js??ref--8-oneOf-1-1!/data/5e-admin/node_modules/vue-loader/lib/loaders/stylePostLoader.js!/data/5e-admin/node_modules/postcss-loader/src/index.js??ref--8-oneOf-1-2!/data/5e-admin/node_modules/sass-loader/dist/cjs.js??ref--8-oneOf-1-3!/data/5e-admin/node_modules/cache-loader/dist/cjs.js??ref--0-0!/data/5e-admin/node_modules/vue-loader/lib/index.js??vue-loader-options!/data/5e-admin/src/components/Breadcrumb/index.vue?vue&type=style&index=0&id=b50ef614&lang=scss&scoped=true
<s> [webpack.Progress] 68% building 839/863 modules 24 active /data/5e-admin/node_modules/cache-loader/dist/cjs.js??ref--12-0!/data/5e-admin/node_modules/babel-loader/lib/index.js!/data/5e-admin/node_modules/cache-loader/dist/cjs.js??ref--0-0!/data/5e-admin/node_modules/vue-loader/lib/index.js??vue-loader-options!/data/5e-admin/src/components/Hamburger/index.vue?vue&type=script&lang=js
<s> [webpack.Progress] 68% building 839/864 modules 25 active /data/5e-admin/node_modules/cache-loader/dist/cjs.js?{"cacheDirectory":"node_modules/.cache/vue-loader","cacheIdentifier":"f79bae76-vue-loader-template"}!/data/5e-admin/node_modules/vue-loader/lib/loaders/templateLoader.js??vue-loader-options!/data/5e-admin/node_modules/cache-loader/dist/cjs.js??ref--0-0!/data/5e-admin/node_modules/vue-loader/lib/index.js??vue-loader-options!/data/5e-admin/src/components/Hamburger/index.vue?vue&type=template&id=4e6f274c&scoped=true
<s> [webpack.Progress] 68% building 839/865 modules 26 active /data/5e-admin/node_modules/vue-style-loader/index.js??ref--6-oneOf-1-0!/data/5e-admin/node_modules/css-loader/dist/cjs.js??ref--6-oneOf-1-1!/data/5e-admin/node_modules/vue-loader/lib/loaders/stylePostLoader.js!/data/5e-admin/node_modules/postcss-loader/src/index.js??ref--6-oneOf-1-2!/data/5e-admin/node_modules/cache-loader/dist/cjs.js??ref--0-0!/data/5e-admin/node_modules/vue-loader/lib/index.js??vue-loader-options!/data/5e-admin/src/components/Hamburger/index.vue?vue&type=style&index=0&id=4e6f274c&scoped=true&lang=css
<s> [webpack.Progress] 68% building 840/865 modules 25 active /data/5e-admin/node_modules/cache-loader/dist/cjs.js?{"cacheDirectory":"node_modules/.cache/vue-loader","cacheIdentifier":"f79bae76-vue-loader-template"}!/data/5e-admin/node_modules/vue-loader/lib/loaders/templateLoader.js??vue-loader-options!/data/5e-admin/node_modules/cache-loader/dist/cjs.js??ref--0-0!/data/5e-admin/node_modules/vue-loader/lib/index.js??vue-loader-options!/data/5e-admin/src/components/Hamburger/index.vue?vue&type=template&id=4e6f274c&scoped=true
<s> [webpack.Progress] 68% building 840/866 modules 26 active /data/5e-admin/node_modules/css-loader/dist/cjs.js??ref--6-oneOf-1-1!/data/5e-admin/node_modules/vue-loader/lib/loaders/stylePostLoader.js!/data/5e-admin/node_modules/postcss-loader/src/index.js??ref--6-oneOf-1-2!/data/5e-admin/node_modules/cache-loader/dist/cjs.js??ref--0-0!/data/5e-admin/node_modules/vue-loader/lib/index.js??vue-loader-options!/data/5e-admin/src/components/Hamburger/index.vue?vue&type=style&index=0&id=4e6f274c&scoped=true&lang=css
<s> [webpack.Progress] 68% building 840/867 modules 27 active /data/5e-admin/node_modules/vue-loader/lib/loaders/pitcher.js??ref--4!/data/5e-admin/node_modules/cache-loader/dist/cjs.js??ref--0-0!/data/5e-admin/node_modules/vue-loader/lib/index.js??vue-loader-options!/data/5e-admin/node_modules/eslint-loader/index.js??ref--13-0!/data/5e-admin/src/components/ErrorLog/index.vue?vue&type=template&id=cf51e862&scoped=true
<s> [webpack.Progress] 68% building 841/867 modules 26 active /data/5e-admin/node_modules/css-loader/dist/cjs.js??ref--6-oneOf-1-1!/data/5e-admin/node_modules/vue-loader/lib/loaders/stylePostLoader.js!/data/5e-admin/node_modules/postcss-loader/src/index.js??ref--6-oneOf-1-2!/data/5e-admin/node_modules/cache-loader/dist/cjs.js??ref--0-0!/data/5e-admin/node_modules/vue-loader/lib/index.js??vue-loader-options!/data/5e-admin/src/components/Hamburger/index.vue?vue&type=style&index=0&id=4e6f274c&scoped=true&lang=css
<s> [webpack.Progress] 68% building 841/868 modules 27 active /data/5e-admin/node_modules/vue-loader/lib/loaders/pitcher.js??ref--4!/data/5e-admin/node_modules/cache-loader/dist/cjs.js??ref--12-0!/data/5e-admin/node_modules/babel-loader/lib/index.js!/data/5e-admin/node_modules/cache-loader/dist/cjs.js??ref--0-0!/data/5e-admin/node_modules/vue-loader/lib/index.js??vue-loader-options!/data/5e-admin/node_modules/eslint-loader/index.js??ref--13-0!/data/5e-admin/node_modules/eslint-loader/index.js??ref--13-0!/data/5e-admin/src/components/ErrorLog/index.vue?vue&type=script&lang=js
<s> [webpack.Progress] 68% building 842/868 modules 26 active /data/5e-admin/node_modules/css-loader/dist/cjs.js??ref--6-oneOf-1-1!/data/5e-admin/node_modules/vue-loader/lib/loaders/stylePostLoader.js!/data/5e-admin/node_modules/postcss-loader/src/index.js??ref--6-oneOf-1-2!/data/5e-admin/node_modules/cache-loader/dist/cjs.js??ref--0-0!/data/5e-admin/node_modules/vue-loader/lib/index.js??vue-loader-options!/data/5e-admin/src/components/Hamburger/index.vue?vue&type=style&index=0&id=4e6f274c&scoped=true&lang=css
<s> [webpack.Progress] 68% building 842/869 modules 27 active /data/5e-admin/node_modules/vue-loader/lib/loaders/pitcher.js??ref--4!/data/5e-admin/node_modules/vue-style-loader/index.js??ref--6-oneOf-1-0!/data/5e-admin/node_modules/css-loader/dist/cjs.js??ref--6-oneOf-1-1!/data/5e-admin/node_modules/postcss-loader/src/index.js??ref--6-oneOf-1-2!/data/5e-admin/node_modules/cache-loader/dist/cjs.js??ref--0-0!/data/5e-admin/node_modules/vue-loader/lib/index.js??vue-loader-options!/data/5e-admin/node_modules/eslint-loader/index.js??ref--13-0!/data/5e-admin/src/components/ErrorLog/index.vue?vue&type=style&index=0&id=cf51e862&scoped=true&lang=css
<s> [webpack.Progress] 68% building 843/869 modules 26 active /data/5e-admin/node_modules/css-loader/dist/cjs.js??ref--6-oneOf-1-1!/data/5e-admin/node_modules/vue-loader/lib/loaders/stylePostLoader.js!/data/5e-admin/node_modules/postcss-loader/src/index.js??ref--6-oneOf-1-2!/data/5e-admin/node_modules/cache-loader/dist/cjs.js??ref--0-0!/data/5e-admin/node_modules/vue-loader/lib/index.js??vue-loader-options!/data/5e-admin/src/components/Hamburger/index.vue?vue&type=style&index=0&id=4e6f274c&scoped=true&lang=css
<s> [webpack.Progress] 68% building 843/870 modules 27 active /data/5e-admin/node_modules/cache-loader/dist/cjs.js??ref--12-0!/data/5e-admin/node_modules/babel-loader/lib/index.js!/data/5e-admin/node_modules/cache-loader/dist/cjs.js??ref--0-0!/data/5e-admin/node_modules/vue-loader/lib/index.js??vue-loader-options!/data/5e-admin/src/components/ErrorLog/index.vue?vue&type=script&lang=js
<s> [webpack.Progress] 68% building 843/871 modules 28 active /data/5e-admin/node_modules/cache-loader/dist/cjs.js?{"cacheDirectory":"node_modules/.cache/vue-loader","cacheIdentifier":"f79bae76-vue-loader-template"}!/data/5e-admin/node_modules/vue-loader/lib/loaders/templateLoader.js??vue-loader-options!/data/5e-admin/node_modules/cache-loader/dist/cjs.js??ref--0-0!/data/5e-admin/node_modules/vue-loader/lib/index.js??vue-loader-options!/data/5e-admin/src/components/ErrorLog/index.vue?vue&type=template&id=cf51e862&scoped=true
<s> [webpack.Progress] 68% building 843/872 modules 29 active /data/5e-admin/node_modules/vue-style-loader/index.js??ref--6-oneOf-1-0!/data/5e-admin/node_modules/css-loader/dist/cjs.js??ref--6-oneOf-1-1!/data/5e-admin/node_modules/vue-loader/lib/loaders/stylePostLoader.js!/data/5e-admin/node_modules/postcss-loader/src/index.js??ref--6-oneOf-1-2!/data/5e-admin/node_modules/cache-loader/dist/cjs.js??ref--0-0!/data/5e-admin/node_modules/vue-loader/lib/index.js??vue-loader-options!/data/5e-admin/src/components/ErrorLog/index.vue?vue&type=style&index=0&id=cf51e862&scoped=true&lang=css
<s> [webpack.Progress] 68% building 844/872 modules 28 active /data/5e-admin/node_modules/cache-loader/dist/cjs.js?{"cacheDirectory":"node_modules/.cache/vue-loader","cacheIdentifier":"f79bae76-vue-loader-template"}!/data/5e-admin/node_modules/vue-loader/lib/loaders/templateLoader.js??vue-loader-options!/data/5e-admin/node_modules/cache-loader/dist/cjs.js??ref--0-0!/data/5e-admin/node_modules/vue-loader/lib/index.js??vue-loader-options!/data/5e-admin/src/components/ErrorLog/index.vue?vue&type=template&id=cf51e862&scoped=true
<s> [webpack.Progress] 68% building 844/873 modules 29 active /data/5e-admin/node_modules/css-loader/dist/cjs.js??ref--6-oneOf-1-1!/data/5e-admin/node_modules/vue-loader/lib/loaders/stylePostLoader.js!/data/5e-admin/node_modules/postcss-loader/src/index.js??ref--6-oneOf-1-2!/data/5e-admin/node_modules/cache-loader/dist/cjs.js??ref--0-0!/data/5e-admin/node_modules/vue-loader/lib/index.js??vue-loader-options!/data/5e-admin/src/components/ErrorLog/index.vue?vue&type=style&index=0&id=cf51e862&scoped=true&lang=css
<s> [webpack.Progress] 67% building 844/874 modules 30 active /data/5e-admin/node_modules/vue-loader/lib/loaders/pitcher.js??ref--4!/data/5e-admin/node_modules/cache-loader/dist/cjs.js??ref--0-0!/data/5e-admin/node_modules/vue-loader/lib/index.js??vue-loader-options!/data/5e-admin/node_modules/eslint-loader/index.js??ref--13-0!/data/5e-admin/src/components/Screenfull/index.vue?vue&type=template&id=29234bee&scoped=true
<s> [webpack.Progress] 68% building 845/874 modules 29 active /data/5e-admin/node_modules/css-loader/dist/cjs.js??ref--6-oneOf-1-1!/data/5e-admin/node_modules/vue-loader/lib/loaders/stylePostLoader.js!/data/5e-admin/node_modules/postcss-loader/src/index.js??ref--6-oneOf-1-2!/data/5e-admin/node_modules/cache-loader/dist/cjs.js??ref--0-0!/data/5e-admin/node_modules/vue-loader/lib/index.js??vue-loader-options!/data/5e-admin/src/components/ErrorLog/index.vue?vue&type=style&index=0&id=cf51e862&scoped=true&lang=css
<s> [webpack.Progress] 67% building 845/875 modules 30 active /data/5e-admin/node_modules/vue-loader/lib/loaders/pitcher.js??ref--4!/data/5e-admin/node_modules/cache-loader/dist/cjs.js??ref--12-0!/data/5e-admin/node_modules/babel-loader/lib/index.js!/data/5e-admin/node_modules/cache-loader/dist/cjs.js??ref--0-0!/data/5e-admin/node_modules/vue-loader/lib/index.js??vue-loader-options!/data/5e-admin/node_modules/eslint-loader/index.js??ref--13-0!/data/5e-admin/node_modules/eslint-loader/index.js??ref--13-0!/data/5e-admin/src/components/Screenfull/index.vue?vue&type=script&lang=js
<s> [webpack.Progress] 68% building 846/875 modules 29 active /data/5e-admin/node_modules/css-loader/dist/cjs.js??ref--6-oneOf-1-1!/data/5e-admin/node_modules/vue-loader/lib/loaders/stylePostLoader.js!/data/5e-admin/node_modules/postcss-loader/src/index.js??ref--6-oneOf-1-2!/data/5e-admin/node_modules/cache-loader/dist/cjs.js??ref--0-0!/data/5e-admin/node_modules/vue-loader/lib/index.js??vue-loader-options!/data/5e-admin/src/components/ErrorLog/index.vue?vue&type=style&index=0&id=cf51e862&scoped=true&lang=css
<s> [webpack.Progress] 67% building 846/876 modules 30 active /data/5e-admin/node_modules/vue-loader/lib/loaders/pitcher.js??ref--4!/data/5e-admin/node_modules/vue-style-loader/index.js??ref--6-oneOf-1-0!/data/5e-admin/node_modules/css-loader/dist/cjs.js??ref--6-oneOf-1-1!/data/5e-admin/node_modules/postcss-loader/src/index.js??ref--6-oneOf-1-2!/data/5e-admin/node_modules/cache-loader/dist/cjs.js??ref--0-0!/data/5e-admin/node_modules/vue-loader/lib/index.js??vue-loader-options!/data/5e-admin/node_modules/eslint-loader/index.js??ref--13-0!/data/5e-admin/src/components/Screenfull/index.vue?vue&type=style&index=0&id=29234bee&scoped=true&lang=css
<s> [webpack.Progress] 68% building 847/876 modules 29 active /data/5e-admin/node_modules/css-loader/dist/cjs.js??ref--6-oneOf-1-1!/data/5e-admin/node_modules/vue-loader/lib/loaders/stylePostLoader.js!/data/5e-admin/node_modules/postcss-loader/src/index.js??ref--6-oneOf-1-2!/data/5e-admin/node_modules/cache-loader/dist/cjs.js??ref--0-0!/data/5e-admin/node_modules/vue-loader/lib/index.js??vue-loader-options!/data/5e-admin/src/components/ErrorLog/index.vue?vue&type=style&index=0&id=cf51e862&scoped=true&lang=css
<s> [webpack.Progress] 67% building 847/877 modules 30 active /data/5e-admin/node_modules/cache-loader/dist/cjs.js??ref--12-0!/data/5e-admin/node_modules/babel-loader/lib/index.js!/data/5e-admin/node_modules/cache-loader/dist/cjs.js??ref--0-0!/data/5e-admin/node_modules/vue-loader/lib/index.js??vue-loader-options!/data/5e-admin/src/components/Screenfull/index.vue?vue&type=script&lang=js
<s> [webpack.Progress] 67% building 847/878 modules 31 active /data/5e-admin/node_modules/cache-loader/dist/cjs.js?{"cacheDirectory":"node_modules/.cache/vue-loader","cacheIdentifier":"f79bae76-vue-loader-template"}!/data/5e-admin/node_modules/vue-loader/lib/loaders/templateLoader.js??vue-loader-options!/data/5e-admin/node_modules/cache-loader/dist/cjs.js??ref--0-0!/data/5e-admin/node_modules/vue-loader/lib/index.js??vue-loader-options!/data/5e-admin/src/components/Screenfull/index.vue?vue&type=template&id=29234bee&scoped=true
<s> [webpack.Progress] 67% building 847/879 modules 32 active /data/5e-admin/node_modules/vue-style-loader/index.js??ref--6-oneOf-1-0!/data/5e-admin/node_modules/css-loader/dist/cjs.js??ref--6-oneOf-1-1!/data/5e-admin/node_modules/vue-loader/lib/loaders/stylePostLoader.js!/data/5e-admin/node_modules/postcss-loader/src/index.js??ref--6-oneOf-1-2!/data/5e-admin/node_modules/cache-loader/dist/cjs.js??ref--0-0!/data/5e-admin/node_modules/vue-loader/lib/index.js??vue-loader-options!/data/5e-admin/src/components/Screenfull/index.vue?vue&type=style&index=0&id=29234bee&scoped=true&lang=css
<s> [webpack.Progress] 67% building 848/879 modules 31 active /data/5e-admin/node_modules/cache-loader/dist/cjs.js?{"cacheDirectory":"node_modules/.cache/vue-loader","cacheIdentifier":"f79bae76-vue-loader-template"}!/data/5e-admin/node_modules/vue-loader/lib/loaders/templateLoader.js??vue-loader-options!/data/5e-admin/node_modules/cache-loader/dist/cjs.js??ref--0-0!/data/5e-admin/node_modules/vue-loader/lib/index.js??vue-loader-options!/data/5e-admin/src/components/Screenfull/index.vue?vue&type=template&id=29234bee&scoped=true
<s> [webpack.Progress] 67% building 848/880 modules 32 active /data/5e-admin/node_modules/css-loader/dist/cjs.js??ref--6-oneOf-1-1!/data/5e-admin/node_modules/vue-loader/lib/loaders/stylePostLoader.js!/data/5e-admin/node_modules/postcss-loader/src/index.js??ref--6-oneOf-1-2!/data/5e-admin/node_modules/cache-loader/dist/cjs.js??ref--0-0!/data/5e-admin/node_modules/vue-loader/lib/index.js??vue-loader-options!/data/5e-admin/src/components/Screenfull/index.vue?vue&type=style&index=0&id=29234bee&scoped=true&lang=css
<s> [webpack.Progress] 67% building 848/881 modules 33 active /data/5e-admin/node_modules/vue-loader/lib/loaders/pitcher.js??ref--4!/data/5e-admin/node_modules/cache-loader/dist/cjs.js??ref--0-0!/data/5e-admin/node_modules/vue-loader/lib/index.js??vue-loader-options!/data/5e-admin/node_modules/eslint-loader/index.js??ref--13-0!/data/5e-admin/src/components/SizeSelect/index.vue?vue&type=template&id=40bd2e60
<s> [webpack.Progress] 67% building 849/881 modules 32 active /data/5e-admin/node_modules/css-loader/dist/cjs.js??ref--6-oneOf-1-1!/data/5e-admin/node_modules/vue-loader/lib/loaders/stylePostLoader.js!/data/5e-admin/node_modules/postcss-loader/src/index.js??ref--6-oneOf-1-2!/data/5e-admin/node_modules/cache-loader/dist/cjs.js??ref--0-0!/data/5e-admin/node_modules/vue-loader/lib/index.js??vue-loader-options!/data/5e-admin/src/components/Screenfull/index.vue?vue&type=style&index=0&id=29234bee&scoped=true&lang=css
<s> [webpack.Progress] 67% building 849/882 modules 33 active /data/5e-admin/node_modules/vue-loader/lib/loaders/pitcher.js??ref--4!/data/5e-admin/node_modules/cache-loader/dist/cjs.js??ref--12-0!/data/5e-admin/node_modules/babel-loader/lib/index.js!/data/5e-admin/node_modules/cache-loader/dist/cjs.js??ref--0-0!/data/5e-admin/node_modules/vue-loader/lib/index.js??vue-loader-options!/data/5e-admin/node_modules/eslint-loader/index.js??ref--13-0!/data/5e-admin/node_modules/eslint-loader/index.js??ref--13-0!/data/5e-admin/src/components/SizeSelect/index.vue?vue&type=script&lang=js
<s> [webpack.Progress] 67% building 850/882 modules 32 active /data/5e-admin/node_modules/css-loader/dist/cjs.js??ref--6-oneOf-1-1!/data/5e-admin/node_modules/vue-loader/lib/loaders/stylePostLoader.js!/data/5e-admin/node_modules/postcss-loader/src/index.js??ref--6-oneOf-1-2!/data/5e-admin/node_modules/cache-loader/dist/cjs.js??ref--0-0!/data/5e-admin/node_modules/vue-loader/lib/index.js??vue-loader-options!/data/5e-admin/src/components/Screenfull/index.vue?vue&type=style&index=0&id=29234bee&scoped=true&lang=css
<s> [webpack.Progress] 67% building 850/883 modules 33 active /data/5e-admin/node_modules/cache-loader/dist/cjs.js??ref--12-0!/data/5e-admin/node_modules/babel-loader/lib/index.js!/data/5e-admin/node_modules/cache-loader/dist/cjs.js??ref--0-0!/data/5e-admin/node_modules/vue-loader/lib/index.js??vue-loader-options!/data/5e-admin/src/components/SizeSelect/index.vue?vue&type=script&lang=js
<s> [webpack.Progress] 67% building 850/884 modules 34 active /data/5e-admin/node_modules/cache-loader/dist/cjs.js?{"cacheDirectory":"node_modules/.cache/vue-loader","cacheIdentifier":"f79bae76-vue-loader-template"}!/data/5e-admin/node_modules/vue-loader/lib/loaders/templateLoader.js??vue-loader-options!/data/5e-admin/node_modules/cache-loader/dist/cjs.js??ref--0-0!/data/5e-admin/node_modules/vue-loader/lib/index.js??vue-loader-options!/data/5e-admin/src/components/SizeSelect/index.vue?vue&type=template&id=40bd2e60
<s> [webpack.Progress] 67% building 850/885 modules 35 active /data/5e-admin/node_modules/vue-loader/lib/loaders/pitcher.js??ref--4!/data/5e-admin/node_modules/cache-loader/dist/cjs.js??ref--0-0!/data/5e-admin/node_modules/vue-loader/lib/index.js??vue-loader-options!/data/5e-admin/node_modules/eslint-loader/index.js??ref--13-0!/data/5e-admin/src/components/HeaderSearch/index.vue?vue&type=template&id=032bd1f0&scoped=true
<s> [webpack.Progress] 67% building 851/885 modules 34 active /data/5e-admin/node_modules/cache-loader/dist/cjs.js?{"cacheDirectory":"node_modules/.cache/vue-loader","cacheIdentifier":"f79bae76-vue-loader-template"}!/data/5e-admin/node_modules/vue-loader/lib/loaders/templateLoader.js??vue-loader-options!/data/5e-admin/node_modules/cache-loader/dist/cjs.js??ref--0-0!/data/5e-admin/node_modules/vue-loader/lib/index.js??vue-loader-options!/data/5e-admin/src/components/SizeSelect/index.vue?vue&type=template&id=40bd2e60
<s> [webpack.Progress] 67% building 851/886 modules 35 active /data/5e-admin/node_modules/vue-loader/lib/loaders/pitcher.js??ref--4!/data/5e-admin/node_modules/cache-loader/dist/cjs.js??ref--12-0!/data/5e-admin/node_modules/babel-loader/lib/index.js!/data/5e-admin/node_modules/cache-loader/dist/cjs.js??ref--0-0!/data/5e-admin/node_modules/vue-loader/lib/index.js??vue-loader-options!/data/5e-admin/node_modules/eslint-loader/index.js??ref--13-0!/data/5e-admin/node_modules/eslint-loader/index.js??ref--13-0!/data/5e-admin/src/components/HeaderSearch/index.vue?vue&type=script&lang=js
<s> [webpack.Progress] 67% building 852/886 modules 34 active /data/5e-admin/node_modules/cache-loader/dist/cjs.js?{"cacheDirectory":"node_modules/.cache/vue-loader","cacheIdentifier":"f79bae76-vue-loader-template"}!/data/5e-admin/node_modules/vue-loader/lib/loaders/templateLoader.js??vue-loader-options!/data/5e-admin/node_modules/cache-loader/dist/cjs.js??ref--0-0!/data/5e-admin/node_modules/vue-loader/lib/index.js??vue-loader-options!/data/5e-admin/src/components/SizeSelect/index.vue?vue&type=template&id=40bd2e60
<s> [webpack.Progress] 67% building 852/887 modules 35 active /data/5e-admin/node_modules/vue-loader/lib/loaders/pitcher.js??ref--4!/data/5e-admin/node_modules/vue-style-loader/index.js??ref--8-oneOf-1-0!/data/5e-admin/node_modules/css-loader/dist/cjs.js??ref--8-oneOf-1-1!/data/5e-admin/node_modules/postcss-loader/src/index.js??ref--8-oneOf-1-2!/data/5e-admin/node_modules/sass-loader/dist/cjs.js??ref--8-oneOf-1-3!/data/5e-admin/node_modules/cache-loader/dist/cjs.js??ref--0-0!/data/5e-admin/node_modules/vue-loader/lib/index.js??vue-loader-options!/data/5e-admin/node_modules/eslint-loader/index.js??ref--13-0!/data/5e-admin/src/components/HeaderSearch/index.vue?vue&type=style&index=0&id=032bd1f0&lang=scss&scoped=true
<s> [webpack.Progress] 67% building 853/887 modules 34 active /data/5e-admin/node_modules/cache-loader/dist/cjs.js?{"cacheDirectory":"node_modules/.cache/vue-loader","cacheIdentifier":"f79bae76-vue-loader-template"}!/data/5e-admin/node_modules/vue-loader/lib/loaders/templateLoader.js??vue-loader-options!/data/5e-admin/node_modules/cache-loader/dist/cjs.js??ref--0-0!/data/5e-admin/node_modules/vue-loader/lib/index.js??vue-loader-options!/data/5e-admin/src/components/SizeSelect/index.vue?vue&type=template&id=40bd2e60
<s> [webpack.Progress] 67% building 853/888 modules 35 active /data/5e-admin/node_modules/cache-loader/dist/cjs.js??ref--12-0!/data/5e-admin/node_modules/babel-loader/lib/index.js!/data/5e-admin/node_modules/cache-loader/dist/cjs.js??ref--0-0!/data/5e-admin/node_modules/vue-loader/lib/index.js??vue-loader-options!/data/5e-admin/src/components/HeaderSearch/index.vue?vue&type=script&lang=js
<s> [webpack.Progress] 67% building 853/889 modules 36 active /data/5e-admin/node_modules/cache-loader/dist/cjs.js?{"cacheDirectory":"node_modules/.cache/vue-loader","cacheIdentifier":"f79bae76-vue-loader-template"}!/data/5e-admin/node_modules/vue-loader/lib/loaders/templateLoader.js??vue-loader-options!/data/5e-admin/node_modules/cache-loader/dist/cjs.js??ref--0-0!/data/5e-admin/node_modules/vue-loader/lib/index.js??vue-loader-options!/data/5e-admin/src/components/HeaderSearch/index.vue?vue&type=template&id=032bd1f0&scoped=true
<s> [webpack.Progress] 67% building 853/890 modules 37 active /data/5e-admin/node_modules/vue-style-loader/index.js??ref--8-oneOf-1-0!/data/5e-admin/node_modules/css-loader/dist/cjs.js??ref--8-oneOf-1-1!/data/5e-admin/node_modules/vue-loader/lib/loaders/stylePostLoader.js!/data/5e-admin/node_modules/postcss-loader/src/index.js??ref--8-oneOf-1-2!/data/5e-admin/node_modules/sass-loader/dist/cjs.js??ref--8-oneOf-1-3!/data/5e-admin/node_modules/cache-loader/dist/cjs.js??ref--0-0!/data/5e-admin/node_modules/vue-loader/lib/index.js??vue-loader-options!/data/5e-admin/src/components/HeaderSearch/index.vue?vue&type=style&index=0&id=032bd1f0&lang=scss&scoped=true
<s> [webpack.Progress] 67% building 854/890 modules 36 active /data/5e-admin/node_modules/cache-loader/dist/cjs.js?{"cacheDirectory":"node_modules/.cache/vue-loader","cacheIdentifier":"f79bae76-vue-loader-template"}!/data/5e-admin/node_modules/vue-loader/lib/loaders/templateLoader.js??vue-loader-options!/data/5e-admin/node_modules/cache-loader/dist/cjs.js??ref--0-0!/data/5e-admin/node_modules/vue-loader/lib/index.js??vue-loader-options!/data/5e-admin/src/components/HeaderSearch/index.vue?vue&type=template&id=032bd1f0&scoped=true
<s> [webpack.Progress] 67% building 854/891 modules 37 active /data/5e-admin/node_modules/css-loader/dist/cjs.js??ref--8-oneOf-1-1!/data/5e-admin/node_modules/vue-loader/lib/loaders/stylePostLoader.js!/data/5e-admin/node_modules/postcss-loader/src/index.js??ref--8-oneOf-1-2!/data/5e-admin/node_modules/sass-loader/dist/cjs.js??ref--8-oneOf-1-3!/data/5e-admin/node_modules/cache-loader/dist/cjs.js??ref--0-0!/data/5e-admin/node_modules/vue-loader/lib/index.js??vue-loader-options!/data/5e-admin/src/components/HeaderSearch/index.vue?vue&type=style&index=0&id=032bd1f0&lang=scss&scoped=true
<s> [webpack.Progress] 67% building 855/891 modules 36 active /data/5e-admin/node_modules/css-loader/dist/cjs.js??ref--8-oneOf-1-1!/data/5e-admin/node_modules/vue-loader/lib/loaders/stylePostLoader.js!/data/5e-admin/node_modules/postcss-loader/src/index.js??ref--8-oneOf-1-2!/data/5e-admin/node_modules/sass-loader/dist/cjs.js??ref--8-oneOf-1-3!/data/5e-admin/node_modules/cache-loader/dist/cjs.js??ref--0-0!/data/5e-admin/node_modules/vue-loader/lib/index.js??vue-loader-options!/data/5e-admin/src/components/HeaderSearch/index.vue?vue&type=style&index=0&id=032bd1f0&lang=scss&scoped=true
<s> [webpack.Progress] 67% building 856/891 modules 35 active /data/5e-admin/node_modules/css-loader/dist/cjs.js??ref--8-oneOf-1-1!/data/5e-admin/node_modules/vue-loader/lib/loaders/stylePostLoader.js!/data/5e-admin/node_modules/postcss-loader/src/index.js??ref--8-oneOf-1-2!/data/5e-admin/node_modules/sass-loader/dist/cjs.js??ref--8-oneOf-1-3!/data/5e-admin/node_modules/cache-loader/dist/cjs.js??ref--0-0!/data/5e-admin/node_modules/vue-loader/lib/index.js??vue-loader-options!/data/5e-admin/src/components/HeaderSearch/index.vue?vue&type=style&index=0&id=032bd1f0&lang=scss&scoped=true
<s> [webpack.Progress] 67% building 857/891 modules 34 active /data/5e-admin/node_modules/css-loader/dist/cjs.js??ref--8-oneOf-1-1!/data/5e-admin/node_modules/vue-loader/lib/loaders/stylePostLoader.js!/data/5e-admin/node_modules/postcss-loader/src/index.js??ref--8-oneOf-1-2!/data/5e-admin/node_modules/sass-loader/dist/cjs.js??ref--8-oneOf-1-3!/data/5e-admin/node_modules/cache-loader/dist/cjs.js??ref--0-0!/data/5e-admin/node_modules/vue-loader/lib/index.js??vue-loader-options!/data/5e-admin/src/components/HeaderSearch/index.vue?vue&type=style&index=0&id=032bd1f0&lang=scss&scoped=true
<s> [webpack.Progress] 67% building 858/891 modules 33 active /data/5e-admin/node_modules/css-loader/dist/cjs.js??ref--8-oneOf-1-1!/data/5e-admin/node_modules/vue-loader/lib/loaders/stylePostLoader.js!/data/5e-admin/node_modules/postcss-loader/src/index.js??ref--8-oneOf-1-2!/data/5e-admin/node_modules/sass-loader/dist/cjs.js??ref--8-oneOf-1-3!/data/5e-admin/node_modules/cache-loader/dist/cjs.js??ref--0-0!/data/5e-admin/node_modules/vue-loader/lib/index.js??vue-loader-options!/data/5e-admin/src/components/HeaderSearch/index.vue?vue&type=style&index=0&id=032bd1f0&lang=scss&scoped=true
<s> [webpack.Progress] 67% building 859/891 modules 32 active /data/5e-admin/node_modules/css-loader/dist/cjs.js??ref--8-oneOf-1-1!/data/5e-admin/node_modules/vue-loader/lib/loaders/stylePostLoader.js!/data/5e-admin/node_modules/postcss-loader/src/index.js??ref--8-oneOf-1-2!/data/5e-admin/node_modules/sass-loader/dist/cjs.js??ref--8-oneOf-1-3!/data/5e-admin/node_modules/cache-loader/dist/cjs.js??ref--0-0!/data/5e-admin/node_modules/vue-loader/lib/index.js??vue-loader-options!/data/5e-admin/src/components/HeaderSearch/index.vue?vue&type=style&index=0&id=032bd1f0&lang=scss&scoped=true
<s> [webpack.Progress] 67% building 860/891 modules 31 active /data/5e-admin/node_modules/css-loader/dist/cjs.js??ref--8-oneOf-1-1!/data/5e-admin/node_modules/vue-loader/lib/loaders/stylePostLoader.js!/data/5e-admin/node_modules/postcss-loader/src/index.js??ref--8-oneOf-1-2!/data/5e-admin/node_modules/sass-loader/dist/cjs.js??ref--8-oneOf-1-3!/data/5e-admin/node_modules/cache-loader/dist/cjs.js??ref--0-0!/data/5e-admin/node_modules/vue-loader/lib/index.js??vue-loader-options!/data/5e-admin/src/components/HeaderSearch/index.vue?vue&type=style&index=0&id=032bd1f0&lang=scss&scoped=true
<s> [webpack.Progress] 67% building 861/891 modules 30 active /data/5e-admin/node_modules/css-loader/dist/cjs.js??ref--8-oneOf-1-1!/data/5e-admin/node_modules/vue-loader/lib/loaders/stylePostLoader.js!/data/5e-admin/node_modules/postcss-loader/src/index.js??ref--8-oneOf-1-2!/data/5e-admin/node_modules/sass-loader/dist/cjs.js??ref--8-oneOf-1-3!/data/5e-admin/node_modules/cache-loader/dist/cjs.js??ref--0-0!/data/5e-admin/node_modules/vue-loader/lib/index.js??vue-loader-options!/data/5e-admin/src/components/HeaderSearch/index.vue?vue&type=style&index=0&id=032bd1f0&lang=scss&scoped=true
<s> [webpack.Progress] 68% building 862/891 modules 29 active /data/5e-admin/node_modules/css-loader/dist/cjs.js??ref--8-oneOf-1-1!/data/5e-admin/node_modules/vue-loader/lib/loaders/stylePostLoader.js!/data/5e-admin/node_modules/postcss-loader/src/index.js??ref--8-oneOf-1-2!/data/5e-admin/node_modules/sass-loader/dist/cjs.js??ref--8-oneOf-1-3!/data/5e-admin/node_modules/cache-loader/dist/cjs.js??ref--0-0!/data/5e-admin/node_modules/vue-loader/lib/index.js??vue-loader-options!/data/5e-admin/src/components/HeaderSearch/index.vue?vue&type=style&index=0&id=032bd1f0&lang=scss&scoped=true
<s> [webpack.Progress] 68% building 863/891 modules 28 active /data/5e-admin/node_modules/css-loader/dist/cjs.js??ref--8-oneOf-1-1!/data/5e-admin/node_modules/vue-loader/lib/loaders/stylePostLoader.js!/data/5e-admin/node_modules/postcss-loader/src/index.js??ref--8-oneOf-1-2!/data/5e-admin/node_modules/sass-loader/dist/cjs.js??ref--8-oneOf-1-3!/data/5e-admin/node_modules/cache-loader/dist/cjs.js??ref--0-0!/data/5e-admin/node_modules/vue-loader/lib/index.js??vue-loader-options!/data/5e-admin/src/components/HeaderSearch/index.vue?vue&type=style&index=0&id=032bd1f0&lang=scss&scoped=true
<s> [webpack.Progress] 68% building 864/891 modules 27 active /data/5e-admin/node_modules/css-loader/dist/cjs.js??ref--8-oneOf-1-1!/data/5e-admin/node_modules/vue-loader/lib/loaders/stylePostLoader.js!/data/5e-admin/node_modules/postcss-loader/src/index.js??ref--8-oneOf-1-2!/data/5e-admin/node_modules/sass-loader/dist/cjs.js??ref--8-oneOf-1-3!/data/5e-admin/node_modules/cache-loader/dist/cjs.js??ref--0-0!/data/5e-admin/node_modules/vue-loader/lib/index.js??vue-loader-options!/data/5e-admin/src/components/HeaderSearch/index.vue?vue&type=style&index=0&id=032bd1f0&lang=scss&scoped=true
<s> [webpack.Progress] 68% building 865/891 modules 26 active /data/5e-admin/node_modules/css-loader/dist/cjs.js??ref--8-oneOf-1-1!/data/5e-admin/node_modules/vue-loader/lib/loaders/stylePostLoader.js!/data/5e-admin/node_modules/postcss-loader/src/index.js??ref--8-oneOf-1-2!/data/5e-admin/node_modules/sass-loader/dist/cjs.js??ref--8-oneOf-1-3!/data/5e-admin/node_modules/cache-loader/dist/cjs.js??ref--0-0!/data/5e-admin/node_modules/vue-loader/lib/index.js??vue-loader-options!/data/5e-admin/src/components/HeaderSearch/index.vue?vue&type=style&index=0&id=032bd1f0&lang=scss&scoped=true
<s> [webpack.Progress] 68% building 866/891 modules 25 active /data/5e-admin/node_modules/css-loader/dist/cjs.js??ref--8-oneOf-1-1!/data/5e-admin/node_modules/vue-loader/lib/loaders/stylePostLoader.js!/data/5e-admin/node_modules/postcss-loader/src/index.js??ref--8-oneOf-1-2!/data/5e-admin/node_modules/sass-loader/dist/cjs.js??ref--8-oneOf-1-3!/data/5e-admin/node_modules/cache-loader/dist/cjs.js??ref--0-0!/data/5e-admin/node_modules/vue-loader/lib/index.js??vue-loader-options!/data/5e-admin/src/components/HeaderSearch/index.vue?vue&type=style&index=0&id=032bd1f0&lang=scss&scoped=true
<s> [webpack.Progress] 68% building 867/891 modules 24 active /data/5e-admin/node_modules/css-loader/dist/cjs.js??ref--8-oneOf-1-1!/data/5e-admin/node_modules/vue-loader/lib/loaders/stylePostLoader.js!/data/5e-admin/node_modules/postcss-loader/src/index.js??ref--8-oneOf-1-2!/data/5e-admin/node_modules/sass-loader/dist/cjs.js??ref--8-oneOf-1-3!/data/5e-admin/node_modules/cache-loader/dist/cjs.js??ref--0-0!/data/5e-admin/node_modules/vue-loader/lib/index.js??vue-loader-options!/data/5e-admin/src/components/HeaderSearch/index.vue?vue&type=style&index=0&id=032bd1f0&lang=scss&scoped=true
<s> [webpack.Progress] 68% building 868/891 modules 23 active /data/5e-admin/node_modules/css-loader/dist/cjs.js??ref--8-oneOf-1-1!/data/5e-admin/node_modules/vue-loader/lib/loaders/stylePostLoader.js!/data/5e-admin/node_modules/postcss-loader/src/index.js??ref--8-oneOf-1-2!/data/5e-admin/node_modules/sass-loader/dist/cjs.js??ref--8-oneOf-1-3!/data/5e-admin/node_modules/cache-loader/dist/cjs.js??ref--0-0!/data/5e-admin/node_modules/vue-loader/lib/index.js??vue-loader-options!/data/5e-admin/src/components/HeaderSearch/index.vue?vue&type=style&index=0&id=032bd1f0&lang=scss&scoped=true
<s> [webpack.Progress] 68% building 869/891 modules 22 active /data/5e-admin/node_modules/css-loader/dist/cjs.js??ref--8-oneOf-1-1!/data/5e-admin/node_modules/vue-loader/lib/loaders/stylePostLoader.js!/data/5e-admin/node_modules/postcss-loader/src/index.js??ref--8-oneOf-1-2!/data/5e-admin/node_modules/sass-loader/dist/cjs.js??ref--8-oneOf-1-3!/data/5e-admin/node_modules/cache-loader/dist/cjs.js??ref--0-0!/data/5e-admin/node_modules/vue-loader/lib/index.js??vue-loader-options!/data/5e-admin/src/components/HeaderSearch/index.vue?vue&type=style&index=0&id=032bd1f0&lang=scss&scoped=true
<s> [webpack.Progress] 68% building 869/892 modules 23 active /data/5e-admin/node_modules/url-loader/dist/cjs.js??ref--4-0!/data/5e-admin/node_modules/element-ui/lib/theme-chalk/fonts/element-icons.woff
<s> [webpack.Progress] 68% building 869/893 modules 24 active /data/5e-admin/node_modules/url-loader/dist/cjs.js??ref--4-0!/data/5e-admin/node_modules/element-ui/lib/theme-chalk/fonts/element-icons.ttf
<s> [webpack.Progress] 68% building 870/893 modules 23 active /data/5e-admin/node_modules/url-loader/dist/cjs.js??ref--4-0!/data/5e-admin/node_modules/element-ui/lib/theme-chalk/fonts/element-icons.ttf
<s> [webpack.Progress] 68% building 871/893 modules 22 active /data/5e-admin/node_modules/url-loader/dist/cjs.js??ref--4-0!/data/5e-admin/node_modules/element-ui/lib/theme-chalk/fonts/element-icons.ttf
<s> [webpack.Progress] 68% building 872/893 modules 21 active /data/5e-admin/node_modules/url-loader/dist/cjs.js??ref--4-0!/data/5e-admin/node_modules/element-ui/lib/theme-chalk/fonts/element-icons.ttf
<s> [webpack.Progress] 68% building 873/893 modules 20 active /data/5e-admin/node_modules/url-loader/dist/cjs.js??ref--4-0!/data/5e-admin/node_modules/element-ui/lib/theme-chalk/fonts/element-icons.ttf
<s> [webpack.Progress] 68% building 874/893 modules 19 active /data/5e-admin/node_modules/url-loader/dist/cjs.js??ref--4-0!/data/5e-admin/node_modules/element-ui/lib/theme-chalk/fonts/element-icons.ttf
<s> [webpack.Progress] 68% building 875/893 modules 18 active /data/5e-admin/node_modules/url-loader/dist/cjs.js??ref--4-0!/data/5e-admin/node_modules/element-ui/lib/theme-chalk/fonts/element-icons.ttf
<s> [webpack.Progress] 68% building 876/893 modules 17 active /data/5e-admin/node_modules/url-loader/dist/cjs.js??ref--4-0!/data/5e-admin/node_modules/element-ui/lib/theme-chalk/fonts/element-icons.ttf
<s> [webpack.Progress] 68% building 877/893 modules 16 active /data/5e-admin/node_modules/url-loader/dist/cjs.js??ref--4-0!/data/5e-admin/node_modules/element-ui/lib/theme-chalk/fonts/element-icons.ttf
<s> [webpack.Progress] 68% building 878/893 modules 15 active /data/5e-admin/node_modules/url-loader/dist/cjs.js??ref--4-0!/data/5e-admin/node_modules/element-ui/lib/theme-chalk/fonts/element-icons.ttf
<s> [webpack.Progress] 69% building 879/893 modules 14 active /data/5e-admin/node_modules/url-loader/dist/cjs.js??ref--4-0!/data/5e-admin/node_modules/element-ui/lib/theme-chalk/fonts/element-icons.ttf
<s> [webpack.Progress] 69% building 880/893 modules 13 active /data/5e-admin/node_modules/url-loader/dist/cjs.js??ref--4-0!/data/5e-admin/node_modules/element-ui/lib/theme-chalk/fonts/element-icons.ttf
<s> [webpack.Progress] 69% building 881/893 modules 12 active /data/5e-admin/node_modules/url-loader/dist/cjs.js??ref--4-0!/data/5e-admin/node_modules/element-ui/lib/theme-chalk/fonts/element-icons.ttf
<s> [webpack.Progress] 69% building 882/893 modules 11 active /data/5e-admin/node_modules/url-loader/dist/cjs.js??ref--4-0!/data/5e-admin/node_modules/element-ui/lib/theme-chalk/fonts/element-icons.ttf
<s> [webpack.Progress] 69% building 882/894 modules 12 active /data/5e-admin/node_modules/core-js/modules/es.string.starts-with.js
<s> [webpack.Progress] 69% building 883/894 modules 11 active /data/5e-admin/node_modules/core-js/modules/es.string.starts-with.js
<s> [webpack.Progress] 69% building 884/894 modules 10 active /data/5e-admin/node_modules/core-js/modules/es.string.starts-with.js
<s> [webpack.Progress] 69% building 885/894 modules 9 active /data/5e-admin/node_modules/css-loader/dist/cjs.js??ref--8-oneOf-1-1!/data/5e-admin/node_modules/vue-loader/lib/loaders/stylePostLoader.js!/data/5e-admin/node_modules/postcss-loader/src/index.js??ref--8-oneOf-1-2!/data/5e-admin/node_modules/sass-loader/dist/cjs.js??ref--8-oneOf-1-3!/data/5e-admin/node_modules/cache-loader/dist/cjs.js??ref--0-0!/data/5e-admin/node_modules/vue-loader/lib/index.js??vue-loader-options!/data/5e-admin/src/components/HeaderSearch/index.vue?vue&type=style&index=0&id=032bd1f0&lang=scss&scoped=true
<s> [webpack.Progress] 69% building 885/895 modules 10 active /data/5e-admin/node_modules/cache-loader/dist/cjs.js??ref--0-0!/data/5e-admin/node_modules/vue-loader/lib/index.js??vue-loader-options!/data/5e-admin/node_modules/eslint-loader/index.js??ref--13-0!/data/5e-admin/src/components/ThemePicker/index.vue
<s> [webpack.Progress] 69% building 886/895 modules 9 active /data/5e-admin/node_modules/css-loader/dist/cjs.js??ref--8-oneOf-1-1!/data/5e-admin/node_modules/vue-loader/lib/loaders/stylePostLoader.js!/data/5e-admin/node_modules/postcss-loader/src/index.js??ref--8-oneOf-1-2!/data/5e-admin/node_modules/sass-loader/dist/cjs.js??ref--8-oneOf-1-3!/data/5e-admin/node_modules/cache-loader/dist/cjs.js??ref--0-0!/data/5e-admin/node_modules/vue-loader/lib/index.js??vue-loader-options!/data/5e-admin/src/components/HeaderSearch/index.vue?vue&type=style&index=0&id=032bd1f0&lang=scss&scoped=true
<s> [webpack.Progress] 69% building 886/896 modules 10 active /data/5e-admin/node_modules/vue-loader/lib/loaders/pitcher.js??ref--4!/data/5e-admin/node_modules/cache-loader/dist/cjs.js??ref--0-0!/data/5e-admin/node_modules/vue-loader/lib/index.js??vue-loader-options!/data/5e-admin/node_modules/eslint-loader/index.js??ref--13-0!/data/5e-admin/src/components/ThemePicker/index.vue?vue&type=template&id=50c07b7a
<s> [webpack.Progress] 69% building 887/896 modules 9 active /data/5e-admin/node_modules/css-loader/dist/cjs.js??ref--8-oneOf-1-1!/data/5e-admin/node_modules/vue-loader/lib/loaders/stylePostLoader.js!/data/5e-admin/node_modules/postcss-loader/src/index.js??ref--8-oneOf-1-2!/data/5e-admin/node_modules/sass-loader/dist/cjs.js??ref--8-oneOf-1-3!/data/5e-admin/node_modules/cache-loader/dist/cjs.js??ref--0-0!/data/5e-admin/node_modules/vue-loader/lib/index.js??vue-loader-options!/data/5e-admin/src/components/HeaderSearch/index.vue?vue&type=style&index=0&id=032bd1f0&lang=scss&scoped=true
<s> [webpack.Progress] 69% building 887/897 modules 10 active /data/5e-admin/node_modules/vue-loader/lib/loaders/pitcher.js??ref--4!/data/5e-admin/node_modules/cache-loader/dist/cjs.js??ref--12-0!/data/5e-admin/node_modules/babel-loader/lib/index.js!/data/5e-admin/node_modules/cache-loader/dist/cjs.js??ref--0-0!/data/5e-admin/node_modules/vue-loader/lib/index.js??vue-loader-options!/data/5e-admin/node_modules/eslint-loader/index.js??ref--13-0!/data/5e-admin/node_modules/eslint-loader/index.js??ref--13-0!/data/5e-admin/src/components/ThemePicker/index.vue?vue&type=script&lang=js
<s> [webpack.Progress] 69% building 888/897 modules 9 active /data/5e-admin/node_modules/css-loader/dist/cjs.js??ref--8-oneOf-1-1!/data/5e-admin/node_modules/vue-loader/lib/loaders/stylePostLoader.js!/data/5e-admin/node_modules/postcss-loader/src/index.js??ref--8-oneOf-1-2!/data/5e-admin/node_modules/sass-loader/dist/cjs.js??ref--8-oneOf-1-3!/data/5e-admin/node_modules/cache-loader/dist/cjs.js??ref--0-0!/data/5e-admin/node_modules/vue-loader/lib/index.js??vue-loader-options!/data/5e-admin/src/components/HeaderSearch/index.vue?vue&type=style&index=0&id=032bd1f0&lang=scss&scoped=true
<s> [webpack.Progress] 69% building 888/898 modules 10 active /data/5e-admin/node_modules/vue-loader/lib/loaders/pitcher.js??ref--4!/data/5e-admin/node_modules/vue-style-loader/index.js??ref--6-oneOf-1-0!/data/5e-admin/node_modules/css-loader/dist/cjs.js??ref--6-oneOf-1-1!/data/5e-admin/node_modules/postcss-loader/src/index.js??ref--6-oneOf-1-2!/data/5e-admin/node_modules/cache-loader/dist/cjs.js??ref--0-0!/data/5e-admin/node_modules/vue-loader/lib/index.js??vue-loader-options!/data/5e-admin/node_modules/eslint-loader/index.js??ref--13-0!/data/5e-admin/src/components/ThemePicker/index.vue?vue&type=style&index=0&id=50c07b7a&lang=css
<s> [webpack.Progress] 69% building 889/898 modules 9 active /data/5e-admin/node_modules/css-loader/dist/cjs.js??ref--8-oneOf-1-1!/data/5e-admin/node_modules/vue-loader/lib/loaders/stylePostLoader.js!/data/5e-admin/node_modules/postcss-loader/src/index.js??ref--8-oneOf-1-2!/data/5e-admin/node_modules/sass-loader/dist/cjs.js??ref--8-oneOf-1-3!/data/5e-admin/node_modules/cache-loader/dist/cjs.js??ref--0-0!/data/5e-admin/node_modules/vue-loader/lib/index.js??vue-loader-options!/data/5e-admin/src/components/HeaderSearch/index.vue?vue&type=style&index=0&id=032bd1f0&lang=scss&scoped=true
<s> [webpack.Progress] 69% building 889/899 modules 10 active /data/5e-admin/node_modules/cache-loader/dist/cjs.js??ref--12-0!/data/5e-admin/node_modules/babel-loader/lib/index.js!/data/5e-admin/node_modules/cache-loader/dist/cjs.js??ref--0-0!/data/5e-admin/node_modules/vue-loader/lib/index.js??vue-loader-options!/data/5e-admin/src/components/ThemePicker/index.vue?vue&type=script&lang=js
<s> [webpack.Progress] 69% building 889/900 modules 11 active /data/5e-admin/node_modules/cache-loader/dist/cjs.js?{"cacheDirectory":"node_modules/.cache/vue-loader","cacheIdentifier":"f79bae76-vue-loader-template"}!/data/5e-admin/node_modules/vue-loader/lib/loaders/templateLoader.js??vue-loader-options!/data/5e-admin/node_modules/cache-loader/dist/cjs.js??ref--0-0!/data/5e-admin/node_modules/vue-loader/lib/index.js??vue-loader-options!/data/5e-admin/src/components/ThemePicker/index.vue?vue&type=template&id=50c07b7a
<s> [webpack.Progress] 69% building 889/901 modules 12 active /data/5e-admin/node_modules/vue-style-loader/index.js??ref--6-oneOf-1-0!/data/5e-admin/node_modules/css-loader/dist/cjs.js??ref--6-oneOf-1-1!/data/5e-admin/node_modules/vue-loader/lib/loaders/stylePostLoader.js!/data/5e-admin/node_modules/postcss-loader/src/index.js??ref--6-oneOf-1-2!/data/5e-admin/node_modules/cache-loader/dist/cjs.js??ref--0-0!/data/5e-admin/node_modules/vue-loader/lib/index.js??vue-loader-options!/data/5e-admin/src/components/ThemePicker/index.vue?vue&type=style&index=0&id=50c07b7a&lang=css
<s> [webpack.Progress] 69% building 890/901 modules 11 active /data/5e-admin/node_modules/cache-loader/dist/cjs.js?{"cacheDirectory":"node_modules/.cache/vue-loader","cacheIdentifier":"f79bae76-vue-loader-template"}!/data/5e-admin/node_modules/vue-loader/lib/loaders/templateLoader.js??vue-loader-options!/data/5e-admin/node_modules/cache-loader/dist/cjs.js??ref--0-0!/data/5e-admin/node_modules/vue-loader/lib/index.js??vue-loader-options!/data/5e-admin/src/components/ThemePicker/index.vue?vue&type=template&id=50c07b7a
<s> [webpack.Progress] 69% building 890/902 modules 12 active /data/5e-admin/node_modules/css-loader/dist/cjs.js??ref--6-oneOf-1-1!/data/5e-admin/node_modules/vue-loader/lib/loaders/stylePostLoader.js!/data/5e-admin/node_modules/postcss-loader/src/index.js??ref--6-oneOf-1-2!/data/5e-admin/node_modules/cache-loader/dist/cjs.js??ref--0-0!/data/5e-admin/node_modules/vue-loader/lib/index.js??vue-loader-options!/data/5e-admin/src/components/ThemePicker/index.vue?vue&type=style&index=0&id=50c07b7a&lang=css
<s> [webpack.Progress] 69% building 891/902 modules 11 active /data/5e-admin/node_modules/css-loader/dist/cjs.js??ref--6-oneOf-1-1!/data/5e-admin/node_modules/vue-loader/lib/loaders/stylePostLoader.js!/data/5e-admin/node_modules/postcss-loader/src/index.js??ref--6-oneOf-1-2!/data/5e-admin/node_modules/cache-loader/dist/cjs.js??ref--0-0!/data/5e-admin/node_modules/vue-loader/lib/index.js??vue-loader-options!/data/5e-admin/src/components/ThemePicker/index.vue?vue&type=style&index=0&id=50c07b7a&lang=css
<s> [webpack.Progress] 69% building 892/902 modules 10 active /data/5e-admin/node_modules/css-loader/dist/cjs.js??ref--6-oneOf-1-1!/data/5e-admin/node_modules/vue-loader/lib/loaders/stylePostLoader.js!/data/5e-admin/node_modules/postcss-loader/src/index.js??ref--6-oneOf-1-2!/data/5e-admin/node_modules/cache-loader/dist/cjs.js??ref--0-0!/data/5e-admin/node_modules/vue-loader/lib/index.js??vue-loader-options!/data/5e-admin/src/components/ThemePicker/index.vue?vue&type=style&index=0&id=50c07b7a&lang=css
<s> [webpack.Progress] 69% building 892/903 modules 11 active /data/5e-admin/node_modules/element-ui/package.json
<s> [webpack.Progress] 69% building 893/903 modules 10 active /data/5e-admin/node_modules/css-loader/dist/cjs.js??ref--6-oneOf-1-1!/data/5e-admin/node_modules/vue-loader/lib/loaders/stylePostLoader.js!/data/5e-admin/node_modules/postcss-loader/src/index.js??ref--6-oneOf-1-2!/data/5e-admin/node_modules/cache-loader/dist/cjs.js??ref--0-0!/data/5e-admin/node_modules/vue-loader/lib/index.js??vue-loader-options!/data/5e-admin/src/components/ThemePicker/index.vue?vue&type=style&index=0&id=50c07b7a&lang=css
<s> [webpack.Progress] 69% building 894/903 modules 9 active /data/5e-admin/node_modules/css-loader/dist/cjs.js??ref--6-oneOf-1-1!/data/5e-admin/node_modules/vue-loader/lib/loaders/stylePostLoader.js!/data/5e-admin/node_modules/postcss-loader/src/index.js??ref--6-oneOf-1-2!/data/5e-admin/node_modules/cache-loader/dist/cjs.js??ref--0-0!/data/5e-admin/node_modules/vue-loader/lib/index.js??vue-loader-options!/data/5e-admin/src/components/ThemePicker/index.vue?vue&type=style&index=0&id=50c07b7a&lang=css
<s> [webpack.Progress] 69% building 895/903 modules 8 active /data/5e-admin/node_modules/css-loader/dist/cjs.js??ref--6-oneOf-1-1!/data/5e-admin/node_modules/vue-loader/lib/loaders/stylePostLoader.js!/data/5e-admin/node_modules/postcss-loader/src/index.js??ref--6-oneOf-1-2!/data/5e-admin/node_modules/cache-loader/dist/cjs.js??ref--0-0!/data/5e-admin/node_modules/vue-loader/lib/index.js??vue-loader-options!/data/5e-admin/src/components/ThemePicker/index.vue?vue&type=style&index=0&id=50c07b7a&lang=css
<s> [webpack.Progress] 69% building 895/904 modules 9 active /data/5e-admin/node_modules/path-to-regexp/index.js
<s> [webpack.Progress] 69% building 896/904 modules 8 active /data/5e-admin/node_modules/path-to-regexp/index.js
<s> [webpack.Progress] 69% building 896/905 modules 9 active /data/5e-admin/node_modules/screenfull/dist/screenfull.js
<s> [webpack.Progress] 69% building 896/906 modules 10 active /data/5e-admin/node_modules/fuse.js/dist/fuse.js
<s> [webpack.Progress] 69% building 897/906 modules 9 active /data/5e-admin/node_modules/fuse.js/dist/fuse.js
<s> [webpack.Progress] 69% building 898/906 modules 8 active /data/5e-admin/node_modules/fuse.js/dist/fuse.js
<s> [webpack.Progress] 69% building 899/906 modules 7 active /data/5e-admin/node_modules/css-loader/dist/cjs.js??ref--6-oneOf-1-1!/data/5e-admin/node_modules/vue-loader/lib/loaders/stylePostLoader.js!/data/5e-admin/node_modules/postcss-loader/src/index.js??ref--6-oneOf-1-2!/data/5e-admin/node_modules/cache-loader/dist/cjs.js??ref--0-0!/data/5e-admin/node_modules/vue-loader/lib/index.js??vue-loader-options!/data/5e-admin/src/components/ThemePicker/index.vue?vue&type=style&index=0&id=50c07b7a&lang=css
<s> [webpack.Progress] 69% building 900/906 modules 6 active /data/5e-admin/node_modules/css-loader/dist/cjs.js??ref--6-oneOf-1-1!/data/5e-admin/node_modules/vue-loader/lib/loaders/stylePostLoader.js!/data/5e-admin/node_modules/postcss-loader/src/index.js??ref--6-oneOf-1-2!/data/5e-admin/node_modules/cache-loader/dist/cjs.js??ref--0-0!/data/5e-admin/node_modules/vue-loader/lib/index.js??vue-loader-options!/data/5e-admin/src/components/ThemePicker/index.vue?vue&type=style&index=0&id=50c07b7a&lang=css
<s> [webpack.Progress] 69% building 901/906 modules 5 active /data/5e-admin/node_modules/css-loader/dist/cjs.js??ref--6-oneOf-1-1!/data/5e-admin/node_modules/vue-loader/lib/loaders/stylePostLoader.js!/data/5e-admin/node_modules/postcss-loader/src/index.js??ref--6-oneOf-1-2!/data/5e-admin/node_modules/cache-loader/dist/cjs.js??ref--0-0!/data/5e-admin/node_modules/vue-loader/lib/index.js??vue-loader-options!/data/5e-admin/src/components/ThemePicker/index.vue?vue&type=style&index=0&id=50c07b7a&lang=css
<s> [webpack.Progress] 69% building 902/906 modules 4 active /data/5e-admin/node_modules/css-loader/dist/cjs.js??ref--6-oneOf-1-1!/data/5e-admin/node_modules/vue-loader/lib/loaders/stylePostLoader.js!/data/5e-admin/node_modules/postcss-loader/src/index.js??ref--6-oneOf-1-2!/data/5e-admin/node_modules/cache-loader/dist/cjs.js??ref--0-0!/data/5e-admin/node_modules/vue-loader/lib/index.js??vue-loader-options!/data/5e-admin/src/components/ThemePicker/index.vue?vue&type=style&index=0&id=50c07b7a&lang=css
<s> [webpack.Progress] 69% building 903/906 modules 3 active /data/5e-admin/node_modules/css-loader/dist/cjs.js??ref--6-oneOf-1-1!/data/5e-admin/node_modules/vue-loader/lib/loaders/stylePostLoader.js!/data/5e-admin/node_modules/postcss-loader/src/index.js??ref--6-oneOf-1-2!/data/5e-admin/node_modules/cache-loader/dist/cjs.js??ref--0-0!/data/5e-admin/node_modules/vue-loader/lib/index.js??vue-loader-options!/data/5e-admin/src/components/ThemePicker/index.vue?vue&type=style&index=0&id=50c07b7a&lang=css
<s> [webpack.Progress] 69% building 904/906 modules 2 active /data/5e-admin/node_modules/css-loader/dist/cjs.js??ref--6-oneOf-1-1!/data/5e-admin/node_modules/vue-loader/lib/loaders/stylePostLoader.js!/data/5e-admin/node_modules/postcss-loader/src/index.js??ref--6-oneOf-1-2!/data/5e-admin/node_modules/cache-loader/dist/cjs.js??ref--0-0!/data/5e-admin/node_modules/vue-loader/lib/index.js??vue-loader-options!/data/5e-admin/src/components/ThemePicker/index.vue?vue&type=style&index=0&id=50c07b7a&lang=css
<s> [webpack.Progress] 69% building 905/906 modules 1 active /data/5e-admin/node_modules/css-loader/dist/cjs.js??ref--6-oneOf-1-1!/data/5e-admin/node_modules/vue-loader/lib/loaders/stylePostLoader.js!/data/5e-admin/node_modules/postcss-loader/src/index.js??ref--6-oneOf-1-2!/data/5e-admin/node_modules/cache-loader/dist/cjs.js??ref--0-0!/data/5e-admin/node_modules/vue-loader/lib/index.js??vue-loader-options!/data/5e-admin/src/components/ThemePicker/index.vue?vue&type=style&index=0&id=50c07b7a&lang=css
<s> [webpack.Progress] 70% building 906/906 modules 0 active 
<s> [webpack.Progress] 70% building 906/906 modules 0 active 
<s> [webpack.Progress] 70% finish module graph
<s> [webpack.Progress] 70% finish module graph FlagDependencyExportsPlugin
<s> [webpack.Progress] 70% sealing
<s> [webpack.Progress] 70% sealing WarnCaseSensitiveModulesPlugin
<s> [webpack.Progress] 72% basic dependencies optimization
<s> [webpack.Progress] 72% dependencies optimization
<s> [webpack.Progress] 73% advanced dependencies optimization
<s> [webpack.Progress] 73% after dependencies optimization
<s> [webpack.Progress] 71% chunk graph
<s> [webpack.Progress] 71% after chunk graph
<s> [webpack.Progress] 71% after chunk graph WebAssemblyModulesPlugin
<s> [webpack.Progress] 74% optimizing
<s> [webpack.Progress] 74% basic module optimization
<s> [webpack.Progress] 75% module optimization
<s> [webpack.Progress] 75% advanced module optimization
<s> [webpack.Progress] 76% after module optimization
<s> [webpack.Progress] 76% basic chunk optimization
<s> [webpack.Progress] 76% basic chunk optimization EnsureChunkConditionsPlugin
<s> [webpack.Progress] 76% basic chunk optimization RemoveEmptyChunksPlugin
<s> [webpack.Progress] 76% basic chunk optimization MergeDuplicateChunksPlugin
<s> [webpack.Progress] 77% chunk optimization
<s> [webpack.Progress] 77% advanced chunk optimization
<s> [webpack.Progress] 77% advanced chunk optimization SplitChunksPlugin
<s> [webpack.Progress] 77% advanced chunk optimization RemoveEmptyChunksPlugin
<s> [webpack.Progress] 77% after chunk optimization
<s> [webpack.Progress] 78% module and chunk tree optimization
<s> [webpack.Progress] 78% after module and chunk tree optimization
<s> [webpack.Progress] 79% basic chunk modules optimization
<s> [webpack.Progress] 80% chunk modules optimization
<s> [webpack.Progress] 80% advanced chunk modules optimization
<s> [webpack.Progress] 81% after chunk modules optimization
<s> [webpack.Progress] 81% module reviving
<s> [webpack.Progress] 81% module reviving RecordIdsPlugin
<s> [webpack.Progress] 82% module order optimization
<s> [webpack.Progress] 82% advanced module order optimization
<s> [webpack.Progress] 83% before module ids
<s> [webpack.Progress] 83% before module ids NamedModulesPlugin
<s> [webpack.Progress] 83% module ids
<s> [webpack.Progress] 84% module id optimization
<s> [webpack.Progress] 84% module id optimization
<s> [webpack.Progress] 85% chunk reviving
<s> [webpack.Progress] 85% chunk reviving RecordIdsPlugin
<s> [webpack.Progress] 85% chunk order optimization
<s> [webpack.Progress] 85% chunk order optimization OccurrenceOrderChunkIdsPlugin
<s> [webpack.Progress] 86% before chunk ids
<s> [webpack.Progress] 86% before chunk ids NamedChunksPlugin
<s> [webpack.Progress] 86% chunk id optimization
<s> [webpack.Progress] 87% after chunk id optimization
<s> [webpack.Progress] 87% record modules
<s> [webpack.Progress] 87% record modules RecordIdsPlugin
<s> [webpack.Progress] 87% record chunks
<s> [webpack.Progress] 87% record chunks RecordIdsPlugin
<s> [webpack.Progress] 88% hashing
<s> [webpack.Progress] 88% after hashing
<s> [webpack.Progress] 88% after hashing HotModuleReplacementPlugin
<s> [webpack.Progress] 89% record hash
<s> [webpack.Progress] 89% module assets processing
<s> [webpack.Progress] 90% chunk assets processing
<s> [webpack.Progress] 90% additional chunk assets processing
<s> [webpack.Progress] 90% additional chunk assets processing HotModuleReplacementPlugin
<s> [webpack.Progress] 91% recording
<s> [webpack.Progress] 91% recording HotModuleReplacementPlugin
<s> [webpack.Progress] 92% additional asset processing
<s> [webpack.Progress] 92% chunk asset optimization
<s> [webpack.Progress] 93% after chunk asset optimization
<s> [webpack.Progress] 93% asset optimization
<s> [webpack.Progress] 94% after asset optimization
<s> [webpack.Progress] 94% after seal
<s> [webpack.Progress] 95% emitting
<s> [webpack.Progress] 95% emitting HtmlWebpackPlugin
<s> [webpack.Progress] 95% emitting CopyPlugin
<s> [webpack.Progress] 98% after emitting
<s> [webpack.Progress] 98% after emitting CopyPlugin
 DONE  Compiled successfully in 11926ms2:42:09 AM

<s> [webpack.Progress] 100% 


  App running at:
  - Local:   http://localhost:8080/ 
  - Network: unavailable

  Note that the development build is not optimized.
  To create a production build, run npm run build.

Proxy error: Could not proxy request /api/v1/json?file=frhof from localhost:8081 to http://kiwee.top:11322.
See https://nodejs.org/api/errors.html#errors_common_system_errors for more information (ECONNREFUSED).

Proxy error: Could not proxy request /api/v1/json?file=frhof from localhost:8081 to http://kiwee.top:11322.
See https://nodejs.org/api/errors.html#errors_common_system_errors for more information (ECONNREFUSED).

Proxy error: Could not proxy request /api/v1/json?file=frhof from localhost:8081 to http://kiwee.top:11322.
See https://nodejs.org/api/errors.html#errors_common_system_errors for more information (ECONNREFUSED).

Proxy error: Could not proxy request /api/v1/user?token=admin_token from localhost:8081 to http://kiwee.top:11322.
See https://nodejs.org/api/errors.html#errors_common_system_errors for more information (ECONNREFUSED).

Proxy error: Could not proxy request /api/v1/login from localhost:8081 to http://kiwee.top:11322.
See https://nodejs.org/api/errors.html#errors_common_system_errors for more information (ECONNREFUSED).

Proxy error: Could not proxy request /api/v1/login from localhost:8081 to http://kiwee.top:11322.
See https://nodejs.org/api/errors.html#errors_common_system_errors for more information (ECONNREFUSED).


> vue-element-admin@4.4.0 dev
> vue-cli-service serve

[baseline-browser-mapping] The data in this module is over two months old.  To ensure accurate Baseline data, please update: `npm i baseline-browser-mapping@latest -D`
 INFO  Starting development server...
<s> [webpack.Progress] 0% compiling
<s> [webpack.Progress] 10% building 0/0 modules 0 active 
<s> [webpack.Progress] 10% building 0/1 modules 1 active multi /data/5e-admin/node_modules/webpack-dev-server/client/index.js?http://localhost:8080&sockPath=/sockjs-node /data/5e-admin/node_modules/webpack/hot/dev-server.js ./src/main.js
<s> [webpack.Progress] 10% building 1/1 modules 0 active 
<s> [webpack.Progress] 10% building 1/1 modules 0 active 
<s> [webpack.Progress] 10% building 1/2 modules 1 active multi /data/5e-admin/node_modules/webpack/hot/dev-server.js /data/5e-admin/node_modules/webpack-dev-server/client/index.js?http://localhost:8080&sockPath=/sockjs-node ./src/main.js
<s> [webpack.Progress] 10% building 2/2 modules 0 active 
<s> [webpack.Progress] 10% building 2/3 modules 1 active /data/5e-admin/node_modules/webpack-dev-server/client/index.js?http://localhost:8080&sockPath=/sockjs-node
<s> [webpack.Progress] 10% building 2/4 modules 2 active /data/5e-admin/node_modules/webpack/hot/dev-server.js
<s> [webpack.Progress] 10% building 2/5 modules 3 active /data/5e-admin/node_modules/cache-loader/dist/cjs.js??ref--12-0!/data/5e-admin/node_modules/babel-loader/lib/index.js!/data/5e-admin/node_modules/eslint-loader/index.js??ref--13-0!/data/5e-admin/src/main.js
<s> [webpack.Progress] 10% building 3/5 modules 2 active /data/5e-admin/node_modules/cache-loader/dist/cjs.js??ref--12-0!/data/5e-admin/node_modules/babel-loader/lib/index.js!/data/5e-admin/node_modules/eslint-loader/index.js??ref--13-0!/data/5e-admin/src/main.js
<s> [webpack.Progress] 10% building 4/5 modules 1 active /data/5e-admin/node_modules/cache-loader/dist/cjs.js??ref--12-0!/data/5e-admin/node_modules/babel-loader/lib/index.js!/data/5e-admin/node_modules/eslint-loader/index.js??ref--13-0!/data/5e-admin/src/main.js
<s> [webpack.Progress] 10% building 5/5 modules 0 active 
<s> [webpack.Progress] 40% building 5/5 modules 0 active 
<s> [webpack.Progress] 40% building 5/6 modules 1 active /data/5e-admin/node_modules/webpack/hot sync nonrecursive /^\.\/log$/
<s> [webpack.Progress] 40% building 6/6 modules 0 active 
<s> [webpack.Progress] 40% building 6/7 modules 1 active /data/5e-admin/node_modules/webpack/hot/log.js
<s> [webpack.Progress] 40% building 6/8 modules 2 active /data/5e-admin/node_modules/webpack/hot/log-apply-result.js
<s> [webpack.Progress] 40% building 6/9 modules 3 active /data/5e-admin/node_modules/webpack/hot/emitter.js
<s> [webpack.Progress] 40% building 6/10 modules 4 active /data/5e-admin/node_modules/webpack-dev-server/client/socket.js
<s> [webpack.Progress] 40% building 6/11 modules 5 active /data/5e-admin/node_modules/webpack-dev-server/client/overlay.js
<s> [webpack.Progress] 40% building 6/12 modules 6 active /data/5e-admin/node_modules/cache-loader/dist/cjs.js??ref--12-0!/data/5e-admin/node_modules/babel-loader/lib/index.js!/data/5e-admin/node_modules/eslint-loader/index.js??ref--13-0!/data/5e-admin/src/permission.js
<s> [webpack.Progress] 40% building 6/13 modules 7 active /data/5e-admin/node_modules/webpack-dev-server/client/utils/log.js
<s> [webpack.Progress] 40% building 6/14 modules 8 active /data/5e-admin/node_modules/webpack-dev-server/client/utils/sendMessage.js
<s> [webpack.Progress] 40% building 6/15 modules 9 active /data/5e-admin/node_modules/webpack-dev-server/client/utils/reloadApp.js
<s> [webpack.Progress] 40% building 6/16 modules 10 active /data/5e-admin/node_modules/webpack-dev-server/client/utils/createSocketUrl.js
<s> [webpack.Progress] 40% building 7/16 modules 9 active /data/5e-admin/node_modules/webpack-dev-server/client/utils/createSocketUrl.js
<s> [webpack.Progress] 40% building 8/16 modules 8 active /data/5e-admin/node_modules/webpack-dev-server/client/utils/createSocketUrl.js
<s> [webpack.Progress] 40% building 9/16 modules 7 active /data/5e-admin/node_modules/webpack-dev-server/client/utils/createSocketUrl.js
<s> [webpack.Progress] 40% building 9/17 modules 8 active /data/5e-admin/node_modules/cache-loader/dist/cjs.js??ref--12-0!/data/5e-admin/node_modules/babel-loader/lib/index.js!/data/5e-admin/node_modules/eslint-loader/index.js??ref--13-0!/data/5e-admin/src/utils/error-log.js
<s> [webpack.Progress] 40% building 10/17 modules 7 active /data/5e-admin/node_modules/cache-loader/dist/cjs.js??ref--12-0!/data/5e-admin/node_modules/babel-loader/lib/index.js!/data/5e-admin/node_modules/eslint-loader/index.js??ref--13-0!/data/5e-admin/src/utils/error-log.js
<s> [webpack.Progress] 40% building 11/17 modules 6 active /data/5e-admin/node_modules/cache-loader/dist/cjs.js??ref--12-0!/data/5e-admin/node_modules/babel-loader/lib/index.js!/data/5e-admin/node_modules/eslint-loader/index.js??ref--13-0!/data/5e-admin/src/utils/error-log.js
<s> [webpack.Progress] 40% building 11/18 modules 7 active /data/5e-admin/node_modules/core-js/modules/es.array.iterator.js
<s> [webpack.Progress] 40% building 11/19 modules 8 active /data/5e-admin/node_modules/core-js/modules/es.promise.js
<s> [webpack.Progress] 40% building 11/20 modules 9 active /data/5e-admin/node_modules/core-js/modules/es.object.assign.js
<s> [webpack.Progress] 40% building 11/21 modules 10 active /data/5e-admin/node_modules/core-js/modules/es.promise.finally.js
<s> [webpack.Progress] 40% building 11/22 modules 11 active /data/5e-admin/node_modules/core-js/modules/es.array.filter.js
<s> [webpack.Progress] 40% building 11/23 modules 12 active /data/5e-admin/node_modules/core-js/modules/es.object.keys.js
<s> [webpack.Progress] 40% building 11/24 modules 13 active /data/5e-admin/node_modules/core-js/modules/es.object.to-string.js
<s> [webpack.Progress] 40% building 11/25 modules 14 active /data/5e-admin/node_modules/core-js/modules/esnext.iterator.constructor.js
<s> [webpack.Progress] 40% building 11/26 modules 15 active /data/5e-admin/node_modules/core-js/modules/esnext.iterator.filter.js
<s> [webpack.Progress] 40% building 11/27 modules 16 active /data/5e-admin/node_modules/core-js/modules/esnext.iterator.for-each.js
<s> [webpack.Progress] 40% building 11/28 modules 17 active /data/5e-admin/node_modules/core-js/modules/web.dom-collections.for-each.js
<s> [webpack.Progress] 40% building 11/29 modules 18 active /data/5e-admin/node_modules/vue/dist/vue.runtime.esm.js
<s> [webpack.Progress] 40% building 12/29 modules 17 active /data/5e-admin/node_modules/vue/dist/vue.runtime.esm.js
<s> [webpack.Progress] 40% building 13/29 modules 16 active /data/5e-admin/node_modules/vue/dist/vue.runtime.esm.js
<s> [webpack.Progress] 40% building 14/29 modules 15 active /data/5e-admin/node_modules/vue/dist/vue.runtime.esm.js
<s> [webpack.Progress] 40% building 15/29 modules 14 active /data/5e-admin/node_modules/vue/dist/vue.runtime.esm.js
<s> [webpack.Progress] 40% building 16/29 modules 13 active /data/5e-admin/node_modules/vue/dist/vue.runtime.esm.js
<s> [webpack.Progress] 40% building 16/30 modules 14 active /data/5e-admin/node_modules/vue-style-loader/index.js??ref--6-oneOf-3-0!/data/5e-admin/node_modules/css-loader/dist/cjs.js??ref--6-oneOf-3-1!/data/5e-admin/node_modules/postcss-loader/src/index.js??ref--6-oneOf-3-2!/data/5e-admin/node_modules/normalize.css/normalize.css
<s> [webpack.Progress] 40% building 17/30 modules 13 active /data/5e-admin/node_modules/vue/dist/vue.runtime.esm.js
<s> [webpack.Progress] 40% building 17/31 modules 14 active /data/5e-admin/node_modules/css-loader/dist/cjs.js??ref--6-oneOf-3-1!/data/5e-admin/node_modules/postcss-loader/src/index.js??ref--6-oneOf-3-2!/data/5e-admin/node_modules/normalize.css/normalize.css
<s> [webpack.Progress] 40% building 17/32 modules 15 active /data/5e-admin/node_modules/vue-style-loader/index.js??ref--8-oneOf-3-0!/data/5e-admin/node_modules/css-loader/dist/cjs.js??ref--8-oneOf-3-1!/data/5e-admin/node_modules/postcss-loader/src/index.js??ref--8-oneOf-3-2!/data/5e-admin/node_modules/sass-loader/dist/cjs.js??ref--8-oneOf-3-3!/data/5e-admin/src/styles/element-variables.scss
<s> [webpack.Progress] 40% building 18/32 modules 14 active /data/5e-admin/node_modules/css-loader/dist/cjs.js??ref--6-oneOf-3-1!/data/5e-admin/node_modules/postcss-loader/src/index.js??ref--6-oneOf-3-2!/data/5e-admin/node_modules/normalize.css/normalize.css
<s> [webpack.Progress] 40% building 18/33 modules 15 active /data/5e-admin/node_modules/vue-style-loader/index.js??ref--8-oneOf-3-0!/data/5e-admin/node_modules/css-loader/dist/cjs.js??ref--8-oneOf-3-1!/data/5e-admin/node_modules/postcss-loader/src/index.js??ref--8-oneOf-3-2!/data/5e-admin/node_modules/sass-loader/dist/cjs.js??ref--8-oneOf-3-3!/data/5e-admin/src/styles/index.scss
<s> [webpack.Progress] 40% building 19/33 modules 14 active /data/5e-admin/node_modules/css-loader/dist/cjs.js??ref--6-oneOf-3-1!/data/5e-admin/node_modules/postcss-loader/src/index.js??ref--6-oneOf-3-2!/data/5e-admin/node_modules/normalize.css/normalize.css
<s> [webpack.Progress] 40% building 19/34 modules 15 active /data/5e-admin/node_modules/css-loader/dist/cjs.js??ref--8-oneOf-3-1!/data/5e-admin/node_modules/postcss-loader/src/index.js??ref--8-oneOf-3-2!/data/5e-admin/node_modules/sass-loader/dist/cjs.js??ref--8-oneOf-3-3!/data/5e-admin/src/styles/element-variables.scss
<s> [webpack.Progress] 40% building 19/35 modules 16 active /data/5e-admin/node_modules/css-loader/dist/cjs.js??ref--8-oneOf-3-1!/data/5e-admin/node_modules/postcss-loader/src/index.js??ref--8-oneOf-3-2!/data/5e-admin/node_modules/sass-loader/dist/cjs.js??ref--8-oneOf-3-3!/data/5e-admin/src/styles/index.scss
<s> [webpack.Progress] 40% building 20/35 modules 15 active /data/5e-admin/node_modules/css-loader/dist/cjs.js??ref--8-oneOf-3-1!/data/5e-admin/node_modules/postcss-loader/src/index.js??ref--8-oneOf-3-2!/data/5e-admin/node_modules/sass-loader/dist/cjs.js??ref--8-oneOf-3-3!/data/5e-admin/src/styles/index.scss
<s> [webpack.Progress] 40% building 21/35 modules 14 active /data/5e-admin/node_modules/css-loader/dist/cjs.js??ref--8-oneOf-3-1!/data/5e-admin/node_modules/postcss-loader/src/index.js??ref--8-oneOf-3-2!/data/5e-admin/node_modules/sass-loader/dist/cjs.js??ref--8-oneOf-3-3!/data/5e-admin/src/styles/index.scss
<s> [webpack.Progress] 40% building 22/35 modules 13 active /data/5e-admin/node_modules/css-loader/dist/cjs.js??ref--8-oneOf-3-1!/data/5e-admin/node_modules/postcss-loader/src/index.js??ref--8-oneOf-3-2!/data/5e-admin/node_modules/sass-loader/dist/cjs.js??ref--8-oneOf-3-3!/data/5e-admin/src/styles/index.scss
<s> [webpack.Progress] 40% building 23/35 modules 12 active /data/5e-admin/node_modules/css-loader/dist/cjs.js??ref--8-oneOf-3-1!/data/5e-admin/node_modules/postcss-loader/src/index.js??ref--8-oneOf-3-2!/data/5e-admin/node_modules/sass-loader/dist/cjs.js??ref--8-oneOf-3-3!/data/5e-admin/src/styles/index.scss
<s> [webpack.Progress] 40% building 24/35 modules 11 active /data/5e-admin/node_modules/css-loader/dist/cjs.js??ref--8-oneOf-3-1!/data/5e-admin/node_modules/postcss-loader/src/index.js??ref--8-oneOf-3-2!/data/5e-admin/node_modules/sass-loader/dist/cjs.js??ref--8-oneOf-3-3!/data/5e-admin/src/styles/index.scss
<s> [webpack.Progress] 40% building 25/35 modules 10 active /data/5e-admin/node_modules/css-loader/dist/cjs.js??ref--8-oneOf-3-1!/data/5e-admin/node_modules/postcss-loader/src/index.js??ref--8-oneOf-3-2!/data/5e-admin/node_modules/sass-loader/dist/cjs.js??ref--8-oneOf-3-3!/data/5e-admin/src/styles/index.scss
<s> [webpack.Progress] 40% building 26/35 modules 9 active /data/5e-admin/node_modules/css-loader/dist/cjs.js??ref--8-oneOf-3-1!/data/5e-admin/node_modules/postcss-loader/src/index.js??ref--8-oneOf-3-2!/data/5e-admin/node_modules/sass-loader/dist/cjs.js??ref--8-oneOf-3-3!/data/5e-admin/src/styles/index.scss
<s> [webpack.Progress] 40% building 27/35 modules 8 active /data/5e-admin/node_modules/css-loader/dist/cjs.js??ref--8-oneOf-3-1!/data/5e-admin/node_modules/postcss-loader/src/index.js??ref--8-oneOf-3-2!/data/5e-admin/node_modules/sass-loader/dist/cjs.js??ref--8-oneOf-3-3!/data/5e-admin/src/styles/index.scss
<s> [webpack.Progress] 40% building 28/35 modules 7 active /data/5e-admin/node_modules/css-loader/dist/cjs.js??ref--8-oneOf-3-1!/data/5e-admin/node_modules/postcss-loader/src/index.js??ref--8-oneOf-3-2!/data/5e-admin/node_modules/sass-loader/dist/cjs.js??ref--8-oneOf-3-3!/data/5e-admin/src/styles/index.scss
<s> [webpack.Progress] 40% building 29/35 modules 6 active /data/5e-admin/node_modules/css-loader/dist/cjs.js??ref--8-oneOf-3-1!/data/5e-admin/node_modules/postcss-loader/src/index.js??ref--8-oneOf-3-2!/data/5e-admin/node_modules/sass-loader/dist/cjs.js??ref--8-oneOf-3-3!/data/5e-admin/src/styles/index.scss
<s> [webpack.Progress] 40% building 30/35 modules 5 active /data/5e-admin/node_modules/css-loader/dist/cjs.js??ref--8-oneOf-3-1!/data/5e-admin/node_modules/postcss-loader/src/index.js??ref--8-oneOf-3-2!/data/5e-admin/node_modules/sass-loader/dist/cjs.js??ref--8-oneOf-3-3!/data/5e-admin/src/styles/index.scss
<s> [webpack.Progress] 40% building 31/35 modules 4 active /data/5e-admin/node_modules/css-loader/dist/cjs.js??ref--8-oneOf-3-1!/data/5e-admin/node_modules/postcss-loader/src/index.js??ref--8-oneOf-3-2!/data/5e-admin/node_modules/sass-loader/dist/cjs.js??ref--8-oneOf-3-3!/data/5e-admin/src/styles/index.scss
<s> [webpack.Progress] 40% building 32/35 modules 3 active /data/5e-admin/node_modules/css-loader/dist/cjs.js??ref--8-oneOf-3-1!/data/5e-admin/node_modules/postcss-loader/src/index.js??ref--8-oneOf-3-2!/data/5e-admin/node_modules/sass-loader/dist/cjs.js??ref--8-oneOf-3-3!/data/5e-admin/src/styles/index.scss
<s> [webpack.Progress] 40% building 32/36 modules 4 active /data/5e-admin/node_modules/webpack/buildin/global.js
<s> [webpack.Progress] 40% building 32/37 modules 5 active /data/5e-admin/node_modules/element-ui/lib/locale/lang/en.js
<s> [webpack.Progress] 40% building 32/38 modules 6 active /data/5e-admin/node_modules/webpack-dev-server/client/clients/SockJSClient.js
<s> [webpack.Progress] 40% building 32/39 modules 7 active /data/5e-admin/node_modules/core-js/modules/es.array.includes.js
<s> [webpack.Progress] 40% building 32/40 modules 8 active /data/5e-admin/node_modules/core-js/modules/es.string.includes.js
<s> [webpack.Progress] 40% building 32/41 modules 9 active /data/5e-admin/node_modules/events/events.js
<s> [webpack.Progress] 40% building 33/41 modules 8 active /data/5e-admin/node_modules/events/events.js
<s> [webpack.Progress] 40% building 33/42 modules 9 active /data/5e-admin/node_modules/cache-loader/dist/cjs.js??ref--12-0!/data/5e-admin/node_modules/babel-loader/lib/index.js!/data/5e-admin/node_modules/eslint-loader/index.js??ref--13-0!/data/5e-admin/src/utils/auth.js
<s> [webpack.Progress] 40% building 33/43 modules 10 active /data/5e-admin/node_modules/cache-loader/dist/cjs.js??ref--12-0!/data/5e-admin/node_modules/babel-loader/lib/index.js!/data/5e-admin/node_modules/eslint-loader/index.js??ref--13-0!/data/5e-admin/src/utils/get-page-title.js
<s> [webpack.Progress] 40% building 33/44 modules 11 active /data/5e-admin/node_modules/vue-style-loader/index.js??ref--6-oneOf-3-0!/data/5e-admin/node_modules/css-loader/dist/cjs.js??ref--6-oneOf-3-1!/data/5e-admin/node_modules/postcss-loader/src/index.js??ref--6-oneOf-3-2!/data/5e-admin/node_modules/nprogress/nprogress.css
<s> [webpack.Progress] 40% building 34/44 modules 10 active /data/5e-admin/node_modules/cache-loader/dist/cjs.js??ref--12-0!/data/5e-admin/node_modules/babel-loader/lib/index.js!/data/5e-admin/node_modules/eslint-loader/index.js??ref--13-0!/data/5e-admin/src/utils/get-page-title.js
<s> [webpack.Progress] 40% building 34/45 modules 11 active /data/5e-admin/node_modules/css-loader/dist/cjs.js??ref--6-oneOf-3-1!/data/5e-admin/node_modules/postcss-loader/src/index.js??ref--6-oneOf-3-2!/data/5e-admin/node_modules/nprogress/nprogress.css
<s> [webpack.Progress] 40% building 35/45 modules 10 active /data/5e-admin/node_modules/css-loader/dist/cjs.js??ref--6-oneOf-3-1!/data/5e-admin/node_modules/postcss-loader/src/index.js??ref--6-oneOf-3-2!/data/5e-admin/node_modules/nprogress/nprogress.css
<s> [webpack.Progress] 40% building 36/45 modules 9 active /data/5e-admin/node_modules/css-loader/dist/cjs.js??ref--6-oneOf-3-1!/data/5e-admin/node_modules/postcss-loader/src/index.js??ref--6-oneOf-3-2!/data/5e-admin/node_modules/nprogress/nprogress.css
<s> [webpack.Progress] 40% building 36/46 modules 10 active /data/5e-admin/node_modules/webpack-dev-server/client/utils/getCurrentScriptSource.js
<s> [webpack.Progress] 40% building 36/47 modules 11 active /data/5e-admin/node_modules/vue-style-loader/lib/addStylesClient.js
<s> [webpack.Progress] 40% building 36/48 modules 12 active /data/5e-admin/node_modules/cache-loader/dist/cjs.js??ref--0-0!/data/5e-admin/node_modules/vue-loader/lib/index.js??vue-loader-options!/data/5e-admin/node_modules/eslint-loader/index.js??ref--13-0!/data/5e-admin/src/App.vue
<s> [webpack.Progress] 40% building 36/49 modules 13 active /data/5e-admin/node_modules/url/url.js
<s> [webpack.Progress] 40% building 37/49 modules 12 active /data/5e-admin/node_modules/url/url.js
<s> [webpack.Progress] 40% building 38/49 modules 11 active /data/5e-admin/node_modules/url/url.js
<s> [webpack.Progress] 40% building 38/50 modules 12 active /data/5e-admin/node_modules/cache-loader/dist/cjs.js??ref--12-0!/data/5e-admin/node_modules/babel-loader/lib/index.js!/data/5e-admin/node_modules/eslint-loader/index.js??ref--13-0!/data/5e-admin/src/utils/validate.js
<s> [webpack.Progress] 40% building 38/51 modules 13 active /data/5e-admin/node_modules/cache-loader/dist/cjs.js??ref--12-0!/data/5e-admin/node_modules/babel-loader/lib/index.js!/data/5e-admin/node_modules/eslint-loader/index.js??ref--13-0!/data/5e-admin/src/settings.js
<s> [webpack.Progress] 40% building 39/51 modules 12 active /data/5e-admin/node_modules/cache-loader/dist/cjs.js??ref--12-0!/data/5e-admin/node_modules/babel-loader/lib/index.js!/data/5e-admin/node_modules/eslint-loader/index.js??ref--13-0!/data/5e-admin/src/settings.js
<s> [webpack.Progress] 40% building 39/52 modules 13 active /data/5e-admin/node_modules/element-ui/lib/element-ui.common.js
<s> [webpack.Progress] 40% building 40/52 modules 12 active /data/5e-admin/node_modules/element-ui/lib/element-ui.common.js
<s> [webpack.Progress] 40% building 41/52 modules 11 active /data/5e-admin/node_modules/element-ui/lib/element-ui.common.js
<s> [webpack.Progress] 40% building 41/53 modules 12 active /data/5e-admin/node_modules/cache-loader/dist/cjs.js??ref--12-0!/data/5e-admin/node_modules/babel-loader/lib/index.js!/data/5e-admin/node_modules/@babel/runtime/helpers/esm/regenerator.js
<s> [webpack.Progress] 40% building 41/54 modules 13 active /data/5e-admin/node_modules/cache-loader/dist/cjs.js??ref--12-0!/data/5e-admin/node_modules/babel-loader/lib/index.js!/data/5e-admin/node_modules/@babel/runtime/helpers/esm/objectSpread2.js
<s> [webpack.Progress] 40% building 41/55 modules 14 active /data/5e-admin/node_modules/cache-loader/dist/cjs.js??ref--12-0!/data/5e-admin/node_modules/babel-loader/lib/index.js!/data/5e-admin/node_modules/@babel/runtime/helpers/esm/asyncToGenerator.js
<s> [webpack.Progress] 40% building 42/55 modules 13 active /data/5e-admin/node_modules/cache-loader/dist/cjs.js??ref--12-0!/data/5e-admin/node_modules/babel-loader/lib/index.js!/data/5e-admin/node_modules/@babel/runtime/helpers/esm/asyncToGenerator.js
<s> [webpack.Progress] 40% building 42/56 modules 14 active /data/5e-admin/node_modules/core-js/internals/to-indexed-object.js
<s> [webpack.Progress] 40% building 42/57 modules 15 active /data/5e-admin/node_modules/core-js/internals/add-to-unscopables.js
<s> [webpack.Progress] 40% building 42/58 modules 16 active /data/5e-admin/node_modules/core-js/internals/iterators.js
<s> [webpack.Progress] 40% building 42/59 modules 17 active /data/5e-admin/node_modules/core-js/internals/internal-state.js
<s> [webpack.Progress] 40% building 42/60 modules 18 active /data/5e-admin/node_modules/core-js/internals/define-iterator.js
<s> [webpack.Progress] 40% building 42/61 modules 19 active /data/5e-admin/node_modules/core-js/internals/export.js
<s> [webpack.Progress] 40% building 42/62 modules 20 active /data/5e-admin/node_modules/core-js/internals/is-pure.js
<s> [webpack.Progress] 40% building 42/63 modules 21 active /data/5e-admin/node_modules/core-js/internals/global.js
<s> [webpack.Progress] 40% building 42/64 modules 22 active /data/5e-admin/node_modules/core-js/internals/get-built-in.js
<s> [webpack.Progress] 40% building 42/65 modules 23 active /data/5e-admin/node_modules/core-js/internals/native-promise-constructor.js
<s> [webpack.Progress] 40% building 42/66 modules 24 active /data/5e-admin/node_modules/core-js/internals/redefine.js
<s> [webpack.Progress] 40% building 42/67 modules 25 active /data/5e-admin/node_modules/core-js/internals/redefine-all.js
<s> [webpack.Progress] 40% building 42/68 modules 26 active /data/5e-admin/node_modules/core-js/internals/set-to-string-tag.js
<s> [webpack.Progress] 40% building 42/69 modules 27 active /data/5e-admin/node_modules/core-js/internals/set-species.js
<s> [webpack.Progress] 40% building 42/70 modules 28 active /data/5e-admin/node_modules/core-js/internals/is-object.js
<s> [webpack.Progress] 40% building 42/71 modules 29 active /data/5e-admin/node_modules/core-js/internals/a-function.js
<s> [webpack.Progress] 40% building 42/72 modules 30 active /data/5e-admin/node_modules/core-js/internals/an-instance.js
<s> [webpack.Progress] 40% building 42/73 modules 31 active /data/5e-admin/node_modules/core-js/internals/classof-raw.js
<s> [webpack.Progress] 40% building 42/74 modules 32 active /data/5e-admin/node_modules/core-js/internals/inspect-source.js
<s> [webpack.Progress] 40% building 42/75 modules 33 active /data/5e-admin/node_modules/core-js/internals/iterate.js
<s> [webpack.Progress] 40% building 42/76 modules 34 active /data/5e-admin/node_modules/core-js/internals/check-correctness-of-iteration.js
<s> [webpack.Progress] 40% building 42/77 modules 35 active /data/5e-admin/node_modules/core-js/internals/species-constructor.js
<s> [webpack.Progress] 40% building 42/78 modules 36 active /data/5e-admin/node_modules/core-js/internals/task.js
<s> [webpack.Progress] 40% building 42/79 modules 37 active /data/5e-admin/node_modules/core-js/internals/microtask.js
<s> [webpack.Progress] 40% building 42/80 modules 38 active /data/5e-admin/node_modules/core-js/internals/promise-resolve.js
<s> [webpack.Progress] 40% building 42/81 modules 39 active /data/5e-admin/node_modules/core-js/internals/host-report-errors.js
<s> [webpack.Progress] 40% building 42/82 modules 40 active /data/5e-admin/node_modules/core-js/internals/new-promise-capability.js
<s> [webpack.Progress] 40% building 42/83 modules 41 active /data/5e-admin/node_modules/core-js/internals/perform.js
<s> [webpack.Progress] 40% building 42/84 modules 42 active /data/5e-admin/node_modules/core-js/internals/is-forced.js
<s> [webpack.Progress] 40% building 42/85 modules 43 active /data/5e-admin/node_modules/core-js/internals/well-known-symbol.js
<s> [webpack.Progress] 40% building 42/86 modules 44 active /data/5e-admin/node_modules/core-js/internals/engine-v8-version.js
<s> [webpack.Progress] 40% building 42/87 modules 45 active /data/5e-admin/node_modules/core-js/internals/object-assign.js
<s> [webpack.Progress] 40% building 42/88 modules 46 active /data/5e-admin/node_modules/core-js/internals/fails.js
<s> [webpack.Progress] 40% building 42/89 modules 47 active /data/5e-admin/node_modules/core-js/internals/array-iteration.js
<s> [webpack.Progress] 40% building 42/90 modules 48 active /data/5e-admin/node_modules/core-js/internals/array-method-has-species-support.js
<s> [webpack.Progress] 40% building 42/91 modules 49 active /data/5e-admin/node_modules/core-js/internals/array-method-uses-to-length.js
<s> [webpack.Progress] 40% building 42/92 modules 50 active /data/5e-admin/node_modules/core-js/internals/to-object.js
<s> [webpack.Progress] 40% building 42/93 modules 51 active /data/5e-admin/node_modules/core-js/internals/object-keys.js
<s> [webpack.Progress] 40% building 42/94 modules 52 active /data/5e-admin/node_modules/core-js/internals/to-string-tag-support.js
<s> [webpack.Progress] 40% building 42/95 modules 53 active /data/5e-admin/node_modules/core-js/internals/object-to-string.js
<s> [webpack.Progress] 40% building 42/96 modules 54 active /data/5e-admin/node_modules/core-js/internals/create-non-enumerable-property.js
<s> [webpack.Progress] 40% building 42/97 modules 55 active /data/5e-admin/node_modules/core-js/internals/array-for-each.js
<s> [webpack.Progress] 40% building 43/97 modules 54 active /data/5e-admin/node_modules/core-js/internals/array-for-each.js
<s> [webpack.Progress] 40% building 44/97 modules 53 active /data/5e-admin/node_modules/core-js/internals/array-for-each.js
<s> [webpack.Progress] 40% building 44/98 modules 54 active /data/5e-admin/node_modules/cache-loader/dist/cjs.js??ref--12-0!/data/5e-admin/node_modules/babel-loader/lib/index.js!/data/5e-admin/node_modules/eslint-loader/index.js??ref--13-0!/data/5e-admin/src/store/index.js
<s> [webpack.Progress] 40% building 44/99 modules 55 active /data/5e-admin/node_modules/cache-loader/dist/cjs.js??ref--12-0!/data/5e-admin/node_modules/babel-loader/lib/index.js!/data/5e-admin/node_modules/eslint-loader/index.js??ref--13-0!/data/5e-admin/src/router/index.js
<s> [webpack.Progress] 40% building 44/100 modules 56 active /data/5e-admin/node_modules/cache-loader/dist/cjs.js??ref--12-0!/data/5e-admin/node_modules/babel-loader/lib/index.js!/data/5e-admin/node_modules/eslint-loader/index.js??ref--13-0!/data/5e-admin/src/icons/index.js
<s> [webpack.Progress] 40% building 44/101 modules 57 active /data/5e-admin/node_modules/cache-loader/dist/cjs.js??ref--12-0!/data/5e-admin/node_modules/babel-loader/lib/index.js!/data/5e-admin/node_modules/eslint-loader/index.js??ref--13-0!/data/5e-admin/src/filters/index.js
<s> [webpack.Progress] 40% building 45/101 modules 56 active /data/5e-admin/node_modules/cache-loader/dist/cjs.js??ref--12-0!/data/5e-admin/node_modules/babel-loader/lib/index.js!/data/5e-admin/node_modules/eslint-loader/index.js??ref--13-0!/data/5e-admin/src/filters/index.js
<s> [webpack.Progress] 40% building 46/101 modules 55 active /data/5e-admin/node_modules/cache-loader/dist/cjs.js??ref--12-0!/data/5e-admin/node_modules/babel-loader/lib/index.js!/data/5e-admin/node_modules/eslint-loader/index.js??ref--13-0!/data/5e-admin/src/filters/index.js
<s> [webpack.Progress] 40% building 47/101 modules 54 active /data/5e-admin/node_modules/cache-loader/dist/cjs.js??ref--12-0!/data/5e-admin/node_modules/babel-loader/lib/index.js!/data/5e-admin/node_modules/eslint-loader/index.js??ref--13-0!/data/5e-admin/src/filters/index.js
<s> [webpack.Progress] 40% building 47/102 modules 55 active /data/5e-admin/node_modules/js-cookie/src/js.cookie.js
<s> [webpack.Progress] 40% building 47/103 modules 56 active /data/5e-admin/node_modules/core-js/internals/dom-iterables.js
<s> [webpack.Progress] 40% building 47/104 modules 57 active /data/5e-admin/node_modules/core-js/modules/es.array.concat.js
<s> [webpack.Progress] 40% building 47/105 modules 58 active /data/5e-admin/node_modules/core-js/internals/an-object.js
<s> [webpack.Progress] 40% building 47/106 modules 59 active /data/5e-admin/node_modules/webpack-dev-server/client/clients/BaseClient.js
<s> [webpack.Progress] 40% building 48/106 modules 58 active /data/5e-admin/node_modules/webpack-dev-server/client/clients/BaseClient.js
<s> [webpack.Progress] 40% building 49/106 modules 57 active /data/5e-admin/node_modules/webpack-dev-server/client/clients/BaseClient.js
<s> [webpack.Progress] 40% building 50/106 modules 56 active /data/5e-admin/node_modules/webpack-dev-server/client/clients/BaseClient.js
<s> [webpack.Progress] 40% building 51/106 modules 55 active /data/5e-admin/node_modules/webpack-dev-server/client/clients/BaseClient.js
<s> [webpack.Progress] 40% building 52/106 modules 54 active /data/5e-admin/node_modules/webpack-dev-server/client/clients/BaseClient.js
<s> [webpack.Progress] 40% building 53/106 modules 53 active /data/5e-admin/node_modules/webpack-dev-server/client/clients/BaseClient.js
<s> [webpack.Progress] 40% building 54/106 modules 52 active /data/5e-admin/node_modules/webpack-dev-server/client/clients/BaseClient.js
<s> [webpack.Progress] 40% building 55/106 modules 51 active /data/5e-admin/node_modules/webpack-dev-server/client/clients/BaseClient.js
<s> [webpack.Progress] 40% building 56/106 modules 50 active /data/5e-admin/node_modules/webpack-dev-server/client/clients/BaseClient.js
<s> [webpack.Progress] 40% building 57/106 modules 49 active /data/5e-admin/node_modules/webpack-dev-server/client/clients/BaseClient.js
<s> [webpack.Progress] 40% building 58/106 modules 48 active /data/5e-admin/node_modules/webpack-dev-server/client/clients/BaseClient.js
<s> [webpack.Progress] 40% building 59/106 modules 47 active /data/5e-admin/node_modules/webpack-dev-server/client/clients/BaseClient.js
<s> [webpack.Progress] 40% building 60/106 modules 46 active /data/5e-admin/node_modules/webpack-dev-server/client/clients/BaseClient.js
<s> [webpack.Progress] 40% building 61/106 modules 45 active /data/5e-admin/node_modules/webpack-dev-server/client/clients/BaseClient.js
<s> [webpack.Progress] 40% building 62/106 modules 44 active /data/5e-admin/node_modules/webpack-dev-server/client/clients/BaseClient.js
<s> [webpack.Progress] 40% building 63/106 modules 43 active /data/5e-admin/node_modules/webpack-dev-server/client/clients/BaseClient.js
<s> [webpack.Progress] 40% building 64/106 modules 42 active /data/5e-admin/node_modules/webpack-dev-server/client/clients/BaseClient.js
<s> [webpack.Progress] 40% building 65/106 modules 41 active /data/5e-admin/node_modules/webpack-dev-server/client/clients/BaseClient.js
<s> [webpack.Progress] 40% building 66/106 modules 40 active /data/5e-admin/node_modules/webpack-dev-server/client/clients/BaseClient.js
<s> [webpack.Progress] 40% building 67/106 modules 39 active /data/5e-admin/node_modules/webpack-dev-server/client/clients/BaseClient.js
<s> [webpack.Progress] 40% building 68/106 modules 38 active /data/5e-admin/node_modules/webpack-dev-server/client/clients/BaseClient.js
<s> [webpack.Progress] 40% building 69/106 modules 37 active /data/5e-admin/node_modules/webpack-dev-server/client/clients/BaseClient.js
<s> [webpack.Progress] 40% building 70/106 modules 36 active /data/5e-admin/node_modules/webpack-dev-server/client/clients/BaseClient.js
<s> [webpack.Progress] 40% building 71/106 modules 35 active /data/5e-admin/node_modules/webpack-dev-server/client/clients/BaseClient.js
<s> [webpack.Progress] 40% building 72/106 modules 34 active /data/5e-admin/node_modules/webpack-dev-server/client/clients/BaseClient.js
<s> [webpack.Progress] 40% building 73/106 modules 33 active /data/5e-admin/node_modules/webpack-dev-server/client/clients/BaseClient.js
<s> [webpack.Progress] 40% building 74/106 modules 32 active /data/5e-admin/node_modules/webpack-dev-server/client/clients/BaseClient.js
<s> [webpack.Progress] 40% building 75/106 modules 31 active /data/5e-admin/node_modules/webpack-dev-server/client/clients/BaseClient.js
<s> [webpack.Progress] 40% building 76/106 modules 30 active /data/5e-admin/node_modules/webpack-dev-server/client/clients/BaseClient.js
<s> [webpack.Progress] 40% building 77/106 modules 29 active /data/5e-admin/node_modules/webpack-dev-server/client/clients/BaseClient.js
<s> [webpack.Progress] 40% building 78/106 modules 28 active /data/5e-admin/node_modules/webpack-dev-server/client/clients/BaseClient.js
<s> [webpack.Progress] 40% building 79/106 modules 27 active /data/5e-admin/node_modules/webpack-dev-server/client/clients/BaseClient.js
<s> [webpack.Progress] 40% building 80/106 modules 26 active /data/5e-admin/node_modules/webpack-dev-server/client/clients/BaseClient.js
<s> [webpack.Progress] 40% building 81/106 modules 25 active /data/5e-admin/node_modules/webpack-dev-server/client/clients/BaseClient.js
<s> [webpack.Progress] 40% building 82/106 modules 24 active /data/5e-admin/node_modules/webpack-dev-server/client/clients/BaseClient.js
<s> [webpack.Progress] 40% building 83/106 modules 23 active /data/5e-admin/node_modules/webpack-dev-server/client/clients/BaseClient.js
<s> [webpack.Progress] 40% building 84/106 modules 22 active /data/5e-admin/node_modules/webpack-dev-server/client/clients/BaseClient.js
<s> [webpack.Progress] 40% building 85/106 modules 21 active /data/5e-admin/node_modules/webpack-dev-server/client/clients/BaseClient.js
<s> [webpack.Progress] 40% building 86/106 modules 20 active /data/5e-admin/node_modules/webpack-dev-server/client/clients/BaseClient.js
<s> [webpack.Progress] 40% building 87/106 modules 19 active /data/5e-admin/node_modules/webpack-dev-server/client/clients/BaseClient.js
<s> [webpack.Progress] 40% building 88/106 modules 18 active /data/5e-admin/node_modules/webpack-dev-server/client/clients/BaseClient.js
<s> [webpack.Progress] 40% building 89/106 modules 17 active /data/5e-admin/node_modules/webpack-dev-server/client/clients/BaseClient.js
<s> [webpack.Progress] 40% building 90/106 modules 16 active /data/5e-admin/node_modules/webpack-dev-server/client/clients/BaseClient.js
<s> [webpack.Progress] 40% building 91/106 modules 15 active /data/5e-admin/node_modules/webpack-dev-server/client/clients/BaseClient.js
<s> [webpack.Progress] 40% building 92/106 modules 14 active /data/5e-admin/node_modules/webpack-dev-server/client/clients/BaseClient.js
<s> [webpack.Progress] 40% building 93/106 modules 13 active /data/5e-admin/node_modules/webpack-dev-server/client/clients/BaseClient.js
<s> [webpack.Progress] 40% building 94/106 modules 12 active /data/5e-admin/node_modules/webpack-dev-server/client/clients/BaseClient.js
<s> [webpack.Progress] 40% building 95/106 modules 11 active /data/5e-admin/node_modules/webpack-dev-server/client/clients/BaseClient.js
<s> [webpack.Progress] 40% building 95/107 modules 12 active /data/5e-admin/node_modules/core-js/modules/es.regexp.exec.js
<s> [webpack.Progress] 40% building 95/108 modules 13 active /data/5e-admin/node_modules/core-js/modules/es.regexp.test.js
<s> [webpack.Progress] 40% building 95/109 modules 14 active /data/5e-admin/node_modules/core-js/modules/es.regexp.to-string.js
<s> [webpack.Progress] 40% building 96/109 modules 13 active /data/5e-admin/node_modules/core-js/modules/es.regexp.to-string.js
<s> [webpack.Progress] 40% building 96/110 modules 14 active /data/5e-admin/node_modules/webpack-dev-server/node_modules/strip-ansi/index.js
<s> [webpack.Progress] 40% building 97/110 modules 13 active /data/5e-admin/node_modules/webpack-dev-server/node_modules/strip-ansi/index.js
<s> [webpack.Progress] 40% building 97/111 modules 14 active /data/5e-admin/node_modules/core-js/internals/correct-is-regexp-logic.js
<s> [webpack.Progress] 40% building 97/112 modules 15 active /data/5e-admin/node_modules/vue-loader/lib/loaders/pitcher.js??ref--4!/data/5e-admin/node_modules/cache-loader/dist/cjs.js??ref--0-0!/data/5e-admin/node_modules/vue-loader/lib/index.js??vue-loader-options!/data/5e-admin/node_modules/eslint-loader/index.js??ref--13-0!/data/5e-admin/src/App.vue?vue&type=template&id=7ba5bd90
<s> [webpack.Progress] 40% building 98/112 modules 14 active /data/5e-admin/node_modules/core-js/internals/correct-is-regexp-logic.js
<s> [webpack.Progress] 40% building 98/113 modules 15 active /data/5e-admin/node_modules/vue-loader/lib/loaders/pitcher.js??ref--4!/data/5e-admin/node_modules/cache-loader/dist/cjs.js??ref--12-0!/data/5e-admin/node_modules/babel-loader/lib/index.js!/data/5e-admin/node_modules/cache-loader/dist/cjs.js??ref--0-0!/data/5e-admin/node_modules/vue-loader/lib/index.js??vue-loader-options!/data/5e-admin/node_modules/eslint-loader/index.js??ref--13-0!/data/5e-admin/node_modules/eslint-loader/index.js??ref--13-0!/data/5e-admin/src/App.vue?vue&type=script&lang=js
<s> [webpack.Progress] 40% building 99/113 modules 14 active /data/5e-admin/node_modules/core-js/internals/correct-is-regexp-logic.js
<s> [webpack.Progress] 40% building 99/114 modules 15 active /data/5e-admin/node_modules/cache-loader/dist/cjs.js??ref--12-0!/data/5e-admin/node_modules/babel-loader/lib/index.js!/data/5e-admin/node_modules/cache-loader/dist/cjs.js??ref--0-0!/data/5e-admin/node_modules/vue-loader/lib/index.js??vue-loader-options!/data/5e-admin/src/App.vue?vue&type=script&lang=js
<s> [webpack.Progress] 40% building 100/114 modules 14 active /data/5e-admin/node_modules/cache-loader/dist/cjs.js??ref--12-0!/data/5e-admin/node_modules/babel-loader/lib/index.js!/data/5e-admin/node_modules/cache-loader/dist/cjs.js??ref--0-0!/data/5e-admin/node_modules/vue-loader/lib/index.js??vue-loader-options!/data/5e-admin/src/App.vue?vue&type=script&lang=js
<s> [webpack.Progress] 40% building 100/115 modules 15 active /data/5e-admin/node_modules/core-js/internals/require-object-coercible.js
<s> [webpack.Progress] 40% building 101/115 modules 14 active /data/5e-admin/node_modules/core-js/internals/require-object-coercible.js
<s> [webpack.Progress] 40% building 102/115 modules 13 active /data/5e-admin/node_modules/core-js/internals/require-object-coercible.js
<s> [webpack.Progress] 40% building 102/116 modules 14 active /data/5e-admin/src/icons/svg sync nonrecursive /\.svg$/
<s> [webpack.Progress] 40% building 102/117 modules 15 active /data/5e-admin/node_modules/cache-loader/dist/cjs.js??ref--12-0!/data/5e-admin/node_modules/babel-loader/lib/index.js!/data/5e-admin/node_modules/@babel/runtime/helpers/esm/regeneratorDefine.js
<s> [webpack.Progress] 40% building 102/118 modules 16 active /data/5e-admin/node_modules/core-js/modules/es.symbol.js
<s> [webpack.Progress] 40% building 102/119 modules 17 active /data/5e-admin/node_modules/core-js/modules/es.symbol.description.js
<s> [webpack.Progress] 40% building 102/120 modules 18 active /data/5e-admin/node_modules/core-js/modules/es.object.get-prototype-of.js
<s> [webpack.Progress] 40% building 102/121 modules 19 active /data/5e-admin/node_modules/core-js/modules/es.object.set-prototype-of.js
<s> [webpack.Progress] 40% building 102/122 modules 20 active /data/5e-admin/node_modules/cache-loader/dist/cjs.js??ref--12-0!/data/5e-admin/node_modules/babel-loader/lib/index.js!/data/5e-admin/node_modules/@babel/runtime/helpers/esm/defineProperty.js
<s> [webpack.Progress] 40% building 102/123 modules 21 active /data/5e-admin/node_modules/core-js/modules/es.object.get-own-property-descriptor.js
<s> [webpack.Progress] 40% building 102/124 modules 22 active /data/5e-admin/node_modules/core-js/modules/es.object.get-own-property-descriptors.js
<s> [webpack.Progress] 40% building 102/125 modules 23 active /data/5e-admin/node_modules/core-js/internals/not-a-regexp.js
<s> [webpack.Progress] 40% building 102/126 modules 24 active /data/5e-admin/node_modules/core-js/internals/array-includes.js
<s> [webpack.Progress] 40% building 102/127 modules 25 active /data/5e-admin/node_modules/core-js/internals/call-with-safe-iteration-closing.js
<s> [webpack.Progress] 40% building 102/128 modules 26 active /data/5e-admin/node_modules/core-js/internals/iterator-create-proxy.js
<s> [webpack.Progress] 40% building 102/129 modules 27 active /data/5e-admin/node_modules/core-js/internals/iterators-core.js
<s> [webpack.Progress] 40% building 102/130 modules 28 active /data/5e-admin/node_modules/core-js/internals/has.js
<s> [webpack.Progress] 40% building 102/131 modules 29 active /data/5e-admin/node_modules/vue-style-loader/lib/listToStyles.js
<s> [webpack.Progress] 40% building 103/131 modules 28 active /data/5e-admin/node_modules/vue-style-loader/lib/listToStyles.js
<s> [webpack.Progress] 40% building 104/131 modules 27 active /data/5e-admin/node_modules/vue-style-loader/lib/listToStyles.js
<s> [webpack.Progress] 40% building 104/132 modules 28 active /data/5e-admin/node_modules/vue-loader/lib/runtime/componentNormalizer.js
<s> [webpack.Progress] 40% building 104/133 modules 29 active /data/5e-admin/node_modules/core-js/modules/es.array.reduce.js
<s> [webpack.Progress] 40% building 104/134 modules 30 active /data/5e-admin/node_modules/cache-loader/dist/cjs.js??ref--12-0!/data/5e-admin/node_modules/babel-loader/lib/index.js!/data/5e-admin/node_modules/@babel/runtime/helpers/esm/interopRequireWildcard.js
<s> [webpack.Progress] 40% building 104/135 modules 31 active /data/5e-admin/node_modules/core-js/modules/es.array.map.js
<s> [webpack.Progress] 40% building 104/136 modules 32 active /data/5e-admin/node_modules/core-js/modules/web.dom-collections.iterator.js
<s> [webpack.Progress] 40% building 104/137 modules 33 active /data/5e-admin/node_modules/core-js/modules/esnext.iterator.map.js
<s> [webpack.Progress] 40% building 104/138 modules 34 active /data/5e-admin/node_modules/core-js/modules/es.array.slice.js
<s> [webpack.Progress] 40% building 104/139 modules 35 active /data/5e-admin/node_modules/cache-loader/dist/cjs.js?{"cacheDirectory":"node_modules/.cache/vue-loader","cacheIdentifier":"f79bae76-vue-loader-template"}!/data/5e-admin/node_modules/vue-loader/lib/loaders/templateLoader.js??vue-loader-options!/data/5e-admin/node_modules/cache-loader/dist/cjs.js??ref--0-0!/data/5e-admin/node_modules/vue-loader/lib/index.js??vue-loader-options!/data/5e-admin/src/App.vue?vue&type=template&id=7ba5bd90
<s> [webpack.Progress] 40% building 105/139 modules 34 active /data/5e-admin/node_modules/cache-loader/dist/cjs.js?{"cacheDirectory":"node_modules/.cache/vue-loader","cacheIdentifier":"f79bae76-vue-loader-template"}!/data/5e-admin/node_modules/vue-loader/lib/loaders/templateLoader.js??vue-loader-options!/data/5e-admin/node_modules/cache-loader/dist/cjs.js??ref--0-0!/data/5e-admin/node_modules/vue-loader/lib/index.js??vue-loader-options!/data/5e-admin/src/App.vue?vue&type=template&id=7ba5bd90
<s> [webpack.Progress] 40% building 106/139 modules 33 active /data/5e-admin/node_modules/cache-loader/dist/cjs.js?{"cacheDirectory":"node_modules/.cache/vue-loader","cacheIdentifier":"f79bae76-vue-loader-template"}!/data/5e-admin/node_modules/vue-loader/lib/loaders/templateLoader.js??vue-loader-options!/data/5e-admin/node_modules/cache-loader/dist/cjs.js??ref--0-0!/data/5e-admin/node_modules/vue-loader/lib/index.js??vue-loader-options!/data/5e-admin/src/App.vue?vue&type=template&id=7ba5bd90
<s> [webpack.Progress] 40% building 107/139 modules 32 active /data/5e-admin/node_modules/cache-loader/dist/cjs.js?{"cacheDirectory":"node_modules/.cache/vue-loader","cacheIdentifier":"f79bae76-vue-loader-template"}!/data/5e-admin/node_modules/vue-loader/lib/loaders/templateLoader.js??vue-loader-options!/data/5e-admin/node_modules/cache-loader/dist/cjs.js??ref--0-0!/data/5e-admin/node_modules/vue-loader/lib/index.js??vue-loader-options!/data/5e-admin/src/App.vue?vue&type=template&id=7ba5bd90
<s> [webpack.Progress] 40% building 108/139 modules 31 active /data/5e-admin/node_modules/cache-loader/dist/cjs.js?{"cacheDirectory":"node_modules/.cache/vue-loader","cacheIdentifier":"f79bae76-vue-loader-template"}!/data/5e-admin/node_modules/vue-loader/lib/loaders/templateLoader.js??vue-loader-options!/data/5e-admin/node_modules/cache-loader/dist/cjs.js??ref--0-0!/data/5e-admin/node_modules/vue-loader/lib/index.js??vue-loader-options!/data/5e-admin/src/App.vue?vue&type=template&id=7ba5bd90
<s> [webpack.Progress] 40% building 109/139 modules 30 active /data/5e-admin/node_modules/cache-loader/dist/cjs.js?{"cacheDirectory":"node_modules/.cache/vue-loader","cacheIdentifier":"f79bae76-vue-loader-template"}!/data/5e-admin/node_modules/vue-loader/lib/loaders/templateLoader.js??vue-loader-options!/data/5e-admin/node_modules/cache-loader/dist/cjs.js??ref--0-0!/data/5e-admin/node_modules/vue-loader/lib/index.js??vue-loader-options!/data/5e-admin/src/App.vue?vue&type=template&id=7ba5bd90
<s> [webpack.Progress] 40% building 109/140 modules 31 active /data/5e-admin/node_modules/ansi-html-community/index.js
<s> [webpack.Progress] 40% building 110/140 modules 30 active /data/5e-admin/node_modules/ansi-html-community/index.js
<s> [webpack.Progress] 40% building 111/140 modules 29 active /data/5e-admin/node_modules/ansi-html-community/index.js
<s> [webpack.Progress] 40% building 111/141 modules 30 active /data/5e-admin/node_modules/nprogress/nprogress.js
<s> [webpack.Progress] 40% building 112/141 modules 29 active /data/5e-admin/node_modules/nprogress/nprogress.js
<s> [webpack.Progress] 40% building 112/142 modules 30 active /data/5e-admin/node_modules/vue-hot-reload-api/dist/index.js
<s> [webpack.Progress] 40% building 113/142 modules 29 active /data/5e-admin/node_modules/vue-hot-reload-api/dist/index.js
<s> [webpack.Progress] 40% building 114/142 modules 28 active /data/5e-admin/node_modules/vue-hot-reload-api/dist/index.js
<s> [webpack.Progress] 40% building 115/142 modules 27 active /data/5e-admin/node_modules/vue-hot-reload-api/dist/index.js
<s> [webpack.Progress] 40% building 116/142 modules 26 active /data/5e-admin/node_modules/vue-hot-reload-api/dist/index.js
<s> [webpack.Progress] 40% building 117/142 modules 25 active /data/5e-admin/node_modules/vue-hot-reload-api/dist/index.js
<s> [webpack.Progress] 40% building 118/142 modules 24 active /data/5e-admin/node_modules/vue-hot-reload-api/dist/index.js
<s> [webpack.Progress] 40% building 119/142 modules 23 active /data/5e-admin/node_modules/vue-hot-reload-api/dist/index.js
<s> [webpack.Progress] 40% building 120/142 modules 22 active /data/5e-admin/node_modules/vue-hot-reload-api/dist/index.js
<s> [webpack.Progress] 40% building 120/143 modules 23 active /data/5e-admin/node_modules/html-entities/lib/index.js
<s> [webpack.Progress] 40% building 121/143 modules 22 active /data/5e-admin/node_modules/html-entities/lib/index.js
<s> [webpack.Progress] 40% building 121/144 modules 23 active /data/5e-admin/node_modules/node-libs-browser/node_modules/punycode/punycode.js
<s> [webpack.Progress] 40% building 121/145 modules 24 active /data/5e-admin/node_modules/core-js/internals/indexed-object.js
<s> [webpack.Progress] 40% building 121/146 modules 25 active /data/5e-admin/node_modules/core-js/internals/object-create.js
<s> [webpack.Progress] 40% building 121/147 modules 26 active /data/5e-admin/node_modules/core-js/internals/object-define-property.js
<s> [webpack.Progress] 40% building 121/148 modules 27 active /data/5e-admin/node_modules/core-js/internals/native-weak-map.js
<s> [webpack.Progress] 40% building 121/149 modules 28 active /data/5e-admin/node_modules/core-js/internals/hidden-keys.js
<s> [webpack.Progress] 40% building 121/150 modules 29 active /data/5e-admin/node_modules/core-js/internals/copy-constructor-properties.js
<s> [webpack.Progress] 40% building 121/151 modules 30 active /data/5e-admin/node_modules/core-js/internals/set-global.js
<s> [webpack.Progress] 40% building 121/152 modules 31 active /data/5e-admin/node_modules/core-js/internals/object-get-own-property-descriptor.js
<s> [webpack.Progress] 40% building 121/153 modules 32 active /data/5e-admin/node_modules/core-js/internals/path.js
<s> [webpack.Progress] 40% building 121/154 modules 33 active /data/5e-admin/node_modules/core-js/internals/object-set-prototype-of.js
<s> [webpack.Progress] 40% building 121/155 modules 34 active /data/5e-admin/node_modules/core-js/internals/descriptors.js
<s> [webpack.Progress] 40% building 121/156 modules 35 active /data/5e-admin/node_modules/core-js/internals/object-get-prototype-of.js
<s> [webpack.Progress] 40% building 121/157 modules 36 active /data/5e-admin/node_modules/core-js/internals/create-iterator-constructor.js
<s> [webpack.Progress] 40% building 121/158 modules 37 active /data/5e-admin/node_modules/core-js/internals/shared-store.js
<s> [webpack.Progress] 40% building 121/159 modules 38 active /data/5e-admin/node_modules/core-js/internals/get-iterator-method.js
<s> [webpack.Progress] 40% building 121/160 modules 39 active /data/5e-admin/node_modules/core-js/internals/function-bind-context.js
<s> [webpack.Progress] 40% building 121/161 modules 40 active /data/5e-admin/node_modules/core-js/internals/engine-is-ios.js
<s> [webpack.Progress] 40% building 121/162 modules 41 active /data/5e-admin/node_modules/core-js/internals/document-create-element.js
<s> [webpack.Progress] 40% building 121/163 modules 42 active /data/5e-admin/node_modules/core-js/internals/html.js
<s> [webpack.Progress] 40% building 121/164 modules 43 active /data/5e-admin/node_modules/core-js/internals/to-length.js
<s> [webpack.Progress] 40% building 121/165 modules 44 active /data/5e-admin/node_modules/core-js/internals/is-array-iterator-method.js
<s> [webpack.Progress] 40% building 121/166 modules 45 active /data/5e-admin/node_modules/core-js/internals/array-species-create.js
<s> [webpack.Progress] 40% building 121/167 modules 46 active /data/5e-admin/node_modules/core-js/internals/object-keys-internal.js
<s> [webpack.Progress] 40% building 121/168 modules 47 active /data/5e-admin/node_modules/core-js/internals/enum-bug-keys.js
<s> [webpack.Progress] 40% building 121/169 modules 48 active /data/5e-admin/node_modules/core-js/internals/classof.js
<s> [webpack.Progress] 40% building 122/169 modules 47 active /data/5e-admin/node_modules/core-js/internals/classof.js
<s> [webpack.Progress] 40% building 122/170 modules 48 active /data/5e-admin/node_modules/core-js/internals/array-method-is-strict.js
<s> [webpack.Progress] 40% building 123/170 modules 47 active /data/5e-admin/node_modules/core-js/internals/array-method-is-strict.js
<s> [webpack.Progress] 40% building 124/170 modules 46 active /data/5e-admin/node_modules/core-js/internals/array-method-is-strict.js
<s> [webpack.Progress] 40% building 125/170 modules 45 active /data/5e-admin/node_modules/core-js/internals/array-method-is-strict.js
<s> [webpack.Progress] 40% building 126/170 modules 44 active /data/5e-admin/node_modules/core-js/internals/array-method-is-strict.js
<s> [webpack.Progress] 40% building 127/170 modules 43 active /data/5e-admin/node_modules/core-js/internals/array-method-is-strict.js
<s> [webpack.Progress] 40% building 128/170 modules 42 active /data/5e-admin/node_modules/core-js/internals/array-method-is-strict.js
<s> [webpack.Progress] 40% building 128/171 modules 43 active /data/5e-admin/node_modules/core-js/internals/engine-user-agent.js
<s> [webpack.Progress] 40% building 128/172 modules 44 active /data/5e-admin/node_modules/core-js/internals/use-symbol-as-uid.js
<s> [webpack.Progress] 40% building 129/172 modules 43 active /data/5e-admin/node_modules/core-js/internals/use-symbol-as-uid.js
<s> [webpack.Progress] 40% building 130/172 modules 42 active /data/5e-admin/node_modules/core-js/internals/use-symbol-as-uid.js
<s> [webpack.Progress] 40% building 131/172 modules 41 active /data/5e-admin/node_modules/core-js/internals/use-symbol-as-uid.js
<s> [webpack.Progress] 40% building 132/172 modules 40 active /data/5e-admin/node_modules/core-js/internals/use-symbol-as-uid.js
<s> [webpack.Progress] 40% building 133/172 modules 39 active /data/5e-admin/node_modules/core-js/internals/use-symbol-as-uid.js
<s> [webpack.Progress] 40% building 134/172 modules 38 active /data/5e-admin/node_modules/core-js/internals/use-symbol-as-uid.js
<s> [webpack.Progress] 40% building 135/172 modules 37 active /data/5e-admin/node_modules/core-js/internals/use-symbol-as-uid.js
<s> [webpack.Progress] 40% building 136/172 modules 36 active /data/5e-admin/node_modules/core-js/internals/use-symbol-as-uid.js
<s> [webpack.Progress] 40% building 136/173 modules 37 active /data/5e-admin/node_modules/loglevel/lib/loglevel.js
<s> [webpack.Progress] 40% building 136/174 modules 38 active /data/5e-admin/node_modules/core-js/internals/create-property.js
<s> [webpack.Progress] 40% building 136/175 modules 39 active /data/5e-admin/node_modules/cache-loader/dist/cjs.js??ref--12-0!/data/5e-admin/node_modules/babel-loader/lib/index.js!/data/5e-admin/node_modules/@babel/runtime/helpers/esm/toPropertyKey.js
<s> [webpack.Progress] 40% building 137/175 modules 38 active /data/5e-admin/node_modules/cache-loader/dist/cjs.js??ref--12-0!/data/5e-admin/node_modules/babel-loader/lib/index.js!/data/5e-admin/node_modules/@babel/runtime/helpers/esm/toPropertyKey.js
<s> [webpack.Progress] 40% building 137/176 modules 39 active /data/5e-admin/node_modules/core-js/internals/is-array.js
<s> [webpack.Progress] 40% building 138/176 modules 38 active /data/5e-admin/node_modules/core-js/internals/is-array.js
<s> [webpack.Progress] 40% building 138/177 modules 39 active /data/5e-admin/node_modules/cache-loader/dist/cjs.js??ref--12-0!/data/5e-admin/node_modules/babel-loader/lib/index.js!/data/5e-admin/node_modules/@babel/runtime/helpers/esm/typeof.js
<s> [webpack.Progress] 40% building 138/178 modules 40 active /data/5e-admin/node_modules/core-js/modules/es.weak-map.js
<s> [webpack.Progress] 40% building 138/179 modules 41 active /data/5e-admin/node_modules/core-js/modules/es.string.iterator.js
<s> [webpack.Progress] 40% building 138/180 modules 42 active /data/5e-admin/node_modules/sockjs-client/dist/sockjs.js
<s> [webpack.Progress] 40% building 139/180 modules 41 active /data/5e-admin/node_modules/sockjs-client/dist/sockjs.js
<s> [webpack.Progress] 40% building 140/180 modules 40 active /data/5e-admin/node_modules/sockjs-client/dist/sockjs.js
<s> [webpack.Progress] 40% building 140/181 modules 41 active /data/5e-admin/node_modules/webpack/buildin/module.js
<s> [webpack.Progress] 40% building 141/181 modules 40 active /data/5e-admin/node_modules/sockjs-client/dist/sockjs.js
<s> [webpack.Progress] 40% building 142/181 modules 39 active /data/5e-admin/node_modules/sockjs-client/dist/sockjs.js
<s> [webpack.Progress] 40% building 143/181 modules 38 active /data/5e-admin/node_modules/sockjs-client/dist/sockjs.js
<s> [webpack.Progress] 40% building 144/181 modules 37 active /data/5e-admin/node_modules/sockjs-client/dist/sockjs.js
<s> [webpack.Progress] 40% building 145/181 modules 36 active /data/5e-admin/node_modules/sockjs-client/dist/sockjs.js
<s> [webpack.Progress] 40% building 146/181 modules 35 active /data/5e-admin/node_modules/sockjs-client/dist/sockjs.js
<s> [webpack.Progress] 40% building 147/181 modules 34 active /data/5e-admin/node_modules/sockjs-client/dist/sockjs.js
<s> [webpack.Progress] 40% building 148/181 modules 33 active /data/5e-admin/node_modules/sockjs-client/dist/sockjs.js
<s> [webpack.Progress] 40% building 149/181 modules 32 active /data/5e-admin/node_modules/sockjs-client/dist/sockjs.js
<s> [webpack.Progress] 40% building 150/181 modules 31 active /data/5e-admin/node_modules/sockjs-client/dist/sockjs.js
<s> [webpack.Progress] 40% building 151/181 modules 30 active /data/5e-admin/node_modules/sockjs-client/dist/sockjs.js
<s> [webpack.Progress] 40% building 152/181 modules 29 active /data/5e-admin/node_modules/sockjs-client/dist/sockjs.js
<s> [webpack.Progress] 40% building 153/181 modules 28 active /data/5e-admin/node_modules/sockjs-client/dist/sockjs.js
<s> [webpack.Progress] 40% building 154/181 modules 27 active /data/5e-admin/node_modules/sockjs-client/dist/sockjs.js
<s> [webpack.Progress] 40% building 155/181 modules 26 active /data/5e-admin/node_modules/sockjs-client/dist/sockjs.js
<s> [webpack.Progress] 40% building 156/181 modules 25 active /data/5e-admin/node_modules/sockjs-client/dist/sockjs.js
<s> [webpack.Progress] 40% building 157/181 modules 24 active /data/5e-admin/node_modules/sockjs-client/dist/sockjs.js
<s> [webpack.Progress] 40% building 158/181 modules 23 active /data/5e-admin/node_modules/sockjs-client/dist/sockjs.js
<s> [webpack.Progress] 40% building 159/181 modules 22 active /data/5e-admin/node_modules/sockjs-client/dist/sockjs.js
<s> [webpack.Progress] 40% building 160/181 modules 21 active /data/5e-admin/node_modules/sockjs-client/dist/sockjs.js
<s> [webpack.Progress] 40% building 161/181 modules 20 active /data/5e-admin/node_modules/sockjs-client/dist/sockjs.js
<s> [webpack.Progress] 40% building 162/181 modules 19 active /data/5e-admin/node_modules/sockjs-client/dist/sockjs.js
<s> [webpack.Progress] 40% building 163/181 modules 18 active /data/5e-admin/node_modules/sockjs-client/dist/sockjs.js
<s> [webpack.Progress] 40% building 164/181 modules 17 active /data/5e-admin/node_modules/sockjs-client/dist/sockjs.js
<s> [webpack.Progress] 40% building 165/181 modules 16 active /data/5e-admin/node_modules/sockjs-client/dist/sockjs.js
<s> [webpack.Progress] 40% building 166/181 modules 15 active /data/5e-admin/node_modules/sockjs-client/dist/sockjs.js
<s> [webpack.Progress] 40% building 167/181 modules 14 active /data/5e-admin/node_modules/sockjs-client/dist/sockjs.js
<s> [webpack.Progress] 40% building 168/181 modules 13 active /data/5e-admin/node_modules/sockjs-client/dist/sockjs.js
<s> [webpack.Progress] 40% building 169/181 modules 12 active /data/5e-admin/node_modules/sockjs-client/dist/sockjs.js
<s> [webpack.Progress] 40% building 169/182 modules 13 active /data/5e-admin/node_modules/core-js/internals/regexp-exec.js
<s> [webpack.Progress] 40% building 169/183 modules 14 active /data/5e-admin/node_modules/core-js/internals/regexp-flags.js
<s> [webpack.Progress] 40% building 170/183 modules 13 active /data/5e-admin/node_modules/core-js/internals/regexp-flags.js
<s> [webpack.Progress] 40% building 170/184 modules 14 active /data/5e-admin/node_modules/core-js/internals/define-well-known-symbol.js
<s> [webpack.Progress] 40% building 171/184 modules 13 active /data/5e-admin/node_modules/core-js/internals/define-well-known-symbol.js
<s> [webpack.Progress] 40% building 171/185 modules 14 active /data/5e-admin/node_modules/core-js/internals/correct-prototype-getter.js
<s> [webpack.Progress] 40% building 172/185 modules 13 active /data/5e-admin/node_modules/core-js/internals/correct-prototype-getter.js
<s> [webpack.Progress] 40% building 172/186 modules 14 active /data/5e-admin/node_modules/core-js/internals/is-regexp.js
<s> [webpack.Progress] 40% building 172/187 modules 15 active /data/5e-admin/node_modules/core-js/internals/own-keys.js
<s> [webpack.Progress] 40% building 172/188 modules 16 active /data/5e-admin/node_modules/core-js/internals/well-known-symbol-wrapped.js
<s> [webpack.Progress] 40% building 172/189 modules 17 active /data/5e-admin/node_modules/core-js/internals/uid.js
<s> [webpack.Progress] 40% building 172/190 modules 18 active /data/5e-admin/node_modules/core-js/internals/shared-key.js
<s> [webpack.Progress] 40% building 172/191 modules 19 active /data/5e-admin/node_modules/core-js/internals/shared.js
<s> [webpack.Progress] 40% building 172/192 modules 20 active /data/5e-admin/node_modules/core-js/internals/object-property-is-enumerable.js
<s> [webpack.Progress] 40% building 172/193 modules 21 active /data/5e-admin/node_modules/core-js/internals/object-get-own-property-symbols.js
<s> [webpack.Progress] 40% building 172/194 modules 22 active /data/5e-admin/node_modules/core-js/internals/object-get-own-property-names-external.js
<s> [webpack.Progress] 40% building 172/195 modules 23 active /data/5e-admin/node_modules/core-js/internals/object-get-own-property-names.js
<s> [webpack.Progress] 40% building 172/196 modules 24 active /data/5e-admin/node_modules/core-js/internals/create-property-descriptor.js
<s> [webpack.Progress] 40% building 172/197 modules 25 active /data/5e-admin/node_modules/core-js/internals/to-primitive.js
<s> [webpack.Progress] 40% building 172/198 modules 26 active /data/5e-admin/node_modules/core-js/internals/native-symbol.js
<s> [webpack.Progress] 40% building 172/199 modules 27 active /data/5e-admin/node_modules/core-js/internals/to-absolute-index.js
<s> [webpack.Progress] 40% building 173/199 modules 26 active /data/5e-admin/node_modules/core-js/internals/to-absolute-index.js
<s> [webpack.Progress] 40% building 173/200 modules 27 active /data/5e-admin/node_modules/core-js/internals/array-reduce.js
<s> [webpack.Progress] 40% building 174/200 modules 26 active /data/5e-admin/node_modules/core-js/internals/array-reduce.js
<s> [webpack.Progress] 40% building 175/200 modules 25 active /data/5e-admin/node_modules/core-js/internals/array-reduce.js
<s> [webpack.Progress] 40% building 176/200 modules 24 active /data/5e-admin/node_modules/core-js/internals/array-reduce.js
<s> [webpack.Progress] 40% building 177/200 modules 23 active /data/5e-admin/node_modules/core-js/internals/array-reduce.js
<s> [webpack.Progress] 40% building 177/201 modules 24 active /data/5e-admin/node_modules/cache-loader/dist/cjs.js??ref--0-0!/data/5e-admin/node_modules/vue-loader/lib/index.js??vue-loader-options!/data/5e-admin/node_modules/eslint-loader/index.js??ref--13-0!/data/5e-admin/src/views/profile/index.vue
<s> [webpack.Progress] 40% building 177/202 modules 25 active /data/5e-admin/node_modules/cache-loader/dist/cjs.js??ref--0-0!/data/5e-admin/node_modules/vue-loader/lib/index.js??vue-loader-options!/data/5e-admin/node_modules/eslint-loader/index.js??ref--13-0!/data/5e-admin/src/views/error-page/401.vue
<s> [webpack.Progress] 40% building 178/202 modules 24 active /data/5e-admin/node_modules/cache-loader/dist/cjs.js??ref--0-0!/data/5e-admin/node_modules/vue-loader/lib/index.js??vue-loader-options!/data/5e-admin/node_modules/eslint-loader/index.js??ref--13-0!/data/5e-admin/src/views/error-page/401.vue
<s> [webpack.Progress] 40% building 179/202 modules 23 active /data/5e-admin/node_modules/cache-loader/dist/cjs.js??ref--0-0!/data/5e-admin/node_modules/vue-loader/lib/index.js??vue-loader-options!/data/5e-admin/node_modules/eslint-loader/index.js??ref--13-0!/data/5e-admin/src/views/error-page/401.vue
<s> [webpack.Progress] 40% building 179/203 modules 24 active /data/5e-admin/node_modules/cache-loader/dist/cjs.js??ref--12-0!/data/5e-admin/node_modules/babel-loader/lib/index.js!/data/5e-admin/node_modules/@babel/runtime/helpers/esm/toPrimitive.js
<s> [webpack.Progress] 40% building 179/204 modules 25 active /data/5e-admin/node_modules/core-js/modules/es.symbol.iterator.js
<s> [webpack.Progress] 40% building 180/204 modules 24 active /data/5e-admin/node_modules/core-js/modules/es.symbol.iterator.js
<s> [webpack.Progress] 40% building 181/204 modules 23 active /data/5e-admin/node_modules/core-js/modules/es.symbol.iterator.js
<s> [webpack.Progress] 40% building 181/205 modules 24 active /data/5e-admin/node_modules/html-entities/lib/xml-entities.js
<s> [webpack.Progress] 40% building 182/205 modules 23 active /data/5e-admin/node_modules/html-entities/lib/xml-entities.js
<s> [webpack.Progress] 40% building 182/206 modules 24 active /data/5e-admin/node_modules/html-entities/lib/html5-entities.js
<s> [webpack.Progress] 40% building 182/207 modules 25 active /data/5e-admin/node_modules/html-entities/lib/html4-entities.js
<s> [webpack.Progress] 40% building 183/207 modules 24 active /data/5e-admin/node_modules/html-entities/lib/html4-entities.js
<s> [webpack.Progress] 40% building 183/208 modules 25 active /data/5e-admin/node_modules/core-js/internals/ie8-dom-define.js
<s> [webpack.Progress] 40% building 183/209 modules 26 active /data/5e-admin/node_modules/core-js/internals/object-define-properties.js
<s> [webpack.Progress] 40% building 184/209 modules 25 active /data/5e-admin/node_modules/core-js/internals/object-define-properties.js
<s> [webpack.Progress] 40% building 184/210 modules 26 active /data/5e-admin/node_modules/core-js/internals/a-possible-prototype.js
<s> [webpack.Progress] 40% building 185/210 modules 25 active /data/5e-admin/node_modules/core-js/internals/a-possible-prototype.js
<s> [webpack.Progress] 40% building 186/210 modules 24 active /data/5e-admin/node_modules/core-js/internals/a-possible-prototype.js
<s> [webpack.Progress] 40% building 187/210 modules 23 active /data/5e-admin/node_modules/core-js/internals/a-possible-prototype.js
<s> [webpack.Progress] 40% building 188/210 modules 22 active /data/5e-admin/node_modules/core-js/internals/a-possible-prototype.js
<s> [webpack.Progress] 40% building 189/210 modules 21 active /data/5e-admin/node_modules/core-js/internals/a-possible-prototype.js
<s> [webpack.Progress] 40% building 190/210 modules 20 active /data/5e-admin/node_modules/core-js/internals/a-possible-prototype.js
<s> [webpack.Progress] 40% building 191/210 modules 19 active /data/5e-admin/node_modules/core-js/internals/a-possible-prototype.js
<s> [webpack.Progress] 40% building 192/210 modules 18 active /data/5e-admin/node_modules/core-js/internals/a-possible-prototype.js
<s> [webpack.Progress] 40% building 193/210 modules 17 active /data/5e-admin/node_modules/core-js/internals/a-possible-prototype.js
<s> [webpack.Progress] 40% building 193/211 modules 18 active /data/5e-admin/node_modules/core-js/internals/to-integer.js
<s> [webpack.Progress] 40% building 194/211 modules 17 active /data/5e-admin/node_modules/core-js/internals/to-integer.js
<s> [webpack.Progress] 40% building 195/211 modules 16 active /data/5e-admin/node_modules/core-js/internals/to-integer.js
<s> [webpack.Progress] 40% building 196/211 modules 15 active /data/5e-admin/node_modules/core-js/internals/to-integer.js
<s> [webpack.Progress] 40% building 197/211 modules 14 active /data/5e-admin/node_modules/core-js/internals/to-integer.js
<s> [webpack.Progress] 40% building 198/211 modules 13 active /data/5e-admin/node_modules/core-js/internals/to-integer.js
<s> [webpack.Progress] 40% building 198/212 modules 14 active /data/5e-admin/node_modules/element-ui/lib/popover.js
<s> [webpack.Progress] 40% building 198/213 modules 15 active /data/5e-admin/node_modules/element-ui/lib/radio.js
<s> [webpack.Progress] 40% building 198/214 modules 16 active /data/5e-admin/node_modules/element-ui/lib/cascader-panel.js
<s> [webpack.Progress] 40% building 198/215 modules 17 active /data/5e-admin/node_modules/element-ui/lib/input-number.js
<s> [webpack.Progress] 40% building 198/216 modules 18 active /data/5e-admin/node_modules/element-ui/lib/option.js
<s> [webpack.Progress] 40% building 198/217 modules 19 active /data/5e-admin/node_modules/element-ui/lib/select.js
<s> [webpack.Progress] 40% building 198/218 modules 20 active /data/5e-admin/node_modules/vue-loader/lib/loaders/pitcher.js??ref--4!/data/5e-admin/node_modules/cache-loader/dist/cjs.js??ref--0-0!/data/5e-admin/node_modules/vue-loader/lib/index.js??vue-loader-options!/data/5e-admin/node_modules/eslint-loader/index.js??ref--13-0!/data/5e-admin/src/views/profile/index.vue?vue&type=template&id=9792f17c
<s> [webpack.Progress] 40% building 199/218 modules 19 active /data/5e-admin/node_modules/element-ui/lib/select.js
<s> [webpack.Progress] 40% building 199/219 modules 20 active /data/5e-admin/node_modules/cache-loader/dist/cjs.js?{"cacheDirectory":"node_modules/.cache/vue-loader","cacheIdentifier":"f79bae76-vue-loader-template"}!/data/5e-admin/node_modules/vue-loader/lib/loaders/templateLoader.js??vue-loader-options!/data/5e-admin/node_modules/cache-loader/dist/cjs.js??ref--0-0!/data/5e-admin/node_modules/vue-loader/lib/index.js??vue-loader-options!/data/5e-admin/src/views/profile/index.vue?vue&type=template&id=9792f17c
<s> [webpack.Progress] 40% building 199/220 modules 21 active /data/5e-admin/node_modules/vue-loader/lib/loaders/pitcher.js??ref--4!/data/5e-admin/node_modules/cache-loader/dist/cjs.js??ref--0-0!/data/5e-admin/node_modules/vue-loader/lib/index.js??vue-loader-options!/data/5e-admin/node_modules/eslint-loader/index.js??ref--13-0!/data/5e-admin/src/views/error-page/401.vue?vue&type=template&id=cbc28918&scoped=true
<s> [webpack.Progress] 40% building 200/220 modules 20 active /data/5e-admin/node_modules/cache-loader/dist/cjs.js?{"cacheDirectory":"node_modules/.cache/vue-loader","cacheIdentifier":"f79bae76-vue-loader-template"}!/data/5e-admin/node_modules/vue-loader/lib/loaders/templateLoader.js??vue-loader-options!/data/5e-admin/node_modules/cache-loader/dist/cjs.js??ref--0-0!/data/5e-admin/node_modules/vue-loader/lib/index.js??vue-loader-options!/data/5e-admin/src/views/profile/index.vue?vue&type=template&id=9792f17c
<s> [webpack.Progress] 40% building 200/221 modules 21 active /data/5e-admin/node_modules/cache-loader/dist/cjs.js?{"cacheDirectory":"node_modules/.cache/vue-loader","cacheIdentifier":"f79bae76-vue-loader-template"}!/data/5e-admin/node_modules/vue-loader/lib/loaders/templateLoader.js??vue-loader-options!/data/5e-admin/node_modules/cache-loader/dist/cjs.js??ref--0-0!/data/5e-admin/node_modules/vue-loader/lib/index.js??vue-loader-options!/data/5e-admin/src/views/error-page/401.vue?vue&type=template&id=cbc28918&scoped=true
<s> [webpack.Progress] 40% building 201/221 modules 20 active /data/5e-admin/node_modules/cache-loader/dist/cjs.js?{"cacheDirectory":"node_modules/.cache/vue-loader","cacheIdentifier":"f79bae76-vue-loader-template"}!/data/5e-admin/node_modules/vue-loader/lib/loaders/templateLoader.js??vue-loader-options!/data/5e-admin/node_modules/cache-loader/dist/cjs.js??ref--0-0!/data/5e-admin/node_modules/vue-loader/lib/index.js??vue-loader-options!/data/5e-admin/src/views/error-page/401.vue?vue&type=template&id=cbc28918&scoped=true
<s> [webpack.Progress] 40% building 201/222 modules 21 active /data/5e-admin/node_modules/element-ui/lib/utils/date-util.js
<s> [webpack.Progress] 40% building 201/223 modules 22 active /data/5e-admin/node_modules/element-ui/lib/utils/aria-dialog.js
<s> [webpack.Progress] 40% building 201/224 modules 23 active /data/5e-admin/node_modules/element-ui/lib/utils/aria-utils.js
<s> [webpack.Progress] 40% building 202/224 modules 22 active /data/5e-admin/node_modules/element-ui/lib/utils/aria-utils.js
<s> [webpack.Progress] 40% building 203/224 modules 21 active /data/5e-admin/node_modules/element-ui/lib/utils/aria-utils.js
<s> [webpack.Progress] 40% building 203/225 modules 22 active /data/5e-admin/node_modules/core-js/internals/collection-weak.js
<s> [webpack.Progress] 40% building 203/226 modules 23 active /data/5e-admin/node_modules/core-js/internals/string-multibyte.js
<s> [webpack.Progress] 40% building 203/227 modules 24 active /data/5e-admin/node_modules/core-js/internals/collection.js
<s> [webpack.Progress] 40% building 204/227 modules 23 active /data/5e-admin/node_modules/core-js/internals/collection.js
<s> [webpack.Progress] 40% building 205/227 modules 22 active /data/5e-admin/node_modules/core-js/internals/collection.js
<s> [webpack.Progress] 40% building 206/227 modules 21 active /data/5e-admin/node_modules/core-js/internals/collection.js
<s> [webpack.Progress] 40% building 207/227 modules 20 active /data/5e-admin/node_modules/core-js/internals/collection.js
<s> [webpack.Progress] 40% building 208/227 modules 19 active /data/5e-admin/node_modules/core-js/internals/collection.js
<s> [webpack.Progress] 40% building 209/227 modules 18 active /data/5e-admin/node_modules/core-js/internals/collection.js
<s> [webpack.Progress] 40% building 209/228 modules 19 active /data/5e-admin/node_modules/vue-loader/lib/loaders/pitcher.js??ref--4!/data/5e-admin/node_modules/vue-style-loader/index.js??ref--8-oneOf-1-0!/data/5e-admin/node_modules/css-loader/dist/cjs.js??ref--8-oneOf-1-1!/data/5e-admin/node_modules/postcss-loader/src/index.js??ref--8-oneOf-1-2!/data/5e-admin/node_modules/sass-loader/dist/cjs.js??ref--8-oneOf-1-3!/data/5e-admin/node_modules/cache-loader/dist/cjs.js??ref--0-0!/data/5e-admin/node_modules/vue-loader/lib/index.js??vue-loader-options!/data/5e-admin/node_modules/eslint-loader/index.js??ref--13-0!/data/5e-admin/src/views/error-page/401.vue?vue&type=style&index=0&id=cbc28918&lang=scss&scoped=true
<s> [webpack.Progress] 40% building 210/228 modules 18 active /data/5e-admin/node_modules/core-js/internals/collection.js
<s> [webpack.Progress] 40% building 211/228 modules 17 active /data/5e-admin/node_modules/core-js/internals/collection.js
<s> [webpack.Progress] 40% building 211/229 modules 18 active /data/5e-admin/node_modules/vue-loader/lib/loaders/pitcher.js??ref--4!/data/5e-admin/node_modules/cache-loader/dist/cjs.js??ref--12-0!/data/5e-admin/node_modules/babel-loader/lib/index.js!/data/5e-admin/node_modules/cache-loader/dist/cjs.js??ref--0-0!/data/5e-admin/node_modules/vue-loader/lib/index.js??vue-loader-options!/data/5e-admin/node_modules/eslint-loader/index.js??ref--13-0!/data/5e-admin/node_modules/eslint-loader/index.js??ref--13-0!/data/5e-admin/src/views/error-page/401.vue?vue&type=script&lang=js
<s> [webpack.Progress] 40% building 212/229 modules 17 active /data/5e-admin/node_modules/core-js/internals/collection.js
<s> [webpack.Progress] 40% building 212/230 modules 18 active /data/5e-admin/node_modules/cache-loader/dist/cjs.js??ref--12-0!/data/5e-admin/node_modules/babel-loader/lib/index.js!/data/5e-admin/node_modules/cache-loader/dist/cjs.js??ref--0-0!/data/5e-admin/node_modules/vue-loader/lib/index.js??vue-loader-options!/data/5e-admin/src/views/error-page/401.vue?vue&type=script&lang=js
<s> [webpack.Progress] 40% building 212/231 modules 19 active /data/5e-admin/node_modules/core-js/internals/regexp-sticky-helpers.js
<s> [webpack.Progress] 40% building 212/232 modules 20 active /data/5e-admin/node_modules/core-js/internals/internal-metadata.js
<s> [webpack.Progress] 40% building 212/233 modules 21 active /data/5e-admin/node_modules/core-js/modules/es.symbol.to-primitive.js
<s> [webpack.Progress] 40% building 213/233 modules 20 active /data/5e-admin/node_modules/core-js/modules/es.symbol.to-primitive.js
<s> [webpack.Progress] 40% building 214/233 modules 19 active /data/5e-admin/node_modules/core-js/modules/es.symbol.to-primitive.js
<s> [webpack.Progress] 40% building 215/233 modules 18 active /data/5e-admin/node_modules/core-js/modules/es.symbol.to-primitive.js
<s> [webpack.Progress] 40% building 216/233 modules 17 active /data/5e-admin/node_modules/core-js/modules/es.symbol.to-primitive.js
<s> [webpack.Progress] 40% building 217/233 modules 16 active /data/5e-admin/node_modules/core-js/modules/es.symbol.to-primitive.js
<s> [webpack.Progress] 40% building 218/233 modules 15 active /data/5e-admin/node_modules/core-js/modules/es.symbol.to-primitive.js
<s> [webpack.Progress] 40% building 218/234 modules 16 active /data/5e-admin/node_modules/normalize-wheel/index.js
<s> [webpack.Progress] 40% building 218/235 modules 17 active /data/5e-admin/node_modules/url/node_modules/qs/lib/index.js
<s> [webpack.Progress] 40% building 218/236 modules 18 active /data/5e-admin/node_modules/core-js/modules/es.number.constructor.js
<s> [webpack.Progress] 40% building 219/236 modules 17 active /data/5e-admin/node_modules/core-js/modules/es.number.constructor.js
<s> [webpack.Progress] 40% building 220/236 modules 16 active /data/5e-admin/node_modules/core-js/modules/es.number.constructor.js
<s> [webpack.Progress] 40% building 221/236 modules 15 active /data/5e-admin/node_modules/core-js/modules/es.number.constructor.js
<s> [webpack.Progress] 40% building 222/236 modules 14 active /data/5e-admin/node_modules/core-js/modules/es.number.constructor.js
<s> [webpack.Progress] 40% building 223/236 modules 13 active /data/5e-admin/node_modules/core-js/modules/es.number.constructor.js
<s> [webpack.Progress] 40% building 223/237 modules 14 active /data/5e-admin/node_modules/core-js/modules/es.date.to-primitive.js
<s> [webpack.Progress] 40% building 223/238 modules 15 active /data/5e-admin/node_modules/vue-style-loader/index.js??ref--8-oneOf-1-0!/data/5e-admin/node_modules/css-loader/dist/cjs.js??ref--8-oneOf-1-1!/data/5e-admin/node_modules/vue-loader/lib/loaders/stylePostLoader.js!/data/5e-admin/node_modules/postcss-loader/src/index.js??ref--8-oneOf-1-2!/data/5e-admin/node_modules/sass-loader/dist/cjs.js??ref--8-oneOf-1-3!/data/5e-admin/node_modules/cache-loader/dist/cjs.js??ref--0-0!/data/5e-admin/node_modules/vue-loader/lib/index.js??vue-loader-options!/data/5e-admin/src/views/error-page/401.vue?vue&type=style&index=0&id=cbc28918&lang=scss&scoped=true
<s> [webpack.Progress] 40% building 224/238 modules 14 active /data/5e-admin/node_modules/core-js/modules/es.date.to-primitive.js
<s> [webpack.Progress] 40% building 224/239 modules 15 active /data/5e-admin/node_modules/css-loader/dist/cjs.js??ref--8-oneOf-1-1!/data/5e-admin/node_modules/vue-loader/lib/loaders/stylePostLoader.js!/data/5e-admin/node_modules/postcss-loader/src/index.js??ref--8-oneOf-1-2!/data/5e-admin/node_modules/sass-loader/dist/cjs.js??ref--8-oneOf-1-3!/data/5e-admin/node_modules/cache-loader/dist/cjs.js??ref--0-0!/data/5e-admin/node_modules/vue-loader/lib/index.js??vue-loader-options!/data/5e-admin/src/views/error-page/401.vue?vue&type=style&index=0&id=cbc28918&lang=scss&scoped=true
<s> [webpack.Progress] 40% building 224/240 modules 16 active /data/5e-admin/node_modules/throttle-debounce/index.js
<s> [webpack.Progress] 40% building 225/240 modules 15 active /data/5e-admin/node_modules/throttle-debounce/index.js
<s> [webpack.Progress] 40% building 226/240 modules 14 active /data/5e-admin/node_modules/throttle-debounce/index.js
<s> [webpack.Progress] 40% building 227/240 modules 13 active /data/5e-admin/node_modules/throttle-debounce/index.js
<s> [webpack.Progress] 40% building 228/240 modules 12 active /data/5e-admin/node_modules/throttle-debounce/index.js
<s> [webpack.Progress] 40% building 229/240 modules 11 active /data/5e-admin/node_modules/throttle-debounce/index.js
<s> [webpack.Progress] 40% building 230/240 modules 10 active /data/5e-admin/node_modules/throttle-debounce/index.js
<s> [webpack.Progress] 40% building 231/240 modules 9 active /data/5e-admin/node_modules/throttle-debounce/index.js
<s> [webpack.Progress] 40% building 232/240 modules 8 active /data/5e-admin/node_modules/throttle-debounce/index.js
<s> [webpack.Progress] 40% building 233/240 modules 7 active /data/5e-admin/node_modules/throttle-debounce/index.js
<s> [webpack.Progress] 40% building 234/240 modules 6 active /data/5e-admin/node_modules/throttle-debounce/index.js
<s> [webpack.Progress] 40% building 234/241 modules 7 active /data/5e-admin/node_modules/css-loader/dist/runtime/api.js
<s> [webpack.Progress] 40% building 235/241 modules 6 active /data/5e-admin/node_modules/css-loader/dist/runtime/api.js
<s> [webpack.Progress] 40% building 235/242 modules 7 active /data/5e-admin/node_modules/html-entities/lib/surrogate-pairs.js
<s> [webpack.Progress] 40% building 236/242 modules 6 active /data/5e-admin/node_modules/html-entities/lib/surrogate-pairs.js
<s> [webpack.Progress] 40% building 236/243 modules 7 active /data/5e-admin/node_modules/element-ui/lib/progress.js
<s> [webpack.Progress] 40% building 237/243 modules 6 active /data/5e-admin/node_modules/element-ui/lib/progress.js
<s> [webpack.Progress] 40% building 237/244 modules 7 active /data/5e-admin/node_modules/throttle-debounce/throttle.js
<s> [webpack.Progress] 40% building 237/245 modules 8 active /data/5e-admin/node_modules/cache-loader/dist/cjs.js??ref--0-0!/data/5e-admin/node_modules/vue-loader/lib/index.js??vue-loader-options!/data/5e-admin/node_modules/eslint-loader/index.js??ref--13-0!/data/5e-admin/src/components/SvgIcon/index.vue
<s> [webpack.Progress] 40% building 237/246 modules 9 active /data/5e-admin/node_modules/async-validator/es/index.js
<s> [webpack.Progress] 40% building 237/247 modules 10 active /data/5e-admin/node_modules/webpack-dev-server/node_modules/ansi-regex/index.js
<s> [webpack.Progress] 40% building 238/247 modules 9 active /data/5e-admin/node_modules/webpack-dev-server/node_modules/ansi-regex/index.js
<s> [webpack.Progress] 40% building 238/248 modules 10 active /data/5e-admin/node_modules/throttle-debounce/debounce.js
<s> [webpack.Progress] 40% building 238/249 modules 11 active /data/5e-admin/node_modules/svg-sprite-loader/lib/loader.js??ref--14-0!/data/5e-admin/src/icons/svg/404.svg
<s> [webpack.Progress] 40% building 238/250 modules 12 active /data/5e-admin/node_modules/svg-sprite-loader/lib/loader.js??ref--14-0!/data/5e-admin/src/icons/svg/zip.svg
<s> [webpack.Progress] 40% building 238/251 modules 13 active /data/5e-admin/node_modules/svg-sprite-loader/lib/loader.js??ref--14-0!/data/5e-admin/src/icons/svg/wechat.svg
<s> [webpack.Progress] 40% building 238/252 modules 14 active /data/5e-admin/node_modules/svg-sprite-loader/lib/loader.js??ref--14-0!/data/5e-admin/src/icons/svg/user.svg
<s> [webpack.Progress] 40% building 238/253 modules 15 active /data/5e-admin/node_modules/svg-sprite-loader/lib/loader.js??ref--14-0!/data/5e-admin/src/icons/svg/tree.svg
<s> [webpack.Progress] 40% building 238/254 modules 16 active /data/5e-admin/node_modules/svg-sprite-loader/lib/loader.js??ref--14-0!/data/5e-admin/src/icons/svg/tree-table.svg
<s> [webpack.Progress] 40% building 238/255 modules 17 active /data/5e-admin/node_modules/svg-sprite-loader/lib/loader.js??ref--14-0!/data/5e-admin/src/icons/svg/theme.svg
<s> [webpack.Progress] 40% building 238/256 modules 18 active /data/5e-admin/node_modules/svg-sprite-loader/lib/loader.js??ref--14-0!/data/5e-admin/src/icons/svg/table.svg
<s> [webpack.Progress] 40% building 238/257 modules 19 active /data/5e-admin/node_modules/svg-sprite-loader/lib/loader.js??ref--14-0!/data/5e-admin/src/icons/svg/tab.svg
<s> [webpack.Progress] 40% building 238/258 modules 20 active /data/5e-admin/node_modules/svg-sprite-loader/lib/loader.js??ref--14-0!/data/5e-admin/src/icons/svg/star.svg
<s> [webpack.Progress] 40% building 238/259 modules 21 active /data/5e-admin/node_modules/svg-sprite-loader/lib/loader.js??ref--14-0!/data/5e-admin/src/icons/svg/skill.svg
<s> [webpack.Progress] 40% building 238/260 modules 22 active /data/5e-admin/node_modules/svg-sprite-loader/lib/loader.js??ref--14-0!/data/5e-admin/src/icons/svg/size.svg
<s> [webpack.Progress] 40% building 238/261 modules 23 active /data/5e-admin/node_modules/svg-sprite-loader/lib/loader.js??ref--14-0!/data/5e-admin/src/icons/svg/shopping.svg
<s> [webpack.Progress] 40% building 238/262 modules 24 active /data/5e-admin/node_modules/svg-sprite-loader/lib/loader.js??ref--14-0!/data/5e-admin/src/icons/svg/search.svg
<s> [webpack.Progress] 40% building 238/263 modules 25 active /data/5e-admin/node_modules/svg-sprite-loader/lib/loader.js??ref--14-0!/data/5e-admin/src/icons/svg/qq.svg
<s> [webpack.Progress] 40% building 238/264 modules 26 active /data/5e-admin/node_modules/svg-sprite-loader/lib/loader.js??ref--14-0!/data/5e-admin/src/icons/svg/peoples.svg
<s> [webpack.Progress] 40% building 238/265 modules 27 active /data/5e-admin/node_modules/svg-sprite-loader/lib/loader.js??ref--14-0!/data/5e-admin/src/icons/svg/people.svg
<s> [webpack.Progress] 40% building 238/266 modules 28 active /data/5e-admin/node_modules/svg-sprite-loader/lib/loader.js??ref--14-0!/data/5e-admin/src/icons/svg/pdf.svg
<s> [webpack.Progress] 40% building 238/267 modules 29 active /data/5e-admin/node_modules/svg-sprite-loader/lib/loader.js??ref--14-0!/data/5e-admin/src/icons/svg/password.svg
<s> [webpack.Progress] 40% building 238/268 modules 30 active /data/5e-admin/node_modules/svg-sprite-loader/lib/loader.js??ref--14-0!/data/5e-admin/src/icons/svg/nested.svg
<s> [webpack.Progress] 40% building 238/269 modules 31 active /data/5e-admin/node_modules/svg-sprite-loader/lib/loader.js??ref--14-0!/data/5e-admin/src/icons/svg/money.svg
<s> [webpack.Progress] 40% building 238/270 modules 32 active /data/5e-admin/node_modules/svg-sprite-loader/lib/loader.js??ref--14-0!/data/5e-admin/src/icons/svg/message.svg
<s> [webpack.Progress] 40% building 238/271 modules 33 active /data/5e-admin/node_modules/svg-sprite-loader/lib/loader.js??ref--14-0!/data/5e-admin/src/icons/svg/lock.svg
<s> [webpack.Progress] 40% building 238/272 modules 34 active /data/5e-admin/node_modules/svg-sprite-loader/lib/loader.js??ref--14-0!/data/5e-admin/src/icons/svg/list.svg
<s> [webpack.Progress] 40% building 238/273 modules 35 active /data/5e-admin/node_modules/svg-sprite-loader/lib/loader.js??ref--14-0!/data/5e-admin/src/icons/svg/link.svg
<s> [webpack.Progress] 40% building 238/274 modules 36 active /data/5e-admin/node_modules/svg-sprite-loader/lib/loader.js??ref--14-0!/data/5e-admin/src/icons/svg/language.svg
<s> [webpack.Progress] 40% building 238/275 modules 37 active /data/5e-admin/node_modules/svg-sprite-loader/lib/loader.js??ref--14-0!/data/5e-admin/src/icons/svg/international.svg
<s> [webpack.Progress] 40% building 238/276 modules 38 active /data/5e-admin/node_modules/svg-sprite-loader/lib/loader.js??ref--14-0!/data/5e-admin/src/icons/svg/icon.svg
<s> [webpack.Progress] 40% building 238/277 modules 39 active /data/5e-admin/node_modules/svg-sprite-loader/lib/loader.js??ref--14-0!/data/5e-admin/src/icons/svg/guide.svg
<s> [webpack.Progress] 40% building 238/278 modules 40 active /data/5e-admin/node_modules/svg-sprite-loader/lib/loader.js??ref--14-0!/data/5e-admin/src/icons/svg/fullscreen.svg
<s> [webpack.Progress] 40% building 238/279 modules 41 active /data/5e-admin/node_modules/svg-sprite-loader/lib/loader.js??ref--14-0!/data/5e-admin/src/icons/svg/form.svg
<s> [webpack.Progress] 40% building 238/280 modules 42 active /data/5e-admin/node_modules/svg-sprite-loader/lib/loader.js??ref--14-0!/data/5e-admin/src/icons/svg/eye.svg
<s> [webpack.Progress] 40% building 238/281 modules 43 active /data/5e-admin/node_modules/svg-sprite-loader/lib/loader.js??ref--14-0!/data/5e-admin/src/icons/svg/eye-open.svg
<s> [webpack.Progress] 40% building 238/282 modules 44 active /data/5e-admin/node_modules/svg-sprite-loader/lib/loader.js??ref--14-0!/data/5e-admin/src/icons/svg/exit-fullscreen.svg
<s> [webpack.Progress] 40% building 238/283 modules 45 active /data/5e-admin/node_modules/svg-sprite-loader/lib/loader.js??ref--14-0!/data/5e-admin/src/icons/svg/excel.svg
<s> [webpack.Progress] 40% building 238/284 modules 46 active /data/5e-admin/node_modules/svg-sprite-loader/lib/loader.js??ref--14-0!/data/5e-admin/src/icons/svg/example.svg
<s> [webpack.Progress] 40% building 238/285 modules 47 active /data/5e-admin/node_modules/svg-sprite-loader/lib/loader.js??ref--14-0!/data/5e-admin/src/icons/svg/email.svg
<s> [webpack.Progress] 40% building 238/286 modules 48 active /data/5e-admin/node_modules/svg-sprite-loader/lib/loader.js??ref--14-0!/data/5e-admin/src/icons/svg/education.svg
<s> [webpack.Progress] 40% building 238/287 modules 49 active /data/5e-admin/node_modules/svg-sprite-loader/lib/loader.js??ref--14-0!/data/5e-admin/src/icons/svg/edit.svg
<s> [webpack.Progress] 40% building 238/288 modules 50 active /data/5e-admin/node_modules/svg-sprite-loader/lib/loader.js??ref--14-0!/data/5e-admin/src/icons/svg/drag.svg
<s> [webpack.Progress] 40% building 238/289 modules 51 active /data/5e-admin/node_modules/svg-sprite-loader/lib/loader.js??ref--14-0!/data/5e-admin/src/icons/svg/documentation.svg
<s> [webpack.Progress] 40% building 238/290 modules 52 active /data/5e-admin/node_modules/svg-sprite-loader/lib/loader.js??ref--14-0!/data/5e-admin/src/icons/svg/dashboard.svg
<s> [webpack.Progress] 40% building 238/291 modules 53 active /data/5e-admin/node_modules/svg-sprite-loader/lib/loader.js??ref--14-0!/data/5e-admin/src/icons/svg/component.svg
<s> [webpack.Progress] 40% building 238/292 modules 54 active /data/5e-admin/node_modules/svg-sprite-loader/lib/loader.js??ref--14-0!/data/5e-admin/src/icons/svg/clipboard.svg
<s> [webpack.Progress] 40% building 238/293 modules 55 active /data/5e-admin/node_modules/svg-sprite-loader/lib/loader.js??ref--14-0!/data/5e-admin/src/icons/svg/chart.svg
<s> [webpack.Progress] 40% building 238/294 modules 56 active /data/5e-admin/node_modules/svg-sprite-loader/lib/loader.js??ref--14-0!/data/5e-admin/src/icons/svg/bug.svg
<s> [webpack.Progress] 40% building 238/295 modules 57 active /data/5e-admin/node_modules/element-ui/lib/utils/after-leave.js
<s> [webpack.Progress] 40% building 238/296 modules 58 active /data/5e-admin/node_modules/element-ui/lib/checkbox-group.js
<s> [webpack.Progress] 40% building 238/297 modules 59 active /data/5e-admin/node_modules/normalize-wheel/src/normalizeWheel.js
<s> [webpack.Progress] 40% building 238/298 modules 60 active /data/5e-admin/node_modules/core-js/internals/inherit-if-required.js
<s> [webpack.Progress] 40% building 239/298 modules 59 active /data/5e-admin/node_modules/core-js/internals/inherit-if-required.js
<s> [webpack.Progress] 40% building 239/299 modules 60 active /data/5e-admin/node_modules/element-ui/lib/utils/scrollbar-width.js
<s> [webpack.Progress] 40% building 239/300 modules 61 active /data/5e-admin/node_modules/element-ui/lib/tag.js
<s> [webpack.Progress] 40% building 239/301 modules 62 active /data/5e-admin/node_modules/element-ui/lib/button-group.js
<s> [webpack.Progress] 40% building 239/302 modules 63 active /data/5e-admin/node_modules/element-ui/lib/utils/lodash.js
<s> [webpack.Progress] 40% building 239/303 modules 64 active /data/5e-admin/node_modules/element-ui/lib/utils/scroll-into-view.js
<s> [webpack.Progress] 40% building 239/304 modules 65 active /data/5e-admin/node_modules/element-ui/lib/tooltip.js
<s> [webpack.Progress] 40% building 239/305 modules 66 active /data/5e-admin/node_modules/element-ui/lib/utils/vdom.js
<s> [webpack.Progress] 40% building 239/306 modules 67 active /data/5e-admin/node_modules/element-ui/lib/utils/date.js
<s> [webpack.Progress] 40% building 239/307 modules 68 active /data/5e-admin/node_modules/element-ui/lib/utils/shared.js
<s> [webpack.Progress] 40% building 239/308 modules 69 active /data/5e-admin/node_modules/element-ui/lib/scrollbar.js
<s> [webpack.Progress] 40% building 240/308 modules 68 active /data/5e-admin/node_modules/element-ui/lib/scrollbar.js
<s> [webpack.Progress] 40% building 241/308 modules 67 active /data/5e-admin/node_modules/element-ui/lib/scrollbar.js
<s> [webpack.Progress] 40% building 241/309 modules 68 active /data/5e-admin/node_modules/element-ui/lib/utils/types.js
<s> [webpack.Progress] 40% building 242/309 modules 67 active /data/5e-admin/node_modules/element-ui/lib/utils/types.js
<s> [webpack.Progress] 40% building 242/310 modules 68 active /data/5e-admin/node_modules/core-js/internals/freezing.js
<s> [webpack.Progress] 40% building 243/310 modules 67 active /data/5e-admin/node_modules/core-js/internals/freezing.js
<s> [webpack.Progress] 40% building 243/311 modules 68 active /data/5e-admin/node_modules/vue-loader/lib/loaders/pitcher.js??ref--4!/data/5e-admin/node_modules/cache-loader/dist/cjs.js??ref--0-0!/data/5e-admin/node_modules/vue-loader/lib/index.js??vue-loader-options!/data/5e-admin/node_modules/eslint-loader/index.js??ref--13-0!/data/5e-admin/src/components/SvgIcon/index.vue?vue&type=template&id=c8a70580&scoped=true
<s> [webpack.Progress] 40% building 244/311 modules 67 active /data/5e-admin/node_modules/core-js/internals/freezing.js
<s> [webpack.Progress] 40% building 244/312 modules 68 active /data/5e-admin/node_modules/cache-loader/dist/cjs.js?{"cacheDirectory":"node_modules/.cache/vue-loader","cacheIdentifier":"f79bae76-vue-loader-template"}!/data/5e-admin/node_modules/vue-loader/lib/loaders/templateLoader.js??vue-loader-options!/data/5e-admin/node_modules/cache-loader/dist/cjs.js??ref--0-0!/data/5e-admin/node_modules/vue-loader/lib/index.js??vue-loader-options!/data/5e-admin/src/components/SvgIcon/index.vue?vue&type=template&id=c8a70580&scoped=true
<s> [webpack.Progress] 40% building 245/312 modules 67 active /data/5e-admin/node_modules/cache-loader/dist/cjs.js?{"cacheDirectory":"node_modules/.cache/vue-loader","cacheIdentifier":"f79bae76-vue-loader-template"}!/data/5e-admin/node_modules/vue-loader/lib/loaders/templateLoader.js??vue-loader-options!/data/5e-admin/node_modules/cache-loader/dist/cjs.js??ref--0-0!/data/5e-admin/node_modules/vue-loader/lib/index.js??vue-loader-options!/data/5e-admin/src/components/SvgIcon/index.vue?vue&type=template&id=c8a70580&scoped=true
<s> [webpack.Progress] 40% building 245/313 modules 68 active /data/5e-admin/node_modules/url/node_modules/qs/lib/stringify.js
<s> [webpack.Progress] 40% building 245/314 modules 69 active /data/5e-admin/node_modules/element-ui/lib/mixins/focus.js
<s> [webpack.Progress] 40% building 245/315 modules 70 active /data/5e-admin/node_modules/element-ui/lib/transitions/collapse-transition.js
<s> [webpack.Progress] 40% building 245/316 modules 71 active /data/5e-admin/node_modules/url/node_modules/qs/lib/formats.js
<s> [webpack.Progress] 40% building 245/317 modules 72 active /data/5e-admin/node_modules/core-js/internals/string-trim.js
<s> [webpack.Progress] 40% building 245/318 modules 73 active /data/5e-admin/node_modules/url/node_modules/qs/lib/parse.js
<s> [webpack.Progress] 40% building 245/319 modules 74 active /data/5e-admin/node_modules/core-js/internals/date-to-primitive.js
<s> [webpack.Progress] 40% building 246/319 modules 73 active /data/5e-admin/node_modules/core-js/internals/date-to-primitive.js
<s> [webpack.Progress] 40% building 247/319 modules 72 active /data/5e-admin/node_modules/core-js/internals/date-to-primitive.js
<s> [webpack.Progress] 40% building 248/319 modules 71 active /data/5e-admin/node_modules/core-js/internals/date-to-primitive.js
<s> [webpack.Progress] 40% building 249/319 modules 70 active /data/5e-admin/node_modules/core-js/internals/date-to-primitive.js
<s> [webpack.Progress] 40% building 250/319 modules 69 active /data/5e-admin/node_modules/core-js/internals/date-to-primitive.js
<s> [webpack.Progress] 40% building 251/319 modules 68 active /data/5e-admin/node_modules/core-js/internals/date-to-primitive.js
<s> [webpack.Progress] 40% building 252/319 modules 67 active /data/5e-admin/node_modules/core-js/internals/date-to-primitive.js
<s> [webpack.Progress] 40% building 253/319 modules 66 active /data/5e-admin/node_modules/core-js/internals/date-to-primitive.js
<s> [webpack.Progress] 40% building 254/319 modules 65 active /data/5e-admin/node_modules/core-js/internals/date-to-primitive.js
<s> [webpack.Progress] 40% building 255/319 modules 64 active /data/5e-admin/node_modules/core-js/internals/date-to-primitive.js
<s> [webpack.Progress] 40% building 256/319 modules 63 active /data/5e-admin/node_modules/core-js/internals/date-to-primitive.js
<s> [webpack.Progress] 40% building 257/319 modules 62 active /data/5e-admin/node_modules/core-js/internals/date-to-primitive.js
<s> [webpack.Progress] 40% building 258/319 modules 61 active /data/5e-admin/node_modules/core-js/internals/date-to-primitive.js
<s> [webpack.Progress] 41% building 259/319 modules 60 active /data/5e-admin/node_modules/core-js/internals/date-to-primitive.js
<s> [webpack.Progress] 41% building 260/319 modules 59 active /data/5e-admin/node_modules/core-js/internals/date-to-primitive.js
<s> [webpack.Progress] 41% building 261/319 modules 58 active /data/5e-admin/node_modules/core-js/internals/date-to-primitive.js
<s> [webpack.Progress] 41% building 262/319 modules 57 active /data/5e-admin/node_modules/core-js/internals/date-to-primitive.js
<s> [webpack.Progress] 41% building 263/319 modules 56 active /data/5e-admin/node_modules/core-js/internals/date-to-primitive.js
<s> [webpack.Progress] 41% building 264/319 modules 55 active /data/5e-admin/node_modules/core-js/internals/date-to-primitive.js
<s> [webpack.Progress] 41% building 265/319 modules 54 active /data/5e-admin/node_modules/core-js/internals/date-to-primitive.js
<s> [webpack.Progress] 41% building 266/319 modules 53 active /data/5e-admin/node_modules/core-js/internals/date-to-primitive.js
<s> [webpack.Progress] 42% building 267/319 modules 52 active /data/5e-admin/node_modules/core-js/internals/date-to-primitive.js
<s> [webpack.Progress] 42% building 268/319 modules 51 active /data/5e-admin/node_modules/core-js/internals/date-to-primitive.js
<s> [webpack.Progress] 42% building 269/319 modules 50 active /data/5e-admin/node_modules/core-js/internals/date-to-primitive.js
<s> [webpack.Progress] 42% building 270/319 modules 49 active /data/5e-admin/node_modules/core-js/internals/date-to-primitive.js
<s> [webpack.Progress] 42% building 271/319 modules 48 active /data/5e-admin/node_modules/core-js/internals/date-to-primitive.js
<s> [webpack.Progress] 42% building 272/319 modules 47 active /data/5e-admin/node_modules/core-js/internals/date-to-primitive.js
<s> [webpack.Progress] 42% building 273/319 modules 46 active /data/5e-admin/node_modules/core-js/internals/date-to-primitive.js
<s> [webpack.Progress] 42% building 274/319 modules 45 active /data/5e-admin/node_modules/core-js/internals/date-to-primitive.js
<s> [webpack.Progress] 43% building 275/319 modules 44 active /data/5e-admin/node_modules/core-js/internals/date-to-primitive.js
<s> [webpack.Progress] 43% building 276/319 modules 43 active /data/5e-admin/node_modules/core-js/internals/date-to-primitive.js
<s> [webpack.Progress] 43% building 277/319 modules 42 active /data/5e-admin/node_modules/core-js/internals/date-to-primitive.js
<s> [webpack.Progress] 43% building 278/319 modules 41 active /data/5e-admin/node_modules/core-js/internals/date-to-primitive.js
<s> [webpack.Progress] 43% building 279/319 modules 40 active /data/5e-admin/node_modules/core-js/internals/date-to-primitive.js
<s> [webpack.Progress] 43% building 280/319 modules 39 active /data/5e-admin/node_modules/core-js/internals/date-to-primitive.js
<s> [webpack.Progress] 43% building 281/319 modules 38 active /data/5e-admin/node_modules/core-js/internals/date-to-primitive.js
<s> [webpack.Progress] 43% building 282/319 modules 37 active /data/5e-admin/node_modules/core-js/internals/date-to-primitive.js
<s> [webpack.Progress] 43% building 283/319 modules 36 active /data/5e-admin/node_modules/core-js/internals/date-to-primitive.js
<s> [webpack.Progress] 44% building 284/319 modules 35 active /data/5e-admin/node_modules/core-js/internals/date-to-primitive.js
<s> [webpack.Progress] 44% building 285/319 modules 34 active /data/5e-admin/node_modules/core-js/internals/date-to-primitive.js
<s> [webpack.Progress] 44% building 286/319 modules 33 active /data/5e-admin/node_modules/core-js/internals/date-to-primitive.js
<s> [webpack.Progress] 44% building 287/319 modules 32 active /data/5e-admin/node_modules/core-js/internals/date-to-primitive.js
<s> [webpack.Progress] 44% building 288/319 modules 31 active /data/5e-admin/node_modules/core-js/internals/date-to-primitive.js
<s> [webpack.Progress] 44% building 289/319 modules 30 active /data/5e-admin/node_modules/core-js/internals/date-to-primitive.js
<s> [webpack.Progress] 44% building 290/319 modules 29 active /data/5e-admin/node_modules/core-js/internals/date-to-primitive.js
<s> [webpack.Progress] 44% building 291/319 modules 28 active /data/5e-admin/node_modules/core-js/internals/date-to-primitive.js
<s> [webpack.Progress] 45% building 292/319 modules 27 active /data/5e-admin/node_modules/core-js/internals/date-to-primitive.js
<s> [webpack.Progress] 45% building 293/319 modules 26 active /data/5e-admin/node_modules/core-js/internals/date-to-primitive.js
<s> [webpack.Progress] 45% building 294/319 modules 25 active /data/5e-admin/node_modules/core-js/internals/date-to-primitive.js
<s> [webpack.Progress] 45% building 295/319 modules 24 active /data/5e-admin/node_modules/core-js/internals/date-to-primitive.js
<s> [webpack.Progress] 45% building 296/319 modules 23 active /data/5e-admin/node_modules/core-js/internals/date-to-primitive.js
<s> [webpack.Progress] 45% building 297/319 modules 22 active /data/5e-admin/node_modules/core-js/internals/date-to-primitive.js
<s> [webpack.Progress] 45% building 298/319 modules 21 active /data/5e-admin/node_modules/core-js/internals/date-to-primitive.js
<s> [webpack.Progress] 45% building 299/319 modules 20 active /data/5e-admin/node_modules/core-js/internals/date-to-primitive.js
<s> [webpack.Progress] 46% building 300/319 modules 19 active /data/5e-admin/node_modules/core-js/internals/date-to-primitive.js
<s> [webpack.Progress] 46% building 301/319 modules 18 active /data/5e-admin/node_modules/core-js/internals/date-to-primitive.js
<s> [webpack.Progress] 46% building 302/319 modules 17 active /data/5e-admin/node_modules/core-js/internals/date-to-primitive.js
<s> [webpack.Progress] 46% building 303/319 modules 16 active /data/5e-admin/node_modules/core-js/internals/date-to-primitive.js
<s> [webpack.Progress] 46% building 304/319 modules 15 active /data/5e-admin/node_modules/core-js/internals/date-to-primitive.js
<s> [webpack.Progress] 46% building 305/319 modules 14 active /data/5e-admin/node_modules/core-js/internals/date-to-primitive.js
<s> [webpack.Progress] 46% building 306/319 modules 13 active /data/5e-admin/node_modules/core-js/internals/date-to-primitive.js
<s> [webpack.Progress] 46% building 307/319 modules 12 active /data/5e-admin/node_modules/core-js/internals/date-to-primitive.js
<s> [webpack.Progress] 46% building 308/319 modules 11 active /data/5e-admin/node_modules/core-js/internals/date-to-primitive.js
<s> [webpack.Progress] 47% building 309/319 modules 10 active /data/5e-admin/node_modules/core-js/internals/date-to-primitive.js
<s> [webpack.Progress] 47% building 309/320 modules 11 active /data/5e-admin/node_modules/element-ui/lib/utils/dom.js
<s> [webpack.Progress] 47% building 309/321 modules 12 active /data/5e-admin/node_modules/element-ui/lib/mixins/emitter.js
<s> [webpack.Progress] 47% building 309/322 modules 13 active /data/5e-admin/node_modules/element-ui/lib/input.js
<s> [webpack.Progress] 47% building 309/323 modules 14 active /data/5e-admin/node_modules/element-ui/lib/utils/util.js
<s> [webpack.Progress] 47% building 310/323 modules 13 active /data/5e-admin/node_modules/element-ui/lib/utils/util.js
<s> [webpack.Progress] 47% building 310/324 modules 14 active /data/5e-admin/node_modules/element-ui/lib/mixins/locale.js
<s> [webpack.Progress] 47% building 311/324 modules 13 active /data/5e-admin/node_modules/element-ui/lib/mixins/locale.js
<s> [webpack.Progress] 47% building 312/324 modules 12 active /data/5e-admin/node_modules/element-ui/lib/mixins/locale.js
<s> [webpack.Progress] 47% building 313/324 modules 11 active /data/5e-admin/node_modules/element-ui/lib/mixins/locale.js
<s> [webpack.Progress] 47% building 314/324 modules 10 active /data/5e-admin/node_modules/element-ui/lib/mixins/locale.js
<s> [webpack.Progress] 47% building 314/325 modules 11 active /data/5e-admin/node_modules/element-ui/lib/utils/vue-popper.js
<s> [webpack.Progress] 47% building 315/325 modules 10 active /data/5e-admin/node_modules/element-ui/lib/utils/vue-popper.js
<s> [webpack.Progress] 47% building 316/325 modules 9 active /data/5e-admin/node_modules/element-ui/lib/utils/vue-popper.js
<s> [webpack.Progress] 47% building 316/326 modules 10 active /data/5e-admin/node_modules/babel-helper-vue-jsx-merge-props/index.js
<s> [webpack.Progress] 47% building 316/327 modules 11 active /data/5e-admin/node_modules/webpack/buildin/amd-options.js
<s> [webpack.Progress] 47% building 316/328 modules 12 active /data/5e-admin/node_modules/url-loader/dist/cjs.js??ref--1-0!/data/5e-admin/src/assets/401_images/401.gif
<s> [webpack.Progress] 47% building 316/329 modules 13 active /data/5e-admin/node_modules/async-validator/es/messages.js
<s> [webpack.Progress] 47% building 316/330 modules 14 active /data/5e-admin/node_modules/async-validator/es/util.js
<s> [webpack.Progress] 48% building 317/330 modules 13 active /data/5e-admin/node_modules/async-validator/es/util.js
<s> [webpack.Progress] 48% building 318/330 modules 12 active /data/5e-admin/node_modules/async-validator/es/util.js
<s> [webpack.Progress] 48% building 319/330 modules 11 active /data/5e-admin/node_modules/async-validator/es/util.js
<s> [webpack.Progress] 48% building 320/330 modules 10 active /data/5e-admin/node_modules/async-validator/es/util.js
<s> [webpack.Progress] 48% building 321/330 modules 9 active /data/5e-admin/node_modules/async-validator/es/util.js
<s> [webpack.Progress] 48% building 322/330 modules 8 active /data/5e-admin/node_modules/async-validator/es/util.js
<s> [webpack.Progress] 48% building 322/331 modules 9 active /data/5e-admin/node_modules/normalize-wheel/src/UserAgent_DEPRECATED.js
<s> [webpack.Progress] 48% building 322/332 modules 10 active /data/5e-admin/node_modules/normalize-wheel/src/isEventSupported.js
<s> [webpack.Progress] 48% building 323/332 modules 9 active /data/5e-admin/node_modules/normalize-wheel/src/isEventSupported.js
<s> [webpack.Progress] 48% building 324/332 modules 8 active /data/5e-admin/node_modules/normalize-wheel/src/isEventSupported.js
<s> [webpack.Progress] 48% building 324/333 modules 9 active /data/5e-admin/node_modules/element-ui/lib/locale/index.js
<s> [webpack.Progress] 48% building 324/334 modules 10 active /data/5e-admin/node_modules/async-validator/es/validator/index.js
<s> [webpack.Progress] 49% building 325/334 modules 9 active /data/5e-admin/node_modules/async-validator/es/validator/index.js
<s> [webpack.Progress] 49% building 326/334 modules 8 active /data/5e-admin/node_modules/async-validator/es/validator/index.js
<s> [webpack.Progress] 49% building 326/335 modules 9 active /data/5e-admin/node_modules/url/node_modules/qs/lib/utils.js
<s> [webpack.Progress] 49% building 327/335 modules 8 active /data/5e-admin/node_modules/url/node_modules/qs/lib/utils.js
<s> [webpack.Progress] 49% building 327/336 modules 9 active /data/5e-admin/node_modules/core-js/internals/whitespaces.js
<s> [webpack.Progress] 49% building 327/337 modules 10 active /data/5e-admin/node_modules/svg-sprite-loader/runtime/browser-sprite.build.js
<s> [webpack.Progress] 49% building 327/338 modules 11 active /data/5e-admin/node_modules/vue-loader/lib/loaders/pitcher.js??ref--4!/data/5e-admin/node_modules/vue-style-loader/index.js??ref--6-oneOf-1-0!/data/5e-admin/node_modules/css-loader/dist/cjs.js??ref--6-oneOf-1-1!/data/5e-admin/node_modules/postcss-loader/src/index.js??ref--6-oneOf-1-2!/data/5e-admin/node_modules/cache-loader/dist/cjs.js??ref--0-0!/data/5e-admin/node_modules/vue-loader/lib/index.js??vue-loader-options!/data/5e-admin/node_modules/eslint-loader/index.js??ref--13-0!/data/5e-admin/src/components/SvgIcon/index.vue?vue&type=style&index=0&id=c8a70580&scoped=true&lang=css
<s> [webpack.Progress] 49% building 328/338 modules 10 active /data/5e-admin/node_modules/svg-sprite-loader/runtime/browser-sprite.build.js
<s> [webpack.Progress] 49% building 328/339 modules 11 active /data/5e-admin/node_modules/vue-loader/lib/loaders/pitcher.js??ref--4!/data/5e-admin/node_modules/cache-loader/dist/cjs.js??ref--12-0!/data/5e-admin/node_modules/babel-loader/lib/index.js!/data/5e-admin/node_modules/cache-loader/dist/cjs.js??ref--0-0!/data/5e-admin/node_modules/vue-loader/lib/index.js??vue-loader-options!/data/5e-admin/node_modules/eslint-loader/index.js??ref--13-0!/data/5e-admin/node_modules/eslint-loader/index.js??ref--13-0!/data/5e-admin/src/components/SvgIcon/index.vue?vue&type=script&lang=js
<s> [webpack.Progress] 49% building 329/339 modules 10 active /data/5e-admin/node_modules/svg-sprite-loader/runtime/browser-sprite.build.js
<s> [webpack.Progress] 49% building 329/340 modules 11 active /data/5e-admin/node_modules/vue-loader/lib/loaders/pitcher.js??ref--4!/data/5e-admin/node_modules/cache-loader/dist/cjs.js??ref--12-0!/data/5e-admin/node_modules/babel-loader/lib/index.js!/data/5e-admin/node_modules/cache-loader/dist/cjs.js??ref--0-0!/data/5e-admin/node_modules/vue-loader/lib/index.js??vue-loader-options!/data/5e-admin/node_modules/eslint-loader/index.js??ref--13-0!/data/5e-admin/node_modules/eslint-loader/index.js??ref--13-0!/data/5e-admin/src/views/profile/index.vue?vue&type=script&lang=js
<s> [webpack.Progress] 49% building 330/340 modules 10 active /data/5e-admin/node_modules/svg-sprite-loader/runtime/browser-sprite.build.js
<s> [webpack.Progress] 49% building 330/341 modules 11 active /data/5e-admin/node_modules/vue-style-loader/index.js??ref--6-oneOf-1-0!/data/5e-admin/node_modules/css-loader/dist/cjs.js??ref--6-oneOf-1-1!/data/5e-admin/node_modules/vue-loader/lib/loaders/stylePostLoader.js!/data/5e-admin/node_modules/postcss-loader/src/index.js??ref--6-oneOf-1-2!/data/5e-admin/node_modules/cache-loader/dist/cjs.js??ref--0-0!/data/5e-admin/node_modules/vue-loader/lib/index.js??vue-loader-options!/data/5e-admin/src/components/SvgIcon/index.vue?vue&type=style&index=0&id=c8a70580&scoped=true&lang=css
<s> [webpack.Progress] 49% building 331/341 modules 10 active /data/5e-admin/node_modules/svg-sprite-loader/runtime/browser-sprite.build.js
<s> [webpack.Progress] 49% building 331/342 modules 11 active /data/5e-admin/node_modules/cache-loader/dist/cjs.js??ref--12-0!/data/5e-admin/node_modules/babel-loader/lib/index.js!/data/5e-admin/node_modules/cache-loader/dist/cjs.js??ref--0-0!/data/5e-admin/node_modules/vue-loader/lib/index.js??vue-loader-options!/data/5e-admin/src/components/SvgIcon/index.vue?vue&type=script&lang=js
<s> [webpack.Progress] 49% building 331/343 modules 12 active /data/5e-admin/node_modules/css-loader/dist/cjs.js??ref--6-oneOf-1-1!/data/5e-admin/node_modules/vue-loader/lib/loaders/stylePostLoader.js!/data/5e-admin/node_modules/postcss-loader/src/index.js??ref--6-oneOf-1-2!/data/5e-admin/node_modules/cache-loader/dist/cjs.js??ref--0-0!/data/5e-admin/node_modules/vue-loader/lib/index.js??vue-loader-options!/data/5e-admin/src/components/SvgIcon/index.vue?vue&type=style&index=0&id=c8a70580&scoped=true&lang=css
<s> [webpack.Progress] 49% building 331/344 modules 13 active /data/5e-admin/node_modules/cache-loader/dist/cjs.js??ref--12-0!/data/5e-admin/node_modules/babel-loader/lib/index.js!/data/5e-admin/node_modules/cache-loader/dist/cjs.js??ref--0-0!/data/5e-admin/node_modules/vue-loader/lib/index.js??vue-loader-options!/data/5e-admin/src/views/profile/index.vue?vue&type=script&lang=js
<s> [webpack.Progress] 49% building 331/345 modules 14 active /data/5e-admin/node_modules/babel-runtime/helpers/extends.js
<s> [webpack.Progress] 49% building 331/346 modules 15 active /data/5e-admin/node_modules/babel-runtime/helpers/typeof.js
<s> [webpack.Progress] 49% building 332/346 modules 14 active /data/5e-admin/node_modules/babel-runtime/helpers/typeof.js
<s> [webpack.Progress] 49% building 333/346 modules 13 active /data/5e-admin/node_modules/babel-runtime/helpers/typeof.js
<s> [webpack.Progress] 49% building 333/347 modules 14 active /data/5e-admin/node_modules/element-ui/lib/utils/resize-event.js
<s> [webpack.Progress] 49% building 333/348 modules 15 active /data/5e-admin/node_modules/element-ui/lib/utils/clickoutside.js
<s> [webpack.Progress] 49% building 333/349 modules 16 active /data/5e-admin/node_modules/element-ui/lib/utils/merge.js
<s> [webpack.Progress] 49% building 333/350 modules 17 active /data/5e-admin/node_modules/element-ui/lib/checkbox.js
<s> [webpack.Progress] 50% building 334/350 modules 16 active /data/5e-admin/node_modules/element-ui/lib/checkbox.js
<s> [webpack.Progress] 50% building 334/351 modules 17 active /data/5e-admin/node_modules/svg-baker-runtime/browser-symbol.js
<s> [webpack.Progress] 50% building 335/351 modules 16 active /data/5e-admin/node_modules/svg-baker-runtime/browser-symbol.js
<s> [webpack.Progress] 50% building 335/352 modules 17 active /data/5e-admin/src/store/modules sync /\.js$/
<s> [webpack.Progress] 50% building 335/353 modules 18 active /data/5e-admin/node_modules/core-js/modules/es.string.replace.js
<s> [webpack.Progress] 50% building 335/354 modules 19 active /data/5e-admin/node_modules/core-js/modules/es.number.to-fixed.js
<s> [webpack.Progress] 50% building 336/354 modules 18 active /data/5e-admin/node_modules/core-js/modules/es.number.to-fixed.js
<s> [webpack.Progress] 50% building 337/354 modules 17 active /data/5e-admin/node_modules/core-js/modules/es.number.to-fixed.js
<s> [webpack.Progress] 50% building 338/354 modules 16 active /data/5e-admin/node_modules/core-js/modules/es.number.to-fixed.js
<s> [webpack.Progress] 50% building 339/354 modules 15 active /data/5e-admin/node_modules/core-js/modules/es.number.to-fixed.js
<s> [webpack.Progress] 50% building 340/354 modules 14 active /data/5e-admin/node_modules/core-js/modules/es.number.to-fixed.js
<s> [webpack.Progress] 50% building 340/355 modules 15 active /data/5e-admin/node_modules/core-js/modules/esnext.iterator.reduce.js
<s> [webpack.Progress] 50% building 340/356 modules 16 active /data/5e-admin/node_modules/element-ui/lib/utils/popper.js
<s> [webpack.Progress] 50% building 341/356 modules 15 active /data/5e-admin/node_modules/element-ui/lib/utils/popper.js
<s> [webpack.Progress] 51% building 342/356 modules 14 active /data/5e-admin/node_modules/element-ui/lib/utils/popper.js
<s> [webpack.Progress] 51% building 343/356 modules 13 active /data/5e-admin/node_modules/element-ui/lib/utils/popper.js
<s> [webpack.Progress] 51% building 344/356 modules 12 active /data/5e-admin/node_modules/element-ui/lib/utils/popper.js
<s> [webpack.Progress] 51% building 345/356 modules 11 active /data/5e-admin/node_modules/element-ui/lib/utils/popper.js
<s> [webpack.Progress] 51% building 346/356 modules 10 active /data/5e-admin/node_modules/element-ui/lib/utils/popper.js
<s> [webpack.Progress] 51% building 347/356 modules 9 active /data/5e-admin/node_modules/element-ui/lib/utils/popper.js
<s> [webpack.Progress] 51% building 348/356 modules 8 active /data/5e-admin/node_modules/element-ui/lib/utils/popper.js
<s> [webpack.Progress] 51% building 348/357 modules 9 active /data/5e-admin/node_modules/cache-loader/dist/cjs.js??ref--12-0!/data/5e-admin/node_modules/babel-loader/lib/index.js!/data/5e-admin/node_modules/eslint-loader/index.js??ref--13-0!/data/5e-admin/src/store/modules/app.js
<s> [webpack.Progress] 51% building 348/358 modules 10 active /data/5e-admin/node_modules/cache-loader/dist/cjs.js??ref--12-0!/data/5e-admin/node_modules/babel-loader/lib/index.js!/data/5e-admin/node_modules/eslint-loader/index.js??ref--13-0!/data/5e-admin/src/store/modules/errorLog.js
<s> [webpack.Progress] 51% building 348/359 modules 11 active /data/5e-admin/node_modules/cache-loader/dist/cjs.js??ref--12-0!/data/5e-admin/node_modules/babel-loader/lib/index.js!/data/5e-admin/node_modules/eslint-loader/index.js??ref--13-0!/data/5e-admin/src/store/modules/file.js
<s> [webpack.Progress] 51% building 348/360 modules 12 active /data/5e-admin/node_modules/cache-loader/dist/cjs.js??ref--12-0!/data/5e-admin/node_modules/babel-loader/lib/index.js!/data/5e-admin/node_modules/eslint-loader/index.js??ref--13-0!/data/5e-admin/src/store/modules/permission.js
<s> [webpack.Progress] 51% building 348/361 modules 13 active /data/5e-admin/node_modules/cache-loader/dist/cjs.js??ref--12-0!/data/5e-admin/node_modules/babel-loader/lib/index.js!/data/5e-admin/node_modules/eslint-loader/index.js??ref--13-0!/data/5e-admin/src/store/modules/settings.js
<s> [webpack.Progress] 51% building 348/362 modules 14 active /data/5e-admin/node_modules/cache-loader/dist/cjs.js??ref--12-0!/data/5e-admin/node_modules/babel-loader/lib/index.js!/data/5e-admin/node_modules/eslint-loader/index.js??ref--13-0!/data/5e-admin/src/store/modules/tagsView.js
<s> [webpack.Progress] 51% building 348/363 modules 15 active /data/5e-admin/node_modules/cache-loader/dist/cjs.js??ref--12-0!/data/5e-admin/node_modules/babel-loader/lib/index.js!/data/5e-admin/node_modules/eslint-loader/index.js??ref--13-0!/data/5e-admin/src/store/modules/user.js
<s> [webpack.Progress] 51% building 349/363 modules 14 active /data/5e-admin/node_modules/cache-loader/dist/cjs.js??ref--12-0!/data/5e-admin/node_modules/babel-loader/lib/index.js!/data/5e-admin/node_modules/eslint-loader/index.js??ref--13-0!/data/5e-admin/src/store/modules/user.js
<s> [webpack.Progress] 51% building 349/364 modules 15 active /data/5e-admin/node_modules/core-js/modules/es.array.join.js
<s> [webpack.Progress] 51% building 349/365 modules 16 active /data/5e-admin/node_modules/core-js/modules/es.function.name.js
<s> [webpack.Progress] 52% building 350/365 modules 15 active /data/5e-admin/node_modules/core-js/modules/es.function.name.js
<s> [webpack.Progress] 52% building 350/366 modules 16 active /data/5e-admin/node_modules/normalize-wheel/src/ExecutionEnvironment.js
<s> [webpack.Progress] 52% building 350/367 modules 17 active /data/5e-admin/node_modules/cache-loader/dist/cjs.js??ref--12-0!/data/5e-admin/node_modules/babel-loader/lib/index.js!/data/5e-admin/node_modules/eslint-loader/index.js??ref--13-0!/data/5e-admin/src/store/getters.js
<s> [webpack.Progress] 52% building 351/367 modules 16 active /data/5e-admin/node_modules/cache-loader/dist/cjs.js??ref--12-0!/data/5e-admin/node_modules/babel-loader/lib/index.js!/data/5e-admin/node_modules/eslint-loader/index.js??ref--13-0!/data/5e-admin/src/store/getters.js
<s> [webpack.Progress] 52% building 352/367 modules 15 active /data/5e-admin/node_modules/cache-loader/dist/cjs.js??ref--12-0!/data/5e-admin/node_modules/babel-loader/lib/index.js!/data/5e-admin/node_modules/eslint-loader/index.js??ref--13-0!/data/5e-admin/src/store/getters.js
<s> [webpack.Progress] 52% building 352/368 modules 16 active /data/5e-admin/node_modules/element-ui/lib/locale/format.js
<s> [webpack.Progress] 52% building 352/369 modules 17 active /data/5e-admin/node_modules/cache-loader/dist/cjs.js??ref--12-0!/data/5e-admin/node_modules/babel-loader/lib/index.js!/data/5e-admin/node_modules/eslint-loader/index.js??ref--13-0!/data/5e-admin/src/router/modules/table.js
<s> [webpack.Progress] 52% building 352/370 modules 18 active /data/5e-admin/node_modules/async-validator/es/validator/string.js
<s> [webpack.Progress] 52% building 352/371 modules 19 active /data/5e-admin/node_modules/async-validator/es/validator/method.js
<s> [webpack.Progress] 52% building 352/372 modules 20 active /data/5e-admin/node_modules/async-validator/es/validator/number.js
<s> [webpack.Progress] 52% building 352/373 modules 21 active /data/5e-admin/node_modules/async-validator/es/validator/boolean.js
<s> [webpack.Progress] 52% building 352/374 modules 22 active /data/5e-admin/node_modules/async-validator/es/validator/regexp.js
<s> [webpack.Progress] 52% building 352/375 modules 23 active /data/5e-admin/node_modules/async-validator/es/validator/integer.js
<s> [webpack.Progress] 52% building 352/376 modules 24 active /data/5e-admin/node_modules/async-validator/es/validator/float.js
<s> [webpack.Progress] 52% building 352/377 modules 25 active /data/5e-admin/node_modules/async-validator/es/validator/array.js
<s> [webpack.Progress] 52% building 352/378 modules 26 active /data/5e-admin/node_modules/async-validator/es/validator/object.js
<s> [webpack.Progress] 52% building 352/379 modules 27 active /data/5e-admin/node_modules/async-validator/es/validator/enum.js
<s> [webpack.Progress] 52% building 352/380 modules 28 active /data/5e-admin/node_modules/async-validator/es/validator/pattern.js
<s> [webpack.Progress] 52% building 352/381 modules 29 active /data/5e-admin/node_modules/async-validator/es/validator/date.js
<s> [webpack.Progress] 52% building 352/382 modules 30 active /data/5e-admin/node_modules/async-validator/es/validator/required.js
<s> [webpack.Progress] 52% building 352/383 modules 31 active /data/5e-admin/node_modules/async-validator/es/validator/type.js
<s> [webpack.Progress] 52% building 352/384 modules 32 active /data/5e-admin/node_modules/element-ui/lib/mixins/migrating.js
<s> [webpack.Progress] 52% building 353/384 modules 31 active /data/5e-admin/node_modules/element-ui/lib/mixins/migrating.js
<s> [webpack.Progress] 52% building 354/384 modules 30 active /data/5e-admin/node_modules/element-ui/lib/mixins/migrating.js
<s> [webpack.Progress] 52% building 355/384 modules 29 active /data/5e-admin/node_modules/element-ui/lib/mixins/migrating.js
<s> [webpack.Progress] 52% building 356/384 modules 28 active /data/5e-admin/node_modules/element-ui/lib/mixins/migrating.js
<s> [webpack.Progress] 52% building 357/384 modules 27 active /data/5e-admin/node_modules/element-ui/lib/mixins/migrating.js
<s> [webpack.Progress] 52% building 358/384 modules 26 active /data/5e-admin/node_modules/element-ui/lib/mixins/migrating.js
<s> [webpack.Progress] 53% building 359/384 modules 25 active /data/5e-admin/node_modules/element-ui/lib/mixins/migrating.js
<s> [webpack.Progress] 53% building 360/384 modules 24 active /data/5e-admin/node_modules/element-ui/lib/mixins/migrating.js
<s> [webpack.Progress] 53% building 361/384 modules 23 active /data/5e-admin/node_modules/element-ui/lib/mixins/migrating.js
<s> [webpack.Progress] 53% building 361/385 modules 24 active /data/5e-admin/node_modules/cache-loader/dist/cjs.js??ref--0-0!/data/5e-admin/node_modules/vue-loader/lib/index.js??vue-loader-options!/data/5e-admin/node_modules/eslint-loader/index.js??ref--13-0!/data/5e-admin/src/views/error-page/404.vue
<s> [webpack.Progress] 53% building 362/385 modules 23 active /data/5e-admin/node_modules/cache-loader/dist/cjs.js??ref--0-0!/data/5e-admin/node_modules/vue-loader/lib/index.js??vue-loader-options!/data/5e-admin/node_modules/eslint-loader/index.js??ref--13-0!/data/5e-admin/src/views/error-page/404.vue
<s> [webpack.Progress] 53% building 363/385 modules 22 active /data/5e-admin/node_modules/cache-loader/dist/cjs.js??ref--0-0!/data/5e-admin/node_modules/vue-loader/lib/index.js??vue-loader-options!/data/5e-admin/node_modules/eslint-loader/index.js??ref--13-0!/data/5e-admin/src/views/error-page/404.vue
<s> [webpack.Progress] 53% building 364/385 modules 21 active /data/5e-admin/node_modules/cache-loader/dist/cjs.js??ref--0-0!/data/5e-admin/node_modules/vue-loader/lib/index.js??vue-loader-options!/data/5e-admin/node_modules/eslint-loader/index.js??ref--13-0!/data/5e-admin/src/views/error-page/404.vue
<s> [webpack.Progress] 53% building 364/386 modules 22 active /data/5e-admin/node_modules/cache-loader/dist/cjs.js??ref--0-0!/data/5e-admin/node_modules/vue-loader/lib/index.js??vue-loader-options!/data/5e-admin/node_modules/eslint-loader/index.js??ref--13-0!/data/5e-admin/src/views/login/auth-redirect.vue
<s> [webpack.Progress] 53% building 364/387 modules 23 active /data/5e-admin/node_modules/cache-loader/dist/cjs.js??ref--0-0!/data/5e-admin/node_modules/vue-loader/lib/index.js??vue-loader-options!/data/5e-admin/node_modules/eslint-loader/index.js??ref--13-0!/data/5e-admin/src/views/login/index.vue
<s> [webpack.Progress] 53% building 365/387 modules 22 active /data/5e-admin/node_modules/cache-loader/dist/cjs.js??ref--0-0!/data/5e-admin/node_modules/vue-loader/lib/index.js??vue-loader-options!/data/5e-admin/node_modules/eslint-loader/index.js??ref--13-0!/data/5e-admin/src/views/login/index.vue
<s> [webpack.Progress] 53% building 365/388 modules 23 active /data/5e-admin/node_modules/cache-loader/dist/cjs.js??ref--0-0!/data/5e-admin/node_modules/vue-loader/lib/index.js??vue-loader-options!/data/5e-admin/node_modules/eslint-loader/index.js??ref--13-0!/data/5e-admin/src/views/redirect/index.vue
<s> [webpack.Progress] 53% building 366/388 modules 22 active /data/5e-admin/node_modules/cache-loader/dist/cjs.js??ref--0-0!/data/5e-admin/node_modules/vue-loader/lib/index.js??vue-loader-options!/data/5e-admin/node_modules/eslint-loader/index.js??ref--13-0!/data/5e-admin/src/views/redirect/index.vue
<s> [webpack.Progress] 54% building 367/388 modules 21 active /data/5e-admin/node_modules/cache-loader/dist/cjs.js??ref--0-0!/data/5e-admin/node_modules/vue-loader/lib/index.js??vue-loader-options!/data/5e-admin/node_modules/eslint-loader/index.js??ref--13-0!/data/5e-admin/src/views/redirect/index.vue
<s> [webpack.Progress] 54% building 368/388 modules 20 active /data/5e-admin/node_modules/cache-loader/dist/cjs.js??ref--0-0!/data/5e-admin/node_modules/vue-loader/lib/index.js??vue-loader-options!/data/5e-admin/node_modules/eslint-loader/index.js??ref--13-0!/data/5e-admin/src/views/redirect/index.vue
<s> [webpack.Progress] 54% building 369/388 modules 19 active /data/5e-admin/node_modules/cache-loader/dist/cjs.js??ref--0-0!/data/5e-admin/node_modules/vue-loader/lib/index.js??vue-loader-options!/data/5e-admin/node_modules/eslint-loader/index.js??ref--13-0!/data/5e-admin/src/views/redirect/index.vue
<s> [webpack.Progress] 54% building 370/388 modules 18 active /data/5e-admin/node_modules/cache-loader/dist/cjs.js??ref--0-0!/data/5e-admin/node_modules/vue-loader/lib/index.js??vue-loader-options!/data/5e-admin/node_modules/eslint-loader/index.js??ref--13-0!/data/5e-admin/src/views/redirect/index.vue
<s> [webpack.Progress] 54% building 371/388 modules 17 active /data/5e-admin/node_modules/cache-loader/dist/cjs.js??ref--0-0!/data/5e-admin/node_modules/vue-loader/lib/index.js??vue-loader-options!/data/5e-admin/node_modules/eslint-loader/index.js??ref--13-0!/data/5e-admin/src/views/redirect/index.vue
<s> [webpack.Progress] 54% building 372/388 modules 16 active /data/5e-admin/node_modules/cache-loader/dist/cjs.js??ref--0-0!/data/5e-admin/node_modules/vue-loader/lib/index.js??vue-loader-options!/data/5e-admin/node_modules/eslint-loader/index.js??ref--13-0!/data/5e-admin/src/views/redirect/index.vue
<s> [webpack.Progress] 54% building 373/388 modules 15 active /data/5e-admin/node_modules/cache-loader/dist/cjs.js??ref--0-0!/data/5e-admin/node_modules/vue-loader/lib/index.js??vue-loader-options!/data/5e-admin/node_modules/eslint-loader/index.js??ref--13-0!/data/5e-admin/src/views/redirect/index.vue
<s> [webpack.Progress] 54% building 374/388 modules 14 active /data/5e-admin/node_modules/cache-loader/dist/cjs.js??ref--0-0!/data/5e-admin/node_modules/vue-loader/lib/index.js??vue-loader-options!/data/5e-admin/node_modules/eslint-loader/index.js??ref--13-0!/data/5e-admin/src/views/redirect/index.vue
<s> [webpack.Progress] 54% building 375/388 modules 13 active /data/5e-admin/node_modules/cache-loader/dist/cjs.js??ref--0-0!/data/5e-admin/node_modules/vue-loader/lib/index.js??vue-loader-options!/data/5e-admin/node_modules/eslint-loader/index.js??ref--13-0!/data/5e-admin/src/views/redirect/index.vue
<s> [webpack.Progress] 55% building 376/388 modules 12 active /data/5e-admin/node_modules/cache-loader/dist/cjs.js??ref--0-0!/data/5e-admin/node_modules/vue-loader/lib/index.js??vue-loader-options!/data/5e-admin/node_modules/eslint-loader/index.js??ref--13-0!/data/5e-admin/src/views/redirect/index.vue
<s> [webpack.Progress] 55% building 377/388 modules 11 active /data/5e-admin/node_modules/cache-loader/dist/cjs.js??ref--0-0!/data/5e-admin/node_modules/vue-loader/lib/index.js??vue-loader-options!/data/5e-admin/node_modules/eslint-loader/index.js??ref--13-0!/data/5e-admin/src/views/redirect/index.vue
<s> [webpack.Progress] 55% building 378/388 modules 10 active /data/5e-admin/node_modules/cache-loader/dist/cjs.js??ref--0-0!/data/5e-admin/node_modules/vue-loader/lib/index.js??vue-loader-options!/data/5e-admin/node_modules/eslint-loader/index.js??ref--13-0!/data/5e-admin/src/views/redirect/index.vue
<s> [webpack.Progress] 55% building 379/388 modules 9 active /data/5e-admin/node_modules/cache-loader/dist/cjs.js??ref--0-0!/data/5e-admin/node_modules/vue-loader/lib/index.js??vue-loader-options!/data/5e-admin/node_modules/eslint-loader/index.js??ref--13-0!/data/5e-admin/src/views/redirect/index.vue
<s> [webpack.Progress] 55% building 379/389 modules 10 active /data/5e-admin/node_modules/babel-runtime/core-js/symbol.js
<s> [webpack.Progress] 55% building 379/390 modules 11 active /data/5e-admin/node_modules/babel-runtime/core-js/symbol/iterator.js
<s> [webpack.Progress] 55% building 379/391 modules 12 active /data/5e-admin/node_modules/babel-runtime/core-js/object/assign.js
<s> [webpack.Progress] 55% building 379/392 modules 13 active /data/5e-admin/node_modules/core-js/modules/es.array.splice.js
<s> [webpack.Progress] 55% building 379/393 modules 14 active /data/5e-admin/node_modules/cache-loader/dist/cjs.js??ref--12-0!/data/5e-admin/node_modules/babel-loader/lib/index.js!/data/5e-admin/node_modules/@babel/runtime/helpers/esm/toConsumableArray.js
<s> [webpack.Progress] 55% building 379/394 modules 15 active /data/5e-admin/node_modules/cache-loader/dist/cjs.js??ref--12-0!/data/5e-admin/node_modules/babel-loader/lib/index.js!/data/5e-admin/node_modules/@babel/runtime/helpers/esm/slicedToArray.js
<s> [webpack.Progress] 55% building 379/395 modules 16 active /data/5e-admin/node_modules/cache-loader/dist/cjs.js??ref--12-0!/data/5e-admin/node_modules/babel-loader/lib/index.js!/data/5e-admin/node_modules/@babel/runtime/helpers/esm/createForOfIteratorHelper.js
<s> [webpack.Progress] 55% building 379/396 modules 17 active /data/5e-admin/node_modules/core-js/modules/esnext.iterator.some.js
<s> [webpack.Progress] 55% building 379/397 modules 18 active /data/5e-admin/node_modules/core-js/modules/es.string.trim.js
<s> [webpack.Progress] 55% building 379/398 modules 19 active /data/5e-admin/node_modules/side-channel/index.js
<s> [webpack.Progress] 55% building 379/399 modules 20 active /data/5e-admin/node_modules/core-js/internals/fix-regexp-well-known-symbol-logic.js
<s> [webpack.Progress] 55% building 379/400 modules 21 active /data/5e-admin/node_modules/core-js/internals/advance-string-index.js
<s> [webpack.Progress] 55% building 379/401 modules 22 active /data/5e-admin/node_modules/core-js/internals/regexp-exec-abstract.js
<s> [webpack.Progress] 55% building 379/402 modules 23 active /data/5e-admin/node_modules/core-js/internals/this-number-value.js
<s> [webpack.Progress] 55% building 379/403 modules 24 active /data/5e-admin/node_modules/core-js/internals/string-repeat.js
<s> [webpack.Progress] 55% building 380/403 modules 23 active /data/5e-admin/node_modules/core-js/internals/string-repeat.js
<s> [webpack.Progress] 55% building 380/404 modules 24 active /data/5e-admin/node_modules/element-ui/lib/button.js
<s> [webpack.Progress] 55% building 381/404 modules 23 active /data/5e-admin/node_modules/element-ui/lib/button.js
<s> [webpack.Progress] 55% building 381/405 modules 24 active /data/5e-admin/node_modules/vue-loader/lib/loaders/pitcher.js??ref--4!/data/5e-admin/node_modules/cache-loader/dist/cjs.js??ref--0-0!/data/5e-admin/node_modules/vue-loader/lib/index.js??vue-loader-options!/data/5e-admin/node_modules/eslint-loader/index.js??ref--13-0!/data/5e-admin/src/views/error-page/404.vue?vue&type=template&id=cb6dfc12&scoped=true
<s> [webpack.Progress] 55% building 382/405 modules 23 active /data/5e-admin/node_modules/element-ui/lib/button.js
<s> [webpack.Progress] 55% building 382/406 modules 24 active /data/5e-admin/node_modules/vue-loader/lib/loaders/pitcher.js??ref--4!/data/5e-admin/node_modules/cache-loader/dist/cjs.js??ref--12-0!/data/5e-admin/node_modules/babel-loader/lib/index.js!/data/5e-admin/node_modules/cache-loader/dist/cjs.js??ref--0-0!/data/5e-admin/node_modules/vue-loader/lib/index.js??vue-loader-options!/data/5e-admin/node_modules/eslint-loader/index.js??ref--13-0!/data/5e-admin/node_modules/eslint-loader/index.js??ref--13-0!/data/5e-admin/src/views/error-page/404.vue?vue&type=script&lang=js
<s> [webpack.Progress] 55% building 383/406 modules 23 active /data/5e-admin/node_modules/element-ui/lib/button.js
<s> [webpack.Progress] 55% building 383/407 modules 24 active /data/5e-admin/node_modules/vue-loader/lib/loaders/pitcher.js??ref--4!/data/5e-admin/node_modules/vue-style-loader/index.js??ref--8-oneOf-1-0!/data/5e-admin/node_modules/css-loader/dist/cjs.js??ref--8-oneOf-1-1!/data/5e-admin/node_modules/postcss-loader/src/index.js??ref--8-oneOf-1-2!/data/5e-admin/node_modules/sass-loader/dist/cjs.js??ref--8-oneOf-1-3!/data/5e-admin/node_modules/cache-loader/dist/cjs.js??ref--0-0!/data/5e-admin/node_modules/vue-loader/lib/index.js??vue-loader-options!/data/5e-admin/node_modules/eslint-loader/index.js??ref--13-0!/data/5e-admin/src/views/error-page/404.vue?vue&type=style&index=0&id=cb6dfc12&lang=scss&scoped=true
<s> [webpack.Progress] 56% building 384/407 modules 23 active /data/5e-admin/node_modules/element-ui/lib/button.js
<s> [webpack.Progress] 56% building 384/408 modules 24 active /data/5e-admin/node_modules/cache-loader/dist/cjs.js??ref--12-0!/data/5e-admin/node_modules/babel-loader/lib/index.js!/data/5e-admin/node_modules/cache-loader/dist/cjs.js??ref--0-0!/data/5e-admin/node_modules/vue-loader/lib/index.js??vue-loader-options!/data/5e-admin/src/views/error-page/404.vue?vue&type=script&lang=js
<s> [webpack.Progress] 56% building 384/409 modules 25 active /data/5e-admin/node_modules/cache-loader/dist/cjs.js?{"cacheDirectory":"node_modules/.cache/vue-loader","cacheIdentifier":"f79bae76-vue-loader-template"}!/data/5e-admin/node_modules/vue-loader/lib/loaders/templateLoader.js??vue-loader-options!/data/5e-admin/node_modules/cache-loader/dist/cjs.js??ref--0-0!/data/5e-admin/node_modules/vue-loader/lib/index.js??vue-loader-options!/data/5e-admin/src/views/error-page/404.vue?vue&type=template&id=cb6dfc12&scoped=true
<s> [webpack.Progress] 56% building 384/410 modules 26 active /data/5e-admin/node_modules/vue-style-loader/index.js??ref--8-oneOf-1-0!/data/5e-admin/node_modules/css-loader/dist/cjs.js??ref--8-oneOf-1-1!/data/5e-admin/node_modules/vue-loader/lib/loaders/stylePostLoader.js!/data/5e-admin/node_modules/postcss-loader/src/index.js??ref--8-oneOf-1-2!/data/5e-admin/node_modules/sass-loader/dist/cjs.js??ref--8-oneOf-1-3!/data/5e-admin/node_modules/cache-loader/dist/cjs.js??ref--0-0!/data/5e-admin/node_modules/vue-loader/lib/index.js??vue-loader-options!/data/5e-admin/src/views/error-page/404.vue?vue&type=style&index=0&id=cb6dfc12&lang=scss&scoped=true
<s> [webpack.Progress] 56% building 385/410 modules 25 active /data/5e-admin/node_modules/cache-loader/dist/cjs.js?{"cacheDirectory":"node_modules/.cache/vue-loader","cacheIdentifier":"f79bae76-vue-loader-template"}!/data/5e-admin/node_modules/vue-loader/lib/loaders/templateLoader.js??vue-loader-options!/data/5e-admin/node_modules/cache-loader/dist/cjs.js??ref--0-0!/data/5e-admin/node_modules/vue-loader/lib/index.js??vue-loader-options!/data/5e-admin/src/views/error-page/404.vue?vue&type=template&id=cb6dfc12&scoped=true
<s> [webpack.Progress] 56% building 385/411 modules 26 active /data/5e-admin/node_modules/css-loader/dist/cjs.js??ref--8-oneOf-1-1!/data/5e-admin/node_modules/vue-loader/lib/loaders/stylePostLoader.js!/data/5e-admin/node_modules/postcss-loader/src/index.js??ref--8-oneOf-1-2!/data/5e-admin/node_modules/sass-loader/dist/cjs.js??ref--8-oneOf-1-3!/data/5e-admin/node_modules/cache-loader/dist/cjs.js??ref--0-0!/data/5e-admin/node_modules/vue-loader/lib/index.js??vue-loader-options!/data/5e-admin/src/views/error-page/404.vue?vue&type=style&index=0&id=cb6dfc12&lang=scss&scoped=true
<s> [webpack.Progress] 56% building 385/412 modules 27 active /data/5e-admin/node_modules/cache-loader/dist/cjs.js??ref--0-0!/data/5e-admin/node_modules/vue-loader/lib/index.js??vue-loader-options!/data/5e-admin/node_modules/eslint-loader/index.js??ref--13-0!/data/5e-admin/src/views/profile/components/UserCard.vue
<s> [webpack.Progress] 56% building 385/413 modules 28 active /data/5e-admin/node_modules/cache-loader/dist/cjs.js??ref--0-0!/data/5e-admin/node_modules/vue-loader/lib/index.js??vue-loader-options!/data/5e-admin/node_modules/eslint-loader/index.js??ref--13-0!/data/5e-admin/src/views/profile/components/Activity.vue
<s> [webpack.Progress] 56% building 385/414 modules 29 active /data/5e-admin/node_modules/cache-loader/dist/cjs.js??ref--0-0!/data/5e-admin/node_modules/vue-loader/lib/index.js??vue-loader-options!/data/5e-admin/node_modules/eslint-loader/index.js??ref--13-0!/data/5e-admin/src/views/profile/components/Timeline.vue
<s> [webpack.Progress] 56% building 385/415 modules 30 active /data/5e-admin/node_modules/cache-loader/dist/cjs.js??ref--0-0!/data/5e-admin/node_modules/vue-loader/lib/index.js??vue-loader-options!/data/5e-admin/node_modules/eslint-loader/index.js??ref--13-0!/data/5e-admin/src/views/profile/components/Account.vue
<s> [webpack.Progress] 56% building 386/415 modules 29 active /data/5e-admin/node_modules/cache-loader/dist/cjs.js??ref--0-0!/data/5e-admin/node_modules/vue-loader/lib/index.js??vue-loader-options!/data/5e-admin/node_modules/eslint-loader/index.js??ref--13-0!/data/5e-admin/src/views/profile/components/Account.vue
<s> [webpack.Progress] 56% building 387/415 modules 28 active /data/5e-admin/node_modules/cache-loader/dist/cjs.js??ref--0-0!/data/5e-admin/node_modules/vue-loader/lib/index.js??vue-loader-options!/data/5e-admin/node_modules/eslint-loader/index.js??ref--13-0!/data/5e-admin/src/views/profile/components/Account.vue
<s> [webpack.Progress] 56% building 388/415 modules 27 active /data/5e-admin/node_modules/cache-loader/dist/cjs.js??ref--0-0!/data/5e-admin/node_modules/vue-loader/lib/index.js??vue-loader-options!/data/5e-admin/node_modules/eslint-loader/index.js??ref--13-0!/data/5e-admin/src/views/profile/components/Account.vue
<s> [webpack.Progress] 56% building 388/416 modules 28 active /data/5e-admin/node_modules/element-ui/lib/locale/lang/zh-CN.js
<s> [webpack.Progress] 56% building 389/416 modules 27 active /data/5e-admin/node_modules/element-ui/lib/locale/lang/zh-CN.js
<s> [webpack.Progress] 56% building 390/416 modules 26 active /data/5e-admin/node_modules/element-ui/lib/locale/lang/zh-CN.js
<s> [webpack.Progress] 56% building 391/416 modules 25 active /data/5e-admin/node_modules/element-ui/lib/locale/lang/zh-CN.js
<s> [webpack.Progress] 57% building 392/416 modules 24 active /data/5e-admin/node_modules/element-ui/lib/locale/lang/zh-CN.js
<s> [webpack.Progress] 57% building 393/416 modules 23 active /data/5e-admin/node_modules/element-ui/lib/locale/lang/zh-CN.js
<s> [webpack.Progress] 57% building 394/416 modules 22 active /data/5e-admin/node_modules/element-ui/lib/locale/lang/zh-CN.js
<s> [webpack.Progress] 57% building 395/416 modules 21 active /data/5e-admin/node_modules/element-ui/lib/locale/lang/zh-CN.js
<s> [webpack.Progress] 57% building 396/416 modules 20 active /data/5e-admin/node_modules/element-ui/lib/locale/lang/zh-CN.js
<s> [webpack.Progress] 57% building 397/416 modules 19 active /data/5e-admin/node_modules/element-ui/lib/locale/lang/zh-CN.js
<s> [webpack.Progress] 57% building 398/416 modules 18 active /data/5e-admin/node_modules/element-ui/lib/locale/lang/zh-CN.js
<s> [webpack.Progress] 57% building 399/416 modules 17 active /data/5e-admin/node_modules/element-ui/lib/locale/lang/zh-CN.js
<s> [webpack.Progress] 57% building 400/416 modules 16 active /data/5e-admin/node_modules/element-ui/lib/locale/lang/zh-CN.js
<s> [webpack.Progress] 58% building 401/416 modules 15 active /data/5e-admin/node_modules/element-ui/lib/locale/lang/zh-CN.js
<s> [webpack.Progress] 58% building 402/416 modules 14 active /data/5e-admin/node_modules/element-ui/lib/locale/lang/zh-CN.js
<s> [webpack.Progress] 58% building 403/416 modules 13 active /data/5e-admin/node_modules/element-ui/lib/locale/lang/zh-CN.js
<s> [webpack.Progress] 58% building 404/416 modules 12 active /data/5e-admin/node_modules/element-ui/lib/locale/lang/zh-CN.js
<s> [webpack.Progress] 58% building 404/417 modules 13 active /data/5e-admin/node_modules/vue-loader/lib/loaders/pitcher.js??ref--4!/data/5e-admin/node_modules/cache-loader/dist/cjs.js??ref--12-0!/data/5e-admin/node_modules/babel-loader/lib/index.js!/data/5e-admin/node_modules/cache-loader/dist/cjs.js??ref--0-0!/data/5e-admin/node_modules/vue-loader/lib/index.js??vue-loader-options!/data/5e-admin/node_modules/eslint-loader/index.js??ref--13-0!/data/5e-admin/node_modules/eslint-loader/index.js??ref--13-0!/data/5e-admin/src/views/login/auth-redirect.vue?vue&type=script&lang=js
<s> [webpack.Progress] 58% building 405/417 modules 12 active /data/5e-admin/node_modules/element-ui/lib/locale/lang/zh-CN.js
<s> [webpack.Progress] 58% building 405/418 modules 13 active /data/5e-admin/node_modules/cache-loader/dist/cjs.js??ref--12-0!/data/5e-admin/node_modules/babel-loader/lib/index.js!/data/5e-admin/node_modules/cache-loader/dist/cjs.js??ref--0-0!/data/5e-admin/node_modules/vue-loader/lib/index.js??vue-loader-options!/data/5e-admin/src/views/login/auth-redirect.vue?vue&type=script&lang=js
<s> [webpack.Progress] 58% building 405/419 modules 14 active /data/5e-admin/node_modules/vue-loader/lib/loaders/pitcher.js??ref--4!/data/5e-admin/node_modules/cache-loader/dist/cjs.js??ref--0-0!/data/5e-admin/node_modules/vue-loader/lib/index.js??vue-loader-options!/data/5e-admin/node_modules/eslint-loader/index.js??ref--13-0!/data/5e-admin/src/views/login/index.vue?vue&type=template&id=37dfd6fc&scoped=true
<s> [webpack.Progress] 58% building 406/419 modules 13 active /data/5e-admin/node_modules/cache-loader/dist/cjs.js??ref--12-0!/data/5e-admin/node_modules/babel-loader/lib/index.js!/data/5e-admin/node_modules/cache-loader/dist/cjs.js??ref--0-0!/data/5e-admin/node_modules/vue-loader/lib/index.js??vue-loader-options!/data/5e-admin/src/views/login/auth-redirect.vue?vue&type=script&lang=js
<s> [webpack.Progress] 58% building 406/420 modules 14 active /data/5e-admin/node_modules/vue-loader/lib/loaders/pitcher.js??ref--4!/data/5e-admin/node_modules/cache-loader/dist/cjs.js??ref--12-0!/data/5e-admin/node_modules/babel-loader/lib/index.js!/data/5e-admin/node_modules/cache-loader/dist/cjs.js??ref--0-0!/data/5e-admin/node_modules/vue-loader/lib/index.js??vue-loader-options!/data/5e-admin/node_modules/eslint-loader/index.js??ref--13-0!/data/5e-admin/node_modules/eslint-loader/index.js??ref--13-0!/data/5e-admin/src/views/login/index.vue?vue&type=script&lang=js
<s> [webpack.Progress] 58% building 407/420 modules 13 active /data/5e-admin/node_modules/cache-loader/dist/cjs.js??ref--12-0!/data/5e-admin/node_modules/babel-loader/lib/index.js!/data/5e-admin/node_modules/cache-loader/dist/cjs.js??ref--0-0!/data/5e-admin/node_modules/vue-loader/lib/index.js??vue-loader-options!/data/5e-admin/src/views/login/auth-redirect.vue?vue&type=script&lang=js
<s> [webpack.Progress] 58% building 407/421 modules 14 active /data/5e-admin/node_modules/vue-loader/lib/loaders/pitcher.js??ref--4!/data/5e-admin/node_modules/vue-style-loader/index.js??ref--8-oneOf-1-0!/data/5e-admin/node_modules/css-loader/dist/cjs.js??ref--8-oneOf-1-1!/data/5e-admin/node_modules/postcss-loader/src/index.js??ref--8-oneOf-1-2!/data/5e-admin/node_modules/sass-loader/dist/cjs.js??ref--8-oneOf-1-3!/data/5e-admin/node_modules/cache-loader/dist/cjs.js??ref--0-0!/data/5e-admin/node_modules/vue-loader/lib/index.js??vue-loader-options!/data/5e-admin/node_modules/eslint-loader/index.js??ref--13-0!/data/5e-admin/src/views/login/index.vue?vue&type=style&index=0&id=37dfd6fc&lang=scss
<s> [webpack.Progress] 58% building 408/421 modules 13 active /data/5e-admin/node_modules/cache-loader/dist/cjs.js??ref--12-0!/data/5e-admin/node_modules/babel-loader/lib/index.js!/data/5e-admin/node_modules/cache-loader/dist/cjs.js??ref--0-0!/data/5e-admin/node_modules/vue-loader/lib/index.js??vue-loader-options!/data/5e-admin/src/views/login/auth-redirect.vue?vue&type=script&lang=js
<s> [webpack.Progress] 58% building 408/422 modules 14 active /data/5e-admin/node_modules/vue-loader/lib/loaders/pitcher.js??ref--4!/data/5e-admin/node_modules/vue-style-loader/index.js??ref--8-oneOf-1-0!/data/5e-admin/node_modules/css-loader/dist/cjs.js??ref--8-oneOf-1-1!/data/5e-admin/node_modules/postcss-loader/src/index.js??ref--8-oneOf-1-2!/data/5e-admin/node_modules/sass-loader/dist/cjs.js??ref--8-oneOf-1-3!/data/5e-admin/node_modules/cache-loader/dist/cjs.js??ref--0-0!/data/5e-admin/node_modules/vue-loader/lib/index.js??vue-loader-options!/data/5e-admin/node_modules/eslint-loader/index.js??ref--13-0!/data/5e-admin/src/views/login/index.vue?vue&type=style&index=1&id=37dfd6fc&lang=scss&scoped=true
<s> [webpack.Progress] 59% building 409/422 modules 13 active /data/5e-admin/node_modules/cache-loader/dist/cjs.js??ref--12-0!/data/5e-admin/node_modules/babel-loader/lib/index.js!/data/5e-admin/node_modules/cache-loader/dist/cjs.js??ref--0-0!/data/5e-admin/node_modules/vue-loader/lib/index.js??vue-loader-options!/data/5e-admin/src/views/login/auth-redirect.vue?vue&type=script&lang=js
<s> [webpack.Progress] 59% building 409/423 modules 14 active /data/5e-admin/node_modules/cache-loader/dist/cjs.js??ref--12-0!/data/5e-admin/node_modules/babel-loader/lib/index.js!/data/5e-admin/node_modules/cache-loader/dist/cjs.js??ref--0-0!/data/5e-admin/node_modules/vue-loader/lib/index.js??vue-loader-options!/data/5e-admin/src/views/login/index.vue?vue&type=script&lang=js
<s> [webpack.Progress] 59% building 409/424 modules 15 active /data/5e-admin/node_modules/cache-loader/dist/cjs.js?{"cacheDirectory":"node_modules/.cache/vue-loader","cacheIdentifier":"f79bae76-vue-loader-template"}!/data/5e-admin/node_modules/vue-loader/lib/loaders/templateLoader.js??vue-loader-options!/data/5e-admin/node_modules/cache-loader/dist/cjs.js??ref--0-0!/data/5e-admin/node_modules/vue-loader/lib/index.js??vue-loader-options!/data/5e-admin/src/views/login/index.vue?vue&type=template&id=37dfd6fc&scoped=true
<s> [webpack.Progress] 59% building 409/425 modules 16 active /data/5e-admin/node_modules/vue-style-loader/index.js??ref--8-oneOf-1-0!/data/5e-admin/node_modules/css-loader/dist/cjs.js??ref--8-oneOf-1-1!/data/5e-admin/node_modules/vue-loader/lib/loaders/stylePostLoader.js!/data/5e-admin/node_modules/postcss-loader/src/index.js??ref--8-oneOf-1-2!/data/5e-admin/node_modules/sass-loader/dist/cjs.js??ref--8-oneOf-1-3!/data/5e-admin/node_modules/cache-loader/dist/cjs.js??ref--0-0!/data/5e-admin/node_modules/vue-loader/lib/index.js??vue-loader-options!/data/5e-admin/src/views/login/index.vue?vue&type=style&index=0&id=37dfd6fc&lang=scss
<s> [webpack.Progress] 59% building 410/425 modules 15 active /data/5e-admin/node_modules/cache-loader/dist/cjs.js?{"cacheDirectory":"node_modules/.cache/vue-loader","cacheIdentifier":"f79bae76-vue-loader-template"}!/data/5e-admin/node_modules/vue-loader/lib/loaders/templateLoader.js??vue-loader-options!/data/5e-admin/node_modules/cache-loader/dist/cjs.js??ref--0-0!/data/5e-admin/node_modules/vue-loader/lib/index.js??vue-loader-options!/data/5e-admin/src/views/login/index.vue?vue&type=template&id=37dfd6fc&scoped=true
<s> [webpack.Progress] 59% building 410/426 modules 16 active /data/5e-admin/node_modules/vue-style-loader/index.js??ref--8-oneOf-1-0!/data/5e-admin/node_modules/css-loader/dist/cjs.js??ref--8-oneOf-1-1!/data/5e-admin/node_modules/vue-loader/lib/loaders/stylePostLoader.js!/data/5e-admin/node_modules/postcss-loader/src/index.js??ref--8-oneOf-1-2!/data/5e-admin/node_modules/sass-loader/dist/cjs.js??ref--8-oneOf-1-3!/data/5e-admin/node_modules/cache-loader/dist/cjs.js??ref--0-0!/data/5e-admin/node_modules/vue-loader/lib/index.js??vue-loader-options!/data/5e-admin/src/views/login/index.vue?vue&type=style&index=1&id=37dfd6fc&lang=scss&scoped=true
<s> [webpack.Progress] 59% building 411/426 modules 15 active /data/5e-admin/node_modules/cache-loader/dist/cjs.js?{"cacheDirectory":"node_modules/.cache/vue-loader","cacheIdentifier":"f79bae76-vue-loader-template"}!/data/5e-admin/node_modules/vue-loader/lib/loaders/templateLoader.js??vue-loader-options!/data/5e-admin/node_modules/cache-loader/dist/cjs.js??ref--0-0!/data/5e-admin/node_modules/vue-loader/lib/index.js??vue-loader-options!/data/5e-admin/src/views/login/index.vue?vue&type=template&id=37dfd6fc&scoped=true
<s> [webpack.Progress] 59% building 411/427 modules 16 active /data/5e-admin/node_modules/css-loader/dist/cjs.js??ref--8-oneOf-1-1!/data/5e-admin/node_modules/vue-loader/lib/loaders/stylePostLoader.js!/data/5e-admin/node_modules/postcss-loader/src/index.js??ref--8-oneOf-1-2!/data/5e-admin/node_modules/sass-loader/dist/cjs.js??ref--8-oneOf-1-3!/data/5e-admin/node_modules/cache-loader/dist/cjs.js??ref--0-0!/data/5e-admin/node_modules/vue-loader/lib/index.js??vue-loader-options!/data/5e-admin/src/views/login/index.vue?vue&type=style&index=0&id=37dfd6fc&lang=scss
<s> [webpack.Progress] 59% building 411/428 modules 17 active /data/5e-admin/node_modules/css-loader/dist/cjs.js??ref--8-oneOf-1-1!/data/5e-admin/node_modules/vue-loader/lib/loaders/stylePostLoader.js!/data/5e-admin/node_modules/postcss-loader/src/index.js??ref--8-oneOf-1-2!/data/5e-admin/node_modules/sass-loader/dist/cjs.js??ref--8-oneOf-1-3!/data/5e-admin/node_modules/cache-loader/dist/cjs.js??ref--0-0!/data/5e-admin/node_modules/vue-loader/lib/index.js??vue-loader-options!/data/5e-admin/src/views/login/index.vue?vue&type=style&index=1&id=37dfd6fc&lang=scss&scoped=true
<s> [webpack.Progress] 59% building 411/429 modules 18 active /data/5e-admin/node_modules/vue-loader/lib/loaders/pitcher.js??ref--4!/data/5e-admin/node_modules/cache-loader/dist/cjs.js??ref--12-0!/data/5e-admin/node_modules/babel-loader/lib/index.js!/data/5e-admin/node_modules/cache-loader/dist/cjs.js??ref--0-0!/data/5e-admin/node_modules/vue-loader/lib/index.js??vue-loader-options!/data/5e-admin/node_modules/eslint-loader/index.js??ref--13-0!/data/5e-admin/node_modules/eslint-loader/index.js??ref--13-0!/data/5e-admin/src/views/redirect/index.vue?vue&type=script&lang=js
<s> [webpack.Progress] 59% building 412/429 modules 17 active /data/5e-admin/node_modules/css-loader/dist/cjs.js??ref--8-oneOf-1-1!/data/5e-admin/node_modules/vue-loader/lib/loaders/stylePostLoader.js!/data/5e-admin/node_modules/postcss-loader/src/index.js??ref--8-oneOf-1-2!/data/5e-admin/node_modules/sass-loader/dist/cjs.js??ref--8-oneOf-1-3!/data/5e-admin/node_modules/cache-loader/dist/cjs.js??ref--0-0!/data/5e-admin/node_modules/vue-loader/lib/index.js??vue-loader-options!/data/5e-admin/src/views/login/index.vue?vue&type=style&index=1&id=37dfd6fc&lang=scss&scoped=true
<s> [webpack.Progress] 59% building 412/430 modules 18 active /data/5e-admin/node_modules/cache-loader/dist/cjs.js??ref--12-0!/data/5e-admin/node_modules/babel-loader/lib/index.js!/data/5e-admin/node_modules/cache-loader/dist/cjs.js??ref--0-0!/data/5e-admin/node_modules/vue-loader/lib/index.js??vue-loader-options!/data/5e-admin/src/views/redirect/index.vue?vue&type=script&lang=js
<s> [webpack.Progress] 59% building 413/430 modules 17 active /data/5e-admin/node_modules/cache-loader/dist/cjs.js??ref--12-0!/data/5e-admin/node_modules/babel-loader/lib/index.js!/data/5e-admin/node_modules/cache-loader/dist/cjs.js??ref--0-0!/data/5e-admin/node_modules/vue-loader/lib/index.js??vue-loader-options!/data/5e-admin/src/views/redirect/index.vue?vue&type=script&lang=js
<s> [webpack.Progress] 59% building 413/431 modules 18 active /data/5e-admin/node_modules/cache-loader/dist/cjs.js??ref--12-0!/data/5e-admin/node_modules/babel-loader/lib/index.js!/data/5e-admin/node_modules/eslint-loader/index.js??ref--13-0!/data/5e-admin/src/api/files.js
<s> [webpack.Progress] 59% building 413/432 modules 19 active /data/5e-admin/node_modules/cache-loader/dist/cjs.js??ref--12-0!/data/5e-admin/node_modules/babel-loader/lib/index.js!/data/5e-admin/node_modules/eslint-loader/index.js??ref--13-0!/data/5e-admin/src/api/user.js
<s> [webpack.Progress] 59% building 413/433 modules 20 active /data/5e-admin/node_modules/cache-loader/dist/cjs.js??ref--12-0!/data/5e-admin/node_modules/babel-loader/lib/index.js!/data/5e-admin/node_modules/eslint-loader/index.js??ref--13-0!/data/5e-admin/src/utils/index.js
<s> [webpack.Progress] 59% building 414/433 modules 19 active /data/5e-admin/node_modules/cache-loader/dist/cjs.js??ref--12-0!/data/5e-admin/node_modules/babel-loader/lib/index.js!/data/5e-admin/node_modules/eslint-loader/index.js??ref--13-0!/data/5e-admin/src/utils/index.js
<s> [webpack.Progress] 59% building 415/433 modules 18 active /data/5e-admin/node_modules/cache-loader/dist/cjs.js??ref--12-0!/data/5e-admin/node_modules/babel-loader/lib/index.js!/data/5e-admin/node_modules/eslint-loader/index.js??ref--13-0!/data/5e-admin/src/utils/index.js
<s> [webpack.Progress] 59% building 415/434 modules 19 active /data/5e-admin/node_modules/element-ui/lib/utils/popup/index.js
<s> [webpack.Progress] 59% building 415/435 modules 20 active /data/5e-admin/node_modules/cache-loader/dist/cjs.js??ref--12-0!/data/5e-admin/node_modules/babel-loader/lib/index.js!/data/5e-admin/node_modules/@babel/runtime/helpers/esm/arrayWithoutHoles.js
<s> [webpack.Progress] 59% building 415/436 modules 21 active /data/5e-admin/node_modules/cache-loader/dist/cjs.js??ref--12-0!/data/5e-admin/node_modules/babel-loader/lib/index.js!/data/5e-admin/node_modules/@babel/runtime/helpers/esm/iterableToArray.js
<s> [webpack.Progress] 59% building 415/437 modules 22 active /data/5e-admin/node_modules/cache-loader/dist/cjs.js??ref--12-0!/data/5e-admin/node_modules/babel-loader/lib/index.js!/data/5e-admin/node_modules/@babel/runtime/helpers/esm/unsupportedIterableToArray.js
<s> [webpack.Progress] 59% building 415/438 modules 23 active /data/5e-admin/node_modules/cache-loader/dist/cjs.js??ref--12-0!/data/5e-admin/node_modules/babel-loader/lib/index.js!/data/5e-admin/node_modules/@babel/runtime/helpers/esm/nonIterableSpread.js
<s> [webpack.Progress] 59% building 415/439 modules 24 active /data/5e-admin/node_modules/cache-loader/dist/cjs.js??ref--12-0!/data/5e-admin/node_modules/babel-loader/lib/index.js!/data/5e-admin/node_modules/@babel/runtime/helpers/esm/arrayWithHoles.js
<s> [webpack.Progress] 59% building 415/440 modules 25 active /data/5e-admin/node_modules/cache-loader/dist/cjs.js??ref--12-0!/data/5e-admin/node_modules/babel-loader/lib/index.js!/data/5e-admin/node_modules/@babel/runtime/helpers/esm/iterableToArrayLimit.js
<s> [webpack.Progress] 59% building 415/441 modules 26 active /data/5e-admin/node_modules/cache-loader/dist/cjs.js??ref--12-0!/data/5e-admin/node_modules/babel-loader/lib/index.js!/data/5e-admin/node_modules/@babel/runtime/helpers/esm/nonIterableRest.js
<s> [webpack.Progress] 59% building 416/441 modules 25 active /data/5e-admin/node_modules/cache-loader/dist/cjs.js??ref--12-0!/data/5e-admin/node_modules/babel-loader/lib/index.js!/data/5e-admin/node_modules/@babel/runtime/helpers/esm/nonIterableRest.js
<s> [webpack.Progress] 60% building 417/441 modules 24 active /data/5e-admin/node_modules/cache-loader/dist/cjs.js??ref--12-0!/data/5e-admin/node_modules/babel-loader/lib/index.js!/data/5e-admin/node_modules/@babel/runtime/helpers/esm/nonIterableRest.js
<s> [webpack.Progress] 60% building 418/441 modules 23 active /data/5e-admin/node_modules/cache-loader/dist/cjs.js??ref--12-0!/data/5e-admin/node_modules/babel-loader/lib/index.js!/data/5e-admin/node_modules/@babel/runtime/helpers/esm/nonIterableRest.js
<s> [webpack.Progress] 60% building 419/441 modules 22 active /data/5e-admin/node_modules/cache-loader/dist/cjs.js??ref--12-0!/data/5e-admin/node_modules/babel-loader/lib/index.js!/data/5e-admin/node_modules/@babel/runtime/helpers/esm/nonIterableRest.js
<s> [webpack.Progress] 60% building 420/441 modules 21 active /data/5e-admin/node_modules/cache-loader/dist/cjs.js??ref--12-0!/data/5e-admin/node_modules/babel-loader/lib/index.js!/data/5e-admin/node_modules/@babel/runtime/helpers/esm/nonIterableRest.js
<s> [webpack.Progress] 60% building 420/442 modules 22 active /data/5e-admin/node_modules/vue-loader/lib/loaders/pitcher.js??ref--4!/data/5e-admin/node_modules/cache-loader/dist/cjs.js??ref--0-0!/data/5e-admin/node_modules/vue-loader/lib/index.js??vue-loader-options!/data/5e-admin/node_modules/eslint-loader/index.js??ref--13-0!/data/5e-admin/src/views/profile/components/UserCard.vue?vue&type=template&id=218e8838&scoped=true
<s> [webpack.Progress] 60% building 421/442 modules 21 active /data/5e-admin/node_modules/cache-loader/dist/cjs.js??ref--12-0!/data/5e-admin/node_modules/babel-loader/lib/index.js!/data/5e-admin/node_modules/@babel/runtime/helpers/esm/nonIterableRest.js
<s> [webpack.Progress] 60% building 421/443 modules 22 active /data/5e-admin/node_modules/vue-loader/lib/loaders/pitcher.js??ref--4!/data/5e-admin/node_modules/cache-loader/dist/cjs.js??ref--12-0!/data/5e-admin/node_modules/babel-loader/lib/index.js!/data/5e-admin/node_modules/cache-loader/dist/cjs.js??ref--0-0!/data/5e-admin/node_modules/vue-loader/lib/index.js??vue-loader-options!/data/5e-admin/node_modules/eslint-loader/index.js??ref--13-0!/data/5e-admin/node_modules/eslint-loader/index.js??ref--13-0!/data/5e-admin/src/views/profile/components/UserCard.vue?vue&type=script&lang=js
<s> [webpack.Progress] 60% building 422/443 modules 21 active /data/5e-admin/node_modules/cache-loader/dist/cjs.js??ref--12-0!/data/5e-admin/node_modules/babel-loader/lib/index.js!/data/5e-admin/node_modules/@babel/runtime/helpers/esm/nonIterableRest.js
<s> [webpack.Progress] 60% building 422/444 modules 22 active /data/5e-admin/node_modules/vue-loader/lib/loaders/pitcher.js??ref--4!/data/5e-admin/node_modules/vue-style-loader/index.js??ref--8-oneOf-1-0!/data/5e-admin/node_modules/css-loader/dist/cjs.js??ref--8-oneOf-1-1!/data/5e-admin/node_modules/postcss-loader/src/index.js??ref--8-oneOf-1-2!/data/5e-admin/node_modules/sass-loader/dist/cjs.js??ref--8-oneOf-1-3!/data/5e-admin/node_modules/cache-loader/dist/cjs.js??ref--0-0!/data/5e-admin/node_modules/vue-loader/lib/index.js??vue-loader-options!/data/5e-admin/node_modules/eslint-loader/index.js??ref--13-0!/data/5e-admin/src/views/profile/components/UserCard.vue?vue&type=style&index=0&id=218e8838&lang=scss&scoped=true
<s> [webpack.Progress] 60% building 423/444 modules 21 active /data/5e-admin/node_modules/cache-loader/dist/cjs.js??ref--12-0!/data/5e-admin/node_modules/babel-loader/lib/index.js!/data/5e-admin/node_modules/@babel/runtime/helpers/esm/nonIterableRest.js
<s> [webpack.Progress] 60% building 423/445 modules 22 active /data/5e-admin/node_modules/cache-loader/dist/cjs.js??ref--12-0!/data/5e-admin/node_modules/babel-loader/lib/index.js!/data/5e-admin/node_modules/cache-loader/dist/cjs.js??ref--0-0!/data/5e-admin/node_modules/vue-loader/lib/index.js??vue-loader-options!/data/5e-admin/src/views/profile/components/UserCard.vue?vue&type=script&lang=js
<s> [webpack.Progress] 60% building 423/446 modules 23 active /data/5e-admin/node_modules/cache-loader/dist/cjs.js?{"cacheDirectory":"node_modules/.cache/vue-loader","cacheIdentifier":"f79bae76-vue-loader-template"}!/data/5e-admin/node_modules/vue-loader/lib/loaders/templateLoader.js??vue-loader-options!/data/5e-admin/node_modules/cache-loader/dist/cjs.js??ref--0-0!/data/5e-admin/node_modules/vue-loader/lib/index.js??vue-loader-options!/data/5e-admin/src/views/profile/components/UserCard.vue?vue&type=template&id=218e8838&scoped=true
<s> [webpack.Progress] 60% building 423/447 modules 24 active /data/5e-admin/node_modules/vue-style-loader/index.js??ref--8-oneOf-1-0!/data/5e-admin/node_modules/css-loader/dist/cjs.js??ref--8-oneOf-1-1!/data/5e-admin/node_modules/vue-loader/lib/loaders/stylePostLoader.js!/data/5e-admin/node_modules/postcss-loader/src/index.js??ref--8-oneOf-1-2!/data/5e-admin/node_modules/sass-loader/dist/cjs.js??ref--8-oneOf-1-3!/data/5e-admin/node_modules/cache-loader/dist/cjs.js??ref--0-0!/data/5e-admin/node_modules/vue-loader/lib/index.js??vue-loader-options!/data/5e-admin/src/views/profile/components/UserCard.vue?vue&type=style&index=0&id=218e8838&lang=scss&scoped=true
<s> [webpack.Progress] 60% building 424/447 modules 23 active /data/5e-admin/node_modules/cache-loader/dist/cjs.js?{"cacheDirectory":"node_modules/.cache/vue-loader","cacheIdentifier":"f79bae76-vue-loader-template"}!/data/5e-admin/node_modules/vue-loader/lib/loaders/templateLoader.js??vue-loader-options!/data/5e-admin/node_modules/cache-loader/dist/cjs.js??ref--0-0!/data/5e-admin/node_modules/vue-loader/lib/index.js??vue-loader-options!/data/5e-admin/src/views/profile/components/UserCard.vue?vue&type=template&id=218e8838&scoped=true
<s> [webpack.Progress] 60% building 424/448 modules 24 active /data/5e-admin/node_modules/css-loader/dist/cjs.js??ref--8-oneOf-1-1!/data/5e-admin/node_modules/vue-loader/lib/loaders/stylePostLoader.js!/data/5e-admin/node_modules/postcss-loader/src/index.js??ref--8-oneOf-1-2!/data/5e-admin/node_modules/sass-loader/dist/cjs.js??ref--8-oneOf-1-3!/data/5e-admin/node_modules/cache-loader/dist/cjs.js??ref--0-0!/data/5e-admin/node_modules/vue-loader/lib/index.js??vue-loader-options!/data/5e-admin/src/views/profile/components/UserCard.vue?vue&type=style&index=0&id=218e8838&lang=scss&scoped=true
<s> [webpack.Progress] 60% building 424/449 modules 25 active /data/5e-admin/node_modules/vue-loader/lib/loaders/pitcher.js??ref--4!/data/5e-admin/node_modules/cache-loader/dist/cjs.js??ref--0-0!/data/5e-admin/node_modules/vue-loader/lib/index.js??vue-loader-options!/data/5e-admin/node_modules/eslint-loader/index.js??ref--13-0!/data/5e-admin/src/views/profile/components/Activity.vue?vue&type=template&id=7e91c778&scoped=true
<s> [webpack.Progress] 61% building 425/449 modules 24 active /data/5e-admin/node_modules/css-loader/dist/cjs.js??ref--8-oneOf-1-1!/data/5e-admin/node_modules/vue-loader/lib/loaders/stylePostLoader.js!/data/5e-admin/node_modules/postcss-loader/src/index.js??ref--8-oneOf-1-2!/data/5e-admin/node_modules/sass-loader/dist/cjs.js??ref--8-oneOf-1-3!/data/5e-admin/node_modules/cache-loader/dist/cjs.js??ref--0-0!/data/5e-admin/node_modules/vue-loader/lib/index.js??vue-loader-options!/data/5e-admin/src/views/profile/components/UserCard.vue?vue&type=style&index=0&id=218e8838&lang=scss&scoped=true
<s> [webpack.Progress] 61% building 425/450 modules 25 active /data/5e-admin/node_modules/vue-loader/lib/loaders/pitcher.js??ref--4!/data/5e-admin/node_modules/cache-loader/dist/cjs.js??ref--12-0!/data/5e-admin/node_modules/babel-loader/lib/index.js!/data/5e-admin/node_modules/cache-loader/dist/cjs.js??ref--0-0!/data/5e-admin/node_modules/vue-loader/lib/index.js??vue-loader-options!/data/5e-admin/node_modules/eslint-loader/index.js??ref--13-0!/data/5e-admin/node_modules/eslint-loader/index.js??ref--13-0!/data/5e-admin/src/views/profile/components/Activity.vue?vue&type=script&lang=js
<s> [webpack.Progress] 61% building 426/450 modules 24 active /data/5e-admin/node_modules/css-loader/dist/cjs.js??ref--8-oneOf-1-1!/data/5e-admin/node_modules/vue-loader/lib/loaders/stylePostLoader.js!/data/5e-admin/node_modules/postcss-loader/src/index.js??ref--8-oneOf-1-2!/data/5e-admin/node_modules/sass-loader/dist/cjs.js??ref--8-oneOf-1-3!/data/5e-admin/node_modules/cache-loader/dist/cjs.js??ref--0-0!/data/5e-admin/node_modules/vue-loader/lib/index.js??vue-loader-options!/data/5e-admin/src/views/profile/components/UserCard.vue?vue&type=style&index=0&id=218e8838&lang=scss&scoped=true
<s> [webpack.Progress] 61% building 426/451 modules 25 active /data/5e-admin/node_modules/vue-loader/lib/loaders/pitcher.js??ref--4!/data/5e-admin/node_modules/vue-style-loader/index.js??ref--8-oneOf-1-0!/data/5e-admin/node_modules/css-loader/dist/cjs.js??ref--8-oneOf-1-1!/data/5e-admin/node_modules/postcss-loader/src/index.js??ref--8-oneOf-1-2!/data/5e-admin/node_modules/sass-loader/dist/cjs.js??ref--8-oneOf-1-3!/data/5e-admin/node_modules/cache-loader/dist/cjs.js??ref--0-0!/data/5e-admin/node_modules/vue-loader/lib/index.js??vue-loader-options!/data/5e-admin/node_modules/eslint-loader/index.js??ref--13-0!/data/5e-admin/src/views/profile/components/Activity.vue?vue&type=style&index=0&id=7e91c778&lang=scss&scoped=true
<s> [webpack.Progress] 61% building 427/451 modules 24 active /data/5e-admin/node_modules/css-loader/dist/cjs.js??ref--8-oneOf-1-1!/data/5e-admin/node_modules/vue-loader/lib/loaders/stylePostLoader.js!/data/5e-admin/node_modules/postcss-loader/src/index.js??ref--8-oneOf-1-2!/data/5e-admin/node_modules/sass-loader/dist/cjs.js??ref--8-oneOf-1-3!/data/5e-admin/node_modules/cache-loader/dist/cjs.js??ref--0-0!/data/5e-admin/node_modules/vue-loader/lib/index.js??vue-loader-options!/data/5e-admin/src/views/profile/components/UserCard.vue?vue&type=style&index=0&id=218e8838&lang=scss&scoped=true
<s> [webpack.Progress] 61% building 427/452 modules 25 active /data/5e-admin/node_modules/cache-loader/dist/cjs.js??ref--12-0!/data/5e-admin/node_modules/babel-loader/lib/index.js!/data/5e-admin/node_modules/cache-loader/dist/cjs.js??ref--0-0!/data/5e-admin/node_modules/vue-loader/lib/index.js??vue-loader-options!/data/5e-admin/src/views/profile/components/Activity.vue?vue&type=script&lang=js
<s> [webpack.Progress] 61% building 427/453 modules 26 active /data/5e-admin/node_modules/cache-loader/dist/cjs.js?{"cacheDirectory":"node_modules/.cache/vue-loader","cacheIdentifier":"f79bae76-vue-loader-template"}!/data/5e-admin/node_modules/vue-loader/lib/loaders/templateLoader.js??vue-loader-options!/data/5e-admin/node_modules/cache-loader/dist/cjs.js??ref--0-0!/data/5e-admin/node_modules/vue-loader/lib/index.js??vue-loader-options!/data/5e-admin/src/views/profile/components/Activity.vue?vue&type=template&id=7e91c778&scoped=true
<s> [webpack.Progress] 61% building 427/454 modules 27 active /data/5e-admin/node_modules/vue-style-loader/index.js??ref--8-oneOf-1-0!/data/5e-admin/node_modules/css-loader/dist/cjs.js??ref--8-oneOf-1-1!/data/5e-admin/node_modules/vue-loader/lib/loaders/stylePostLoader.js!/data/5e-admin/node_modules/postcss-loader/src/index.js??ref--8-oneOf-1-2!/data/5e-admin/node_modules/sass-loader/dist/cjs.js??ref--8-oneOf-1-3!/data/5e-admin/node_modules/cache-loader/dist/cjs.js??ref--0-0!/data/5e-admin/node_modules/vue-loader/lib/index.js??vue-loader-options!/data/5e-admin/src/views/profile/components/Activity.vue?vue&type=style&index=0&id=7e91c778&lang=scss&scoped=true
<s> [webpack.Progress] 61% building 428/454 modules 26 active /data/5e-admin/node_modules/cache-loader/dist/cjs.js?{"cacheDirectory":"node_modules/.cache/vue-loader","cacheIdentifier":"f79bae76-vue-loader-template"}!/data/5e-admin/node_modules/vue-loader/lib/loaders/templateLoader.js??vue-loader-options!/data/5e-admin/node_modules/cache-loader/dist/cjs.js??ref--0-0!/data/5e-admin/node_modules/vue-loader/lib/index.js??vue-loader-options!/data/5e-admin/src/views/profile/components/Activity.vue?vue&type=template&id=7e91c778&scoped=true
<s> [webpack.Progress] 61% building 428/455 modules 27 active /data/5e-admin/node_modules/css-loader/dist/cjs.js??ref--8-oneOf-1-1!/data/5e-admin/node_modules/vue-loader/lib/loaders/stylePostLoader.js!/data/5e-admin/node_modules/postcss-loader/src/index.js??ref--8-oneOf-1-2!/data/5e-admin/node_modules/sass-loader/dist/cjs.js??ref--8-oneOf-1-3!/data/5e-admin/node_modules/cache-loader/dist/cjs.js??ref--0-0!/data/5e-admin/node_modules/vue-loader/lib/index.js??vue-loader-options!/data/5e-admin/src/views/profile/components/Activity.vue?vue&type=style&index=0&id=7e91c778&lang=scss&scoped=true
<s> [webpack.Progress] 61% building 428/456 modules 28 active /data/5e-admin/node_modules/vue-loader/lib/loaders/pitcher.js??ref--4!/data/5e-admin/node_modules/cache-loader/dist/cjs.js??ref--0-0!/data/5e-admin/node_modules/vue-loader/lib/index.js??vue-loader-options!/data/5e-admin/node_modules/eslint-loader/index.js??ref--13-0!/data/5e-admin/src/views/profile/components/Timeline.vue?vue&type=template&id=74e6bfaa
<s> [webpack.Progress] 61% building 429/456 modules 27 active /data/5e-admin/node_modules/css-loader/dist/cjs.js??ref--8-oneOf-1-1!/data/5e-admin/node_modules/vue-loader/lib/loaders/stylePostLoader.js!/data/5e-admin/node_modules/postcss-loader/src/index.js??ref--8-oneOf-1-2!/data/5e-admin/node_modules/sass-loader/dist/cjs.js??ref--8-oneOf-1-3!/data/5e-admin/node_modules/cache-loader/dist/cjs.js??ref--0-0!/data/5e-admin/node_modules/vue-loader/lib/index.js??vue-loader-options!/data/5e-admin/src/views/profile/components/Activity.vue?vue&type=style&index=0&id=7e91c778&lang=scss&scoped=true
<s> [webpack.Progress] 61% building 429/457 modules 28 active /data/5e-admin/node_modules/vue-loader/lib/loaders/pitcher.js??ref--4!/data/5e-admin/node_modules/cache-loader/dist/cjs.js??ref--12-0!/data/5e-admin/node_modules/babel-loader/lib/index.js!/data/5e-admin/node_modules/cache-loader/dist/cjs.js??ref--0-0!/data/5e-admin/node_modules/vue-loader/lib/index.js??vue-loader-options!/data/5e-admin/node_modules/eslint-loader/index.js??ref--13-0!/data/5e-admin/node_modules/eslint-loader/index.js??ref--13-0!/data/5e-admin/src/views/profile/components/Timeline.vue?vue&type=script&lang=js
<s> [webpack.Progress] 61% building 430/457 modules 27 active /data/5e-admin/node_modules/css-loader/dist/cjs.js??ref--8-oneOf-1-1!/data/5e-admin/node_modules/vue-loader/lib/loaders/stylePostLoader.js!/data/5e-admin/node_modules/postcss-loader/src/index.js??ref--8-oneOf-1-2!/data/5e-admin/node_modules/sass-loader/dist/cjs.js??ref--8-oneOf-1-3!/data/5e-admin/node_modules/cache-loader/dist/cjs.js??ref--0-0!/data/5e-admin/node_modules/vue-loader/lib/index.js??vue-loader-options!/data/5e-admin/src/views/profile/components/Activity.vue?vue&type=style&index=0&id=7e91c778&lang=scss&scoped=true
<s> [webpack.Progress] 61% building 430/458 modules 28 active /data/5e-admin/node_modules/cache-loader/dist/cjs.js??ref--12-0!/data/5e-admin/node_modules/babel-loader/lib/index.js!/data/5e-admin/node_modules/cache-loader/dist/cjs.js??ref--0-0!/data/5e-admin/node_modules/vue-loader/lib/index.js??vue-loader-options!/data/5e-admin/src/views/profile/components/Timeline.vue?vue&type=script&lang=js
<s> [webpack.Progress] 61% building 430/459 modules 29 active /data/5e-admin/node_modules/cache-loader/dist/cjs.js?{"cacheDirectory":"node_modules/.cache/vue-loader","cacheIdentifier":"f79bae76-vue-loader-template"}!/data/5e-admin/node_modules/vue-loader/lib/loaders/templateLoader.js??vue-loader-options!/data/5e-admin/node_modules/cache-loader/dist/cjs.js??ref--0-0!/data/5e-admin/node_modules/vue-loader/lib/index.js??vue-loader-options!/data/5e-admin/src/views/profile/components/Timeline.vue?vue&type=template&id=74e6bfaa
<s> [webpack.Progress] 61% building 430/460 modules 30 active /data/5e-admin/node_modules/vue-loader/lib/loaders/pitcher.js??ref--4!/data/5e-admin/node_modules/cache-loader/dist/cjs.js??ref--0-0!/data/5e-admin/node_modules/vue-loader/lib/index.js??vue-loader-options!/data/5e-admin/node_modules/eslint-loader/index.js??ref--13-0!/data/5e-admin/src/views/profile/components/Account.vue?vue&type=template&id=d0c7a258
<s> [webpack.Progress] 61% building 431/460 modules 29 active /data/5e-admin/node_modules/cache-loader/dist/cjs.js?{"cacheDirectory":"node_modules/.cache/vue-loader","cacheIdentifier":"f79bae76-vue-loader-template"}!/data/5e-admin/node_modules/vue-loader/lib/loaders/templateLoader.js??vue-loader-options!/data/5e-admin/node_modules/cache-loader/dist/cjs.js??ref--0-0!/data/5e-admin/node_modules/vue-loader/lib/index.js??vue-loader-options!/data/5e-admin/src/views/profile/components/Timeline.vue?vue&type=template&id=74e6bfaa
<s> [webpack.Progress] 61% building 431/461 modules 30 active /data/5e-admin/node_modules/vue-loader/lib/loaders/pitcher.js??ref--4!/data/5e-admin/node_modules/cache-loader/dist/cjs.js??ref--12-0!/data/5e-admin/node_modules/babel-loader/lib/index.js!/data/5e-admin/node_modules/cache-loader/dist/cjs.js??ref--0-0!/data/5e-admin/node_modules/vue-loader/lib/index.js??vue-loader-options!/data/5e-admin/node_modules/eslint-loader/index.js??ref--13-0!/data/5e-admin/node_modules/eslint-loader/index.js??ref--13-0!/data/5e-admin/src/views/profile/components/Account.vue?vue&type=script&lang=js
<s> [webpack.Progress] 61% building 432/461 modules 29 active /data/5e-admin/node_modules/cache-loader/dist/cjs.js?{"cacheDirectory":"node_modules/.cache/vue-loader","cacheIdentifier":"f79bae76-vue-loader-template"}!/data/5e-admin/node_modules/vue-loader/lib/loaders/templateLoader.js??vue-loader-options!/data/5e-admin/node_modules/cache-loader/dist/cjs.js??ref--0-0!/data/5e-admin/node_modules/vue-loader/lib/index.js??vue-loader-options!/data/5e-admin/src/views/profile/components/Timeline.vue?vue&type=template&id=74e6bfaa
<s> [webpack.Progress] 61% building 432/462 modules 30 active /data/5e-admin/node_modules/cache-loader/dist/cjs.js??ref--12-0!/data/5e-admin/node_modules/babel-loader/lib/index.js!/data/5e-admin/node_modules/cache-loader/dist/cjs.js??ref--0-0!/data/5e-admin/node_modules/vue-loader/lib/index.js??vue-loader-options!/data/5e-admin/src/views/profile/components/Account.vue?vue&type=script&lang=js
<s> [webpack.Progress] 61% building 432/463 modules 31 active /data/5e-admin/node_modules/cache-loader/dist/cjs.js?{"cacheDirectory":"node_modules/.cache/vue-loader","cacheIdentifier":"f79bae76-vue-loader-template"}!/data/5e-admin/node_modules/vue-loader/lib/loaders/templateLoader.js??vue-loader-options!/data/5e-admin/node_modules/cache-loader/dist/cjs.js??ref--0-0!/data/5e-admin/node_modules/vue-loader/lib/index.js??vue-loader-options!/data/5e-admin/src/views/profile/components/Account.vue?vue&type=template&id=d0c7a258
<s> [webpack.Progress] 61% building 433/463 modules 30 active /data/5e-admin/node_modules/cache-loader/dist/cjs.js?{"cacheDirectory":"node_modules/.cache/vue-loader","cacheIdentifier":"f79bae76-vue-loader-template"}!/data/5e-admin/node_modules/vue-loader/lib/loaders/templateLoader.js??vue-loader-options!/data/5e-admin/node_modules/cache-loader/dist/cjs.js??ref--0-0!/data/5e-admin/node_modules/vue-loader/lib/index.js??vue-loader-options!/data/5e-admin/src/views/profile/components/Account.vue?vue&type=template&id=d0c7a258
<s> [webpack.Progress] 62% building 434/463 modules 29 active /data/5e-admin/node_modules/cache-loader/dist/cjs.js?{"cacheDirectory":"node_modules/.cache/vue-loader","cacheIdentifier":"f79bae76-vue-loader-template"}!/data/5e-admin/node_modules/vue-loader/lib/loaders/templateLoader.js??vue-loader-options!/data/5e-admin/node_modules/cache-loader/dist/cjs.js??ref--0-0!/data/5e-admin/node_modules/vue-loader/lib/index.js??vue-loader-options!/data/5e-admin/src/views/profile/components/Account.vue?vue&type=template&id=d0c7a258
<s> [webpack.Progress] 62% building 435/463 modules 28 active /data/5e-admin/node_modules/cache-loader/dist/cjs.js?{"cacheDirectory":"node_modules/.cache/vue-loader","cacheIdentifier":"f79bae76-vue-loader-template"}!/data/5e-admin/node_modules/vue-loader/lib/loaders/templateLoader.js??vue-loader-options!/data/5e-admin/node_modules/cache-loader/dist/cjs.js??ref--0-0!/data/5e-admin/node_modules/vue-loader/lib/index.js??vue-loader-options!/data/5e-admin/src/views/profile/components/Account.vue?vue&type=template&id=d0c7a258
<s> [webpack.Progress] 62% building 436/463 modules 27 active /data/5e-admin/node_modules/cache-loader/dist/cjs.js?{"cacheDirectory":"node_modules/.cache/vue-loader","cacheIdentifier":"f79bae76-vue-loader-template"}!/data/5e-admin/node_modules/vue-loader/lib/loaders/templateLoader.js??vue-loader-options!/data/5e-admin/node_modules/cache-loader/dist/cjs.js??ref--0-0!/data/5e-admin/node_modules/vue-loader/lib/index.js??vue-loader-options!/data/5e-admin/src/views/profile/components/Account.vue?vue&type=template&id=d0c7a258
<s> [webpack.Progress] 62% building 436/464 modules 28 active /data/5e-admin/node_modules/async-validator/es/rule/index.js
<s> [webpack.Progress] 62% building 437/464 modules 27 active /data/5e-admin/node_modules/async-validator/es/rule/index.js
<s> [webpack.Progress] 62% building 438/464 modules 26 active /data/5e-admin/node_modules/async-validator/es/rule/index.js
<s> [webpack.Progress] 62% building 439/464 modules 25 active /data/5e-admin/node_modules/async-validator/es/rule/index.js
<s> [webpack.Progress] 62% building 439/465 modules 26 active /data/5e-admin/node_modules/cache-loader/dist/cjs.js??ref--0-0!/data/5e-admin/node_modules/vue-loader/lib/index.js??vue-loader-options!/data/5e-admin/node_modules/eslint-loader/index.js??ref--13-0!/data/5e-admin/src/views/Menu.vue
<s> [webpack.Progress] 62% building 439/466 modules 27 active /data/5e-admin/node_modules/vue-router/dist/vue-router.esm.js
<s> [webpack.Progress] 62% building 440/466 modules 26 active /data/5e-admin/node_modules/vue-router/dist/vue-router.esm.js
<s> [webpack.Progress] 62% building 441/466 modules 25 active /data/5e-admin/node_modules/vue-router/dist/vue-router.esm.js
<s> [webpack.Progress] 63% building 442/466 modules 24 active /data/5e-admin/node_modules/vue-router/dist/vue-router.esm.js
<s> [webpack.Progress] 63% building 443/466 modules 23 active /data/5e-admin/node_modules/vue-router/dist/vue-router.esm.js
<s> [webpack.Progress] 63% building 444/466 modules 22 active /data/5e-admin/node_modules/vue-router/dist/vue-router.esm.js
<s> [webpack.Progress] 63% building 445/466 modules 21 active /data/5e-admin/node_modules/vue-router/dist/vue-router.esm.js
<s> [webpack.Progress] 63% building 446/466 modules 20 active /data/5e-admin/node_modules/vue-router/dist/vue-router.esm.js
<s> [webpack.Progress] 63% building 447/466 modules 19 active /data/5e-admin/node_modules/vue-router/dist/vue-router.esm.js
<s> [webpack.Progress] 63% building 447/467 modules 20 active /data/5e-admin/node_modules/core-js/internals/string-trim-forced.js
<s> [webpack.Progress] 63% building 447/468 modules 21 active /data/5e-admin/node_modules/url-loader/dist/cjs.js??ref--1-0!/data/5e-admin/src/assets/404_images/404.png
<s> [webpack.Progress] 63% building 447/469 modules 22 active /data/5e-admin/node_modules/url-loader/dist/cjs.js??ref--1-0!/data/5e-admin/src/assets/404_images/404_cloud.png
<s> [webpack.Progress] 63% building 447/470 modules 23 active /data/5e-admin/node_modules/core-js/modules/es.string.search.js
<s> [webpack.Progress] 63% building 447/471 modules 24 active /data/5e-admin/node_modules/vuex/dist/vuex.esm.js
<s> [webpack.Progress] 63% building 448/471 modules 23 active /data/5e-admin/node_modules/vuex/dist/vuex.esm.js
<s> [webpack.Progress] 63% building 449/471 modules 22 active /data/5e-admin/node_modules/vuex/dist/vuex.esm.js
<s> [webpack.Progress] 64% building 450/471 modules 21 active /data/5e-admin/node_modules/vuex/dist/vuex.esm.js
<s> [webpack.Progress] 64% building 451/471 modules 20 active /data/5e-admin/node_modules/vuex/dist/vuex.esm.js
<s> [webpack.Progress] 64% building 452/471 modules 19 active /data/5e-admin/node_modules/vuex/dist/vuex.esm.js
<s> [webpack.Progress] 64% building 453/471 modules 18 active /data/5e-admin/node_modules/vuex/dist/vuex.esm.js
<s> [webpack.Progress] 64% building 454/471 modules 17 active /data/5e-admin/node_modules/vuex/dist/vuex.esm.js
<s> [webpack.Progress] 64% building 455/471 modules 16 active /data/5e-admin/node_modules/vuex/dist/vuex.esm.js
<s> [webpack.Progress] 64% building 455/472 modules 17 active /data/5e-admin/node_modules/cache-loader/dist/cjs.js??ref--0-0!/data/5e-admin/node_modules/vue-loader/lib/index.js??vue-loader-options!/data/5e-admin/node_modules/eslint-loader/index.js??ref--13-0!/data/5e-admin/src/views/file/File.vue
<s> [webpack.Progress] 64% building 455/473 modules 18 active /data/5e-admin/node_modules/cache-loader/dist/cjs.js??ref--0-0!/data/5e-admin/node_modules/vue-loader/lib/index.js??vue-loader-options!/data/5e-admin/node_modules/eslint-loader/index.js??ref--13-0!/data/5e-admin/src/views/table/word-table.vue
<s> [webpack.Progress] 64% building 455/474 modules 19 active /data/5e-admin/node_modules/cache-loader/dist/cjs.js??ref--0-0!/data/5e-admin/node_modules/vue-loader/lib/index.js??vue-loader-options!/data/5e-admin/node_modules/eslint-loader/index.js??ref--13-0!/data/5e-admin/src/views/table/word.vue
<s> [webpack.Progress] 64% building 455/475 modules 20 active /data/5e-admin/node_modules/cache-loader/dist/cjs.js??ref--0-0!/data/5e-admin/node_modules/vue-loader/lib/index.js??vue-loader-options!/data/5e-admin/node_modules/eslint-loader/index.js??ref--13-0!/data/5e-admin/src/views/table/key-word-table.vue
<s> [webpack.Progress] 64% building 455/476 modules 21 active /data/5e-admin/node_modules/element-ui/node_modules/deepmerge/dist/cjs.js
<s> [webpack.Progress] 64% building 455/477 modules 22 active /data/5e-admin/node_modules/core-js/modules/es.array.from.js
<s> [webpack.Progress] 64% building 455/478 modules 23 active /data/5e-admin/node_modules/core-js/modules/es.regexp.constructor.js
<s> [webpack.Progress] 64% building 455/479 modules 24 active /data/5e-admin/node_modules/core-js/modules/es.regexp.sticky.js
<s> [webpack.Progress] 64% building 455/480 modules 25 active /data/5e-admin/node_modules/core-js/modules/es.set.js
<s> [webpack.Progress] 64% building 455/481 modules 26 active /data/5e-admin/node_modules/core-js/modules/es.string.match.js
<s> [webpack.Progress] 64% building 455/482 modules 27 active /data/5e-admin/node_modules/core-js/modules/es.string.pad-start.js
<s> [webpack.Progress] 64% building 455/483 modules 28 active /data/5e-admin/node_modules/cache-loader/dist/cjs.js??ref--0-0!/data/5e-admin/node_modules/vue-loader/lib/index.js??vue-loader-options!/data/5e-admin/node_modules/eslint-loader/index.js??ref--13-0!/data/5e-admin/src/layout/index.vue
<s> [webpack.Progress] 64% building 456/483 modules 27 active /data/5e-admin/node_modules/cache-loader/dist/cjs.js??ref--0-0!/data/5e-admin/node_modules/vue-loader/lib/index.js??vue-loader-options!/data/5e-admin/node_modules/eslint-loader/index.js??ref--13-0!/data/5e-admin/src/layout/index.vue
<s> [webpack.Progress] 64% building 456/484 modules 28 active /data/5e-admin/node_modules/cache-loader/dist/cjs.js??ref--12-0!/data/5e-admin/node_modules/babel-loader/lib/index.js!/data/5e-admin/node_modules/@babel/runtime/helpers/esm/arrayLikeToArray.js
<s> [webpack.Progress] 64% building 457/484 modules 27 active /data/5e-admin/node_modules/cache-loader/dist/cjs.js??ref--12-0!/data/5e-admin/node_modules/babel-loader/lib/index.js!/data/5e-admin/node_modules/@babel/runtime/helpers/esm/arrayLikeToArray.js
<s> [webpack.Progress] 64% building 458/484 modules 26 active /data/5e-admin/node_modules/cache-loader/dist/cjs.js??ref--12-0!/data/5e-admin/node_modules/babel-loader/lib/index.js!/data/5e-admin/node_modules/@babel/runtime/helpers/esm/arrayLikeToArray.js
<s> [webpack.Progress] 64% building 458/485 modules 27 active /data/5e-admin/node_modules/resize-observer-polyfill/dist/ResizeObserver.es.js
<s> [webpack.Progress] 65% building 459/485 modules 26 active /data/5e-admin/node_modules/resize-observer-polyfill/dist/ResizeObserver.es.js
<s> [webpack.Progress] 65% building 460/485 modules 25 active /data/5e-admin/node_modules/resize-observer-polyfill/dist/ResizeObserver.es.js
<s> [webpack.Progress] 65% building 461/485 modules 24 active /data/5e-admin/node_modules/resize-observer-polyfill/dist/ResizeObserver.es.js
<s> [webpack.Progress] 65% building 462/485 modules 23 active /data/5e-admin/node_modules/resize-observer-polyfill/dist/ResizeObserver.es.js
<s> [webpack.Progress] 65% building 462/486 modules 24 active /data/5e-admin/node_modules/vue-loader/lib/loaders/pitcher.js??ref--4!/data/5e-admin/node_modules/cache-loader/dist/cjs.js??ref--0-0!/data/5e-admin/node_modules/vue-loader/lib/index.js??vue-loader-options!/data/5e-admin/node_modules/eslint-loader/index.js??ref--13-0!/data/5e-admin/src/views/Menu.vue?vue&type=template&id=7b8b0119&scoped=true
<s> [webpack.Progress] 65% building 463/486 modules 23 active /data/5e-admin/node_modules/resize-observer-polyfill/dist/ResizeObserver.es.js
<s> [webpack.Progress] 65% building 463/487 modules 24 active /data/5e-admin/node_modules/vue-loader/lib/loaders/pitcher.js??ref--4!/data/5e-admin/node_modules/cache-loader/dist/cjs.js??ref--12-0!/data/5e-admin/node_modules/babel-loader/lib/index.js!/data/5e-admin/node_modules/cache-loader/dist/cjs.js??ref--0-0!/data/5e-admin/node_modules/vue-loader/lib/index.js??vue-loader-options!/data/5e-admin/node_modules/eslint-loader/index.js??ref--13-0!/data/5e-admin/node_modules/eslint-loader/index.js??ref--13-0!/data/5e-admin/src/views/Menu.vue?vue&type=script&lang=js
<s> [webpack.Progress] 65% building 464/487 modules 23 active /data/5e-admin/node_modules/resize-observer-polyfill/dist/ResizeObserver.es.js
<s> [webpack.Progress] 65% building 464/488 modules 24 active /data/5e-admin/node_modules/vue-loader/lib/loaders/pitcher.js??ref--4!/data/5e-admin/node_modules/vue-style-loader/index.js??ref--6-oneOf-1-0!/data/5e-admin/node_modules/css-loader/dist/cjs.js??ref--6-oneOf-1-1!/data/5e-admin/node_modules/postcss-loader/src/index.js??ref--6-oneOf-1-2!/data/5e-admin/node_modules/cache-loader/dist/cjs.js??ref--0-0!/data/5e-admin/node_modules/vue-loader/lib/index.js??vue-loader-options!/data/5e-admin/node_modules/eslint-loader/index.js??ref--13-0!/data/5e-admin/src/views/Menu.vue?vue&type=style&index=0&id=7b8b0119&scoped=true&lang=css
<s> [webpack.Progress] 65% building 465/488 modules 23 active /data/5e-admin/node_modules/resize-observer-polyfill/dist/ResizeObserver.es.js
<s> [webpack.Progress] 65% building 465/489 modules 24 active /data/5e-admin/node_modules/cache-loader/dist/cjs.js??ref--12-0!/data/5e-admin/node_modules/babel-loader/lib/index.js!/data/5e-admin/node_modules/cache-loader/dist/cjs.js??ref--0-0!/data/5e-admin/node_modules/vue-loader/lib/index.js??vue-loader-options!/data/5e-admin/src/views/Menu.vue?vue&type=script&lang=js
<s> [webpack.Progress] 65% building 465/490 modules 25 active /data/5e-admin/node_modules/cache-loader/dist/cjs.js?{"cacheDirectory":"node_modules/.cache/vue-loader","cacheIdentifier":"f79bae76-vue-loader-template"}!/data/5e-admin/node_modules/vue-loader/lib/loaders/templateLoader.js??vue-loader-options!/data/5e-admin/node_modules/cache-loader/dist/cjs.js??ref--0-0!/data/5e-admin/node_modules/vue-loader/lib/index.js??vue-loader-options!/data/5e-admin/src/views/Menu.vue?vue&type=template&id=7b8b0119&scoped=true
<s> [webpack.Progress] 65% building 465/491 modules 26 active /data/5e-admin/node_modules/vue-style-loader/index.js??ref--6-oneOf-1-0!/data/5e-admin/node_modules/css-loader/dist/cjs.js??ref--6-oneOf-1-1!/data/5e-admin/node_modules/vue-loader/lib/loaders/stylePostLoader.js!/data/5e-admin/node_modules/postcss-loader/src/index.js??ref--6-oneOf-1-2!/data/5e-admin/node_modules/cache-loader/dist/cjs.js??ref--0-0!/data/5e-admin/node_modules/vue-loader/lib/index.js??vue-loader-options!/data/5e-admin/src/views/Menu.vue?vue&type=style&index=0&id=7b8b0119&scoped=true&lang=css
<s> [webpack.Progress] 65% building 466/491 modules 25 active /data/5e-admin/node_modules/cache-loader/dist/cjs.js?{"cacheDirectory":"node_modules/.cache/vue-loader","cacheIdentifier":"f79bae76-vue-loader-template"}!/data/5e-admin/node_modules/vue-loader/lib/loaders/templateLoader.js??vue-loader-options!/data/5e-admin/node_modules/cache-loader/dist/cjs.js??ref--0-0!/data/5e-admin/node_modules/vue-loader/lib/index.js??vue-loader-options!/data/5e-admin/src/views/Menu.vue?vue&type=template&id=7b8b0119&scoped=true
<s> [webpack.Progress] 65% building 466/492 modules 26 active /data/5e-admin/node_modules/css-loader/dist/cjs.js??ref--6-oneOf-1-1!/data/5e-admin/node_modules/vue-loader/lib/loaders/stylePostLoader.js!/data/5e-admin/node_modules/postcss-loader/src/index.js??ref--6-oneOf-1-2!/data/5e-admin/node_modules/cache-loader/dist/cjs.js??ref--0-0!/data/5e-admin/node_modules/vue-loader/lib/index.js??vue-loader-options!/data/5e-admin/src/views/Menu.vue?vue&type=style&index=0&id=7b8b0119&scoped=true&lang=css
<s> [webpack.Progress] 66% building 467/492 modules 25 active /data/5e-admin/node_modules/css-loader/dist/cjs.js??ref--6-oneOf-1-1!/data/5e-admin/node_modules/vue-loader/lib/loaders/stylePostLoader.js!/data/5e-admin/node_modules/postcss-loader/src/index.js??ref--6-oneOf-1-2!/data/5e-admin/node_modules/cache-loader/dist/cjs.js??ref--0-0!/data/5e-admin/node_modules/vue-loader/lib/index.js??vue-loader-options!/data/5e-admin/src/views/Menu.vue?vue&type=style&index=0&id=7b8b0119&scoped=true&lang=css
<s> [webpack.Progress] 66% building 467/493 modules 26 active /data/5e-admin/node_modules/es-errors/type.js
<s> [webpack.Progress] 66% building 468/493 modules 25 active /data/5e-admin/node_modules/es-errors/type.js
<s> [webpack.Progress] 66% building 469/493 modules 24 active /data/5e-admin/node_modules/es-errors/type.js
<s> [webpack.Progress] 66% building 470/493 modules 23 active /data/5e-admin/node_modules/es-errors/type.js
<s> [webpack.Progress] 66% building 471/493 modules 22 active /data/5e-admin/node_modules/es-errors/type.js
<s> [webpack.Progress] 66% building 472/493 modules 21 active /data/5e-admin/node_modules/es-errors/type.js
<s> [webpack.Progress] 66% building 472/494 modules 22 active /data/5e-admin/node_modules/cache-loader/dist/cjs.js??ref--12-0!/data/5e-admin/node_modules/babel-loader/lib/index.js!/data/5e-admin/node_modules/eslint-loader/index.js??ref--13-0!/data/5e-admin/src/utils/request.js
<s> [webpack.Progress] 66% building 473/494 modules 21 active /data/5e-admin/node_modules/cache-loader/dist/cjs.js??ref--12-0!/data/5e-admin/node_modules/babel-loader/lib/index.js!/data/5e-admin/node_modules/eslint-loader/index.js??ref--13-0!/data/5e-admin/src/utils/request.js
<s> [webpack.Progress] 66% building 474/494 modules 20 active /data/5e-admin/node_modules/cache-loader/dist/cjs.js??ref--12-0!/data/5e-admin/node_modules/babel-loader/lib/index.js!/data/5e-admin/node_modules/eslint-loader/index.js??ref--13-0!/data/5e-admin/src/utils/request.js
<s> [webpack.Progress] 67% building 475/494 modules 19 active /data/5e-admin/node_modules/cache-loader/dist/cjs.js??ref--12-0!/data/5e-admin/node_modules/babel-loader/lib/index.js!/data/5e-admin/node_modules/eslint-loader/index.js??ref--13-0!/data/5e-admin/src/utils/request.js
<s> [webpack.Progress] 67% building 476/494 modules 18 active /data/5e-admin/node_modules/cache-loader/dist/cjs.js??ref--12-0!/data/5e-admin/node_modules/babel-loader/lib/index.js!/data/5e-admin/node_modules/eslint-loader/index.js??ref--13-0!/data/5e-admin/src/utils/request.js
<s> [webpack.Progress] 67% building 477/494 modules 17 active /data/5e-admin/node_modules/cache-loader/dist/cjs.js??ref--12-0!/data/5e-admin/node_modules/babel-loader/lib/index.js!/data/5e-admin/node_modules/eslint-loader/index.js??ref--13-0!/data/5e-admin/src/utils/request.js
<s> [webpack.Progress] 67% building 478/494 modules 16 active /data/5e-admin/node_modules/cache-loader/dist/cjs.js??ref--12-0!/data/5e-admin/node_modules/babel-loader/lib/index.js!/data/5e-admin/node_modules/eslint-loader/index.js??ref--13-0!/data/5e-admin/src/utils/request.js
<s> [webpack.Progress] 67% building 478/495 modules 17 active /data/5e-admin/node_modules/vue-loader/lib/loaders/pitcher.js??ref--4!/data/5e-admin/node_modules/cache-loader/dist/cjs.js??ref--0-0!/data/5e-admin/node_modules/vue-loader/lib/index.js??vue-loader-options!/data/5e-admin/node_modules/eslint-loader/index.js??ref--13-0!/data/5e-admin/src/views/file/File.vue?vue&type=template&id=e23cabb6
<s> [webpack.Progress] 67% building 479/495 modules 16 active /data/5e-admin/node_modules/cache-loader/dist/cjs.js??ref--12-0!/data/5e-admin/node_modules/babel-loader/lib/index.js!/data/5e-admin/node_modules/eslint-loader/index.js??ref--13-0!/data/5e-admin/src/utils/request.js
<s> [webpack.Progress] 67% building 479/496 modules 17 active /data/5e-admin/node_modules/vue-loader/lib/loaders/pitcher.js??ref--4!/data/5e-admin/node_modules/cache-loader/dist/cjs.js??ref--12-0!/data/5e-admin/node_modules/babel-loader/lib/index.js!/data/5e-admin/node_modules/cache-loader/dist/cjs.js??ref--0-0!/data/5e-admin/node_modules/vue-loader/lib/index.js??vue-loader-options!/data/5e-admin/node_modules/eslint-loader/index.js??ref--13-0!/data/5e-admin/node_modules/eslint-loader/index.js??ref--13-0!/data/5e-admin/src/views/file/File.vue?vue&type=script&lang=js
<s> [webpack.Progress] 67% building 480/496 modules 16 active /data/5e-admin/node_modules/cache-loader/dist/cjs.js??ref--12-0!/data/5e-admin/node_modules/babel-loader/lib/index.js!/data/5e-admin/node_modules/eslint-loader/index.js??ref--13-0!/data/5e-admin/src/utils/request.js
<s> [webpack.Progress] 67% building 480/497 modules 17 active /data/5e-admin/node_modules/vue-loader/lib/loaders/pitcher.js??ref--4!/data/5e-admin/node_modules/vue-style-loader/index.js??ref--6-oneOf-1-0!/data/5e-admin/node_modules/css-loader/dist/cjs.js??ref--6-oneOf-1-1!/data/5e-admin/node_modules/postcss-loader/src/index.js??ref--6-oneOf-1-2!/data/5e-admin/node_modules/cache-loader/dist/cjs.js??ref--0-0!/data/5e-admin/node_modules/vue-loader/lib/index.js??vue-loader-options!/data/5e-admin/node_modules/eslint-loader/index.js??ref--13-0!/data/5e-admin/src/views/file/File.vue?vue&type=style&index=0&id=e23cabb6&lang=css
<s> [webpack.Progress] 67% building 481/497 modules 16 active /data/5e-admin/node_modules/cache-loader/dist/cjs.js??ref--12-0!/data/5e-admin/node_modules/babel-loader/lib/index.js!/data/5e-admin/node_modules/eslint-loader/index.js??ref--13-0!/data/5e-admin/src/utils/request.js
<s> [webpack.Progress] 67% building 481/498 modules 17 active /data/5e-admin/node_modules/cache-loader/dist/cjs.js??ref--12-0!/data/5e-admin/node_modules/babel-loader/lib/index.js!/data/5e-admin/node_modules/cache-loader/dist/cjs.js??ref--0-0!/data/5e-admin/node_modules/vue-loader/lib/index.js??vue-loader-options!/data/5e-admin/src/views/file/File.vue?vue&type=script&lang=js
<s> [webpack.Progress] 67% building 481/499 modules 18 active /data/5e-admin/node_modules/cache-loader/dist/cjs.js?{"cacheDirectory":"node_modules/.cache/vue-loader","cacheIdentifier":"f79bae76-vue-loader-template"}!/data/5e-admin/node_modules/vue-loader/lib/loaders/templateLoader.js??vue-loader-options!/data/5e-admin/node_modules/cache-loader/dist/cjs.js??ref--0-0!/data/5e-admin/node_modules/vue-loader/lib/index.js??vue-loader-options!/data/5e-admin/src/views/file/File.vue?vue&type=template&id=e23cabb6
<s> [webpack.Progress] 67% building 481/500 modules 19 active /data/5e-admin/node_modules/vue-style-loader/index.js??ref--6-oneOf-1-0!/data/5e-admin/node_modules/css-loader/dist/cjs.js??ref--6-oneOf-1-1!/data/5e-admin/node_modules/vue-loader/lib/loaders/stylePostLoader.js!/data/5e-admin/node_modules/postcss-loader/src/index.js??ref--6-oneOf-1-2!/data/5e-admin/node_modules/cache-loader/dist/cjs.js??ref--0-0!/data/5e-admin/node_modules/vue-loader/lib/index.js??vue-loader-options!/data/5e-admin/src/views/file/File.vue?vue&type=style&index=0&id=e23cabb6&lang=css
<s> [webpack.Progress] 67% building 482/500 modules 18 active /data/5e-admin/node_modules/cache-loader/dist/cjs.js?{"cacheDirectory":"node_modules/.cache/vue-loader","cacheIdentifier":"f79bae76-vue-loader-template"}!/data/5e-admin/node_modules/vue-loader/lib/loaders/templateLoader.js??vue-loader-options!/data/5e-admin/node_modules/cache-loader/dist/cjs.js??ref--0-0!/data/5e-admin/node_modules/vue-loader/lib/index.js??vue-loader-options!/data/5e-admin/src/views/file/File.vue?vue&type=template&id=e23cabb6
<s> [webpack.Progress] 67% building 482/501 modules 19 active /data/5e-admin/node_modules/css-loader/dist/cjs.js??ref--6-oneOf-1-1!/data/5e-admin/node_modules/vue-loader/lib/loaders/stylePostLoader.js!/data/5e-admin/node_modules/postcss-loader/src/index.js??ref--6-oneOf-1-2!/data/5e-admin/node_modules/cache-loader/dist/cjs.js??ref--0-0!/data/5e-admin/node_modules/vue-loader/lib/index.js??vue-loader-options!/data/5e-admin/src/views/file/File.vue?vue&type=style&index=0&id=e23cabb6&lang=css
<s> [webpack.Progress] 67% building 482/502 modules 20 active /data/5e-admin/node_modules/vue-loader/lib/loaders/pitcher.js??ref--4!/data/5e-admin/node_modules/cache-loader/dist/cjs.js??ref--0-0!/data/5e-admin/node_modules/vue-loader/lib/index.js??vue-loader-options!/data/5e-admin/node_modules/eslint-loader/index.js??ref--13-0!/data/5e-admin/src/views/table/word-table.vue?vue&type=template&id=07249646
<s> [webpack.Progress] 67% building 483/502 modules 19 active /data/5e-admin/node_modules/css-loader/dist/cjs.js??ref--6-oneOf-1-1!/data/5e-admin/node_modules/vue-loader/lib/loaders/stylePostLoader.js!/data/5e-admin/node_modules/postcss-loader/src/index.js??ref--6-oneOf-1-2!/data/5e-admin/node_modules/cache-loader/dist/cjs.js??ref--0-0!/data/5e-admin/node_modules/vue-loader/lib/index.js??vue-loader-options!/data/5e-admin/src/views/file/File.vue?vue&type=style&index=0&id=e23cabb6&lang=css
<s> [webpack.Progress] 67% building 483/503 modules 20 active /data/5e-admin/node_modules/vue-loader/lib/loaders/pitcher.js??ref--4!/data/5e-admin/node_modules/cache-loader/dist/cjs.js??ref--12-0!/data/5e-admin/node_modules/babel-loader/lib/index.js!/data/5e-admin/node_modules/cache-loader/dist/cjs.js??ref--0-0!/data/5e-admin/node_modules/vue-loader/lib/index.js??vue-loader-options!/data/5e-admin/node_modules/eslint-loader/index.js??ref--13-0!/data/5e-admin/node_modules/eslint-loader/index.js??ref--13-0!/data/5e-admin/src/views/table/word-table.vue?vue&type=script&lang=js
<s> [webpack.Progress] 67% building 484/503 modules 19 active /data/5e-admin/node_modules/css-loader/dist/cjs.js??ref--6-oneOf-1-1!/data/5e-admin/node_modules/vue-loader/lib/loaders/stylePostLoader.js!/data/5e-admin/node_modules/postcss-loader/src/index.js??ref--6-oneOf-1-2!/data/5e-admin/node_modules/cache-loader/dist/cjs.js??ref--0-0!/data/5e-admin/node_modules/vue-loader/lib/index.js??vue-loader-options!/data/5e-admin/src/views/file/File.vue?vue&type=style&index=0&id=e23cabb6&lang=css
<s> [webpack.Progress] 67% building 484/504 modules 20 active /data/5e-admin/node_modules/cache-loader/dist/cjs.js??ref--12-0!/data/5e-admin/node_modules/babel-loader/lib/index.js!/data/5e-admin/node_modules/cache-loader/dist/cjs.js??ref--0-0!/data/5e-admin/node_modules/vue-loader/lib/index.js??vue-loader-options!/data/5e-admin/src/views/table/word-table.vue?vue&type=script&lang=js
<s> [webpack.Progress] 67% building 484/505 modules 21 active /data/5e-admin/node_modules/cache-loader/dist/cjs.js?{"cacheDirectory":"node_modules/.cache/vue-loader","cacheIdentifier":"f79bae76-vue-loader-template"}!/data/5e-admin/node_modules/vue-loader/lib/loaders/templateLoader.js??vue-loader-options!/data/5e-admin/node_modules/cache-loader/dist/cjs.js??ref--0-0!/data/5e-admin/node_modules/vue-loader/lib/index.js??vue-loader-options!/data/5e-admin/src/views/table/word-table.vue?vue&type=template&id=07249646
<s> [webpack.Progress] 67% building 484/506 modules 22 active /data/5e-admin/node_modules/vue-loader/lib/loaders/pitcher.js??ref--4!/data/5e-admin/node_modules/cache-loader/dist/cjs.js??ref--0-0!/data/5e-admin/node_modules/vue-loader/lib/index.js??vue-loader-options!/data/5e-admin/node_modules/eslint-loader/index.js??ref--13-0!/data/5e-admin/src/views/table/word.vue?vue&type=template&id=d7e1b676
<s> [webpack.Progress] 67% building 485/506 modules 21 active /data/5e-admin/node_modules/cache-loader/dist/cjs.js?{"cacheDirectory":"node_modules/.cache/vue-loader","cacheIdentifier":"f79bae76-vue-loader-template"}!/data/5e-admin/node_modules/vue-loader/lib/loaders/templateLoader.js??vue-loader-options!/data/5e-admin/node_modules/cache-loader/dist/cjs.js??ref--0-0!/data/5e-admin/node_modules/vue-loader/lib/index.js??vue-loader-options!/data/5e-admin/src/views/table/word-table.vue?vue&type=template&id=07249646
<s> [webpack.Progress] 67% building 485/507 modules 22 active /data/5e-admin/node_modules/vue-loader/lib/loaders/pitcher.js??ref--4!/data/5e-admin/node_modules/cache-loader/dist/cjs.js??ref--12-0!/data/5e-admin/node_modules/babel-loader/lib/index.js!/data/5e-admin/node_modules/cache-loader/dist/cjs.js??ref--0-0!/data/5e-admin/node_modules/vue-loader/lib/index.js??vue-loader-options!/data/5e-admin/node_modules/eslint-loader/index.js??ref--13-0!/data/5e-admin/node_modules/eslint-loader/index.js??ref--13-0!/data/5e-admin/src/views/table/word.vue?vue&type=script&lang=js
<s> [webpack.Progress] 67% building 486/507 modules 21 active /data/5e-admin/node_modules/cache-loader/dist/cjs.js?{"cacheDirectory":"node_modules/.cache/vue-loader","cacheIdentifier":"f79bae76-vue-loader-template"}!/data/5e-admin/node_modules/vue-loader/lib/loaders/templateLoader.js??vue-loader-options!/data/5e-admin/node_modules/cache-loader/dist/cjs.js??ref--0-0!/data/5e-admin/node_modules/vue-loader/lib/index.js??vue-loader-options!/data/5e-admin/src/views/table/word-table.vue?vue&type=template&id=07249646
<s> [webpack.Progress] 67% building 486/508 modules 22 active /data/5e-admin/node_modules/cache-loader/dist/cjs.js??ref--12-0!/data/5e-admin/node_modules/babel-loader/lib/index.js!/data/5e-admin/node_modules/cache-loader/dist/cjs.js??ref--0-0!/data/5e-admin/node_modules/vue-loader/lib/index.js??vue-loader-options!/data/5e-admin/src/views/table/word.vue?vue&type=script&lang=js
<s> [webpack.Progress] 67% building 486/509 modules 23 active /data/5e-admin/node_modules/cache-loader/dist/cjs.js?{"cacheDirectory":"node_modules/.cache/vue-loader","cacheIdentifier":"f79bae76-vue-loader-template"}!/data/5e-admin/node_modules/vue-loader/lib/loaders/templateLoader.js??vue-loader-options!/data/5e-admin/node_modules/cache-loader/dist/cjs.js??ref--0-0!/data/5e-admin/node_modules/vue-loader/lib/index.js??vue-loader-options!/data/5e-admin/src/views/table/word.vue?vue&type=template&id=d7e1b676
<s> [webpack.Progress] 67% building 486/510 modules 24 active /data/5e-admin/node_modules/vue-loader/lib/loaders/pitcher.js??ref--4!/data/5e-admin/node_modules/cache-loader/dist/cjs.js??ref--0-0!/data/5e-admin/node_modules/vue-loader/lib/index.js??vue-loader-options!/data/5e-admin/node_modules/eslint-loader/index.js??ref--13-0!/data/5e-admin/src/views/table/key-word-table.vue?vue&type=template&id=0a5edc18
<s> [webpack.Progress] 67% building 487/510 modules 23 active /data/5e-admin/node_modules/cache-loader/dist/cjs.js?{"cacheDirectory":"node_modules/.cache/vue-loader","cacheIdentifier":"f79bae76-vue-loader-template"}!/data/5e-admin/node_modules/vue-loader/lib/loaders/templateLoader.js??vue-loader-options!/data/5e-admin/node_modules/cache-loader/dist/cjs.js??ref--0-0!/data/5e-admin/node_modules/vue-loader/lib/index.js??vue-loader-options!/data/5e-admin/src/views/table/word.vue?vue&type=template&id=d7e1b676
<s> [webpack.Progress] 67% building 487/511 modules 24 active /data/5e-admin/node_modules/vue-loader/lib/loaders/pitcher.js??ref--4!/data/5e-admin/node_modules/cache-loader/dist/cjs.js??ref--12-0!/data/5e-admin/node_modules/babel-loader/lib/index.js!/data/5e-admin/node_modules/cache-loader/dist/cjs.js??ref--0-0!/data/5e-admin/node_modules/vue-loader/lib/index.js??vue-loader-options!/data/5e-admin/node_modules/eslint-loader/index.js??ref--13-0!/data/5e-admin/node_modules/eslint-loader/index.js??ref--13-0!/data/5e-admin/src/views/table/key-word-table.vue?vue&type=script&lang=js
<s> [webpack.Progress] 67% building 488/511 modules 23 active /data/5e-admin/node_modules/cache-loader/dist/cjs.js?{"cacheDirectory":"node_modules/.cache/vue-loader","cacheIdentifier":"f79bae76-vue-loader-template"}!/data/5e-admin/node_modules/vue-loader/lib/loaders/templateLoader.js??vue-loader-options!/data/5e-admin/node_modules/cache-loader/dist/cjs.js??ref--0-0!/data/5e-admin/node_modules/vue-loader/lib/index.js??vue-loader-options!/data/5e-admin/src/views/table/word.vue?vue&type=template&id=d7e1b676
<s> [webpack.Progress] 67% building 488/512 modules 24 active /data/5e-admin/node_modules/cache-loader/dist/cjs.js??ref--12-0!/data/5e-admin/node_modules/babel-loader/lib/index.js!/data/5e-admin/node_modules/cache-loader/dist/cjs.js??ref--0-0!/data/5e-admin/node_modules/vue-loader/lib/index.js??vue-loader-options!/data/5e-admin/src/views/table/key-word-table.vue?vue&type=script&lang=js
<s> [webpack.Progress] 67% building 488/513 modules 25 active /data/5e-admin/node_modules/cache-loader/dist/cjs.js?{"cacheDirectory":"node_modules/.cache/vue-loader","cacheIdentifier":"f79bae76-vue-loader-template"}!/data/5e-admin/node_modules/vue-loader/lib/loaders/templateLoader.js??vue-loader-options!/data/5e-admin/node_modules/cache-loader/dist/cjs.js??ref--0-0!/data/5e-admin/node_modules/vue-loader/lib/index.js??vue-loader-options!/data/5e-admin/src/views/table/key-word-table.vue?vue&type=template&id=0a5edc18
<s> [webpack.Progress] 67% building 489/513 modules 24 active /data/5e-admin/node_modules/cache-loader/dist/cjs.js?{"cacheDirectory":"node_modules/.cache/vue-loader","cacheIdentifier":"f79bae76-vue-loader-template"}!/data/5e-admin/node_modules/vue-loader/lib/loaders/templateLoader.js??vue-loader-options!/data/5e-admin/node_modules/cache-loader/dist/cjs.js??ref--0-0!/data/5e-admin/node_modules/vue-loader/lib/index.js??vue-loader-options!/data/5e-admin/src/views/table/key-word-table.vue?vue&type=template&id=0a5edc18
<s> [webpack.Progress] 67% building 490/513 modules 23 active /data/5e-admin/node_modules/cache-loader/dist/cjs.js?{"cacheDirectory":"node_modules/.cache/vue-loader","cacheIdentifier":"f79bae76-vue-loader-template"}!/data/5e-admin/node_modules/vue-loader/lib/loaders/templateLoader.js??vue-loader-options!/data/5e-admin/node_modules/cache-loader/dist/cjs.js??ref--0-0!/data/5e-admin/node_modules/vue-loader/lib/index.js??vue-loader-options!/data/5e-admin/src/views/table/key-word-table.vue?vue&type=template&id=0a5edc18
<s> [webpack.Progress] 67% building 490/514 modules 24 active /data/5e-admin/node_modules/vue-loader/lib/loaders/pitcher.js??ref--4!/data/5e-admin/node_modules/cache-loader/dist/cjs.js??ref--0-0!/data/5e-admin/node_modules/vue-loader/lib/index.js??vue-loader-options!/data/5e-admin/node_modules/eslint-loader/index.js??ref--13-0!/data/5e-admin/src/layout/index.vue?vue&type=template&id=13877386&scoped=true
<s> [webpack.Progress] 67% building 491/514 modules 23 active /data/5e-admin/node_modules/cache-loader/dist/cjs.js?{"cacheDirectory":"node_modules/.cache/vue-loader","cacheIdentifier":"f79bae76-vue-loader-template"}!/data/5e-admin/node_modules/vue-loader/lib/loaders/templateLoader.js??vue-loader-options!/data/5e-admin/node_modules/cache-loader/dist/cjs.js??ref--0-0!/data/5e-admin/node_modules/vue-loader/lib/index.js??vue-loader-options!/data/5e-admin/src/views/table/key-word-table.vue?vue&type=template&id=0a5edc18
<s> [webpack.Progress] 67% building 491/515 modules 24 active /data/5e-admin/node_modules/vue-loader/lib/loaders/pitcher.js??ref--4!/data/5e-admin/node_modules/cache-loader/dist/cjs.js??ref--12-0!/data/5e-admin/node_modules/babel-loader/lib/index.js!/data/5e-admin/node_modules/cache-loader/dist/cjs.js??ref--0-0!/data/5e-admin/node_modules/vue-loader/lib/index.js??vue-loader-options!/data/5e-admin/node_modules/eslint-loader/index.js??ref--13-0!/data/5e-admin/node_modules/eslint-loader/index.js??ref--13-0!/data/5e-admin/src/layout/index.vue?vue&type=script&lang=js
<s> [webpack.Progress] 67% building 492/515 modules 23 active /data/5e-admin/node_modules/cache-loader/dist/cjs.js?{"cacheDirectory":"node_modules/.cache/vue-loader","cacheIdentifier":"f79bae76-vue-loader-template"}!/data/5e-admin/node_modules/vue-loader/lib/loaders/templateLoader.js??vue-loader-options!/data/5e-admin/node_modules/cache-loader/dist/cjs.js??ref--0-0!/data/5e-admin/node_modules/vue-loader/lib/index.js??vue-loader-options!/data/5e-admin/src/views/table/key-word-table.vue?vue&type=template&id=0a5edc18
<s> [webpack.Progress] 67% building 492/516 modules 24 active /data/5e-admin/node_modules/vue-loader/lib/loaders/pitcher.js??ref--4!/data/5e-admin/node_modules/vue-style-loader/index.js??ref--8-oneOf-1-0!/data/5e-admin/node_modules/css-loader/dist/cjs.js??ref--8-oneOf-1-1!/data/5e-admin/node_modules/postcss-loader/src/index.js??ref--8-oneOf-1-2!/data/5e-admin/node_modules/sass-loader/dist/cjs.js??ref--8-oneOf-1-3!/data/5e-admin/node_modules/cache-loader/dist/cjs.js??ref--0-0!/data/5e-admin/node_modules/vue-loader/lib/index.js??vue-loader-options!/data/5e-admin/node_modules/eslint-loader/index.js??ref--13-0!/data/5e-admin/src/layout/index.vue?vue&type=style&index=0&id=13877386&lang=scss&scoped=true
<s> [webpack.Progress] 67% building 493/516 modules 23 active /data/5e-admin/node_modules/cache-loader/dist/cjs.js?{"cacheDirectory":"node_modules/.cache/vue-loader","cacheIdentifier":"f79bae76-vue-loader-template"}!/data/5e-admin/node_modules/vue-loader/lib/loaders/templateLoader.js??vue-loader-options!/data/5e-admin/node_modules/cache-loader/dist/cjs.js??ref--0-0!/data/5e-admin/node_modules/vue-loader/lib/index.js??vue-loader-options!/data/5e-admin/src/views/table/key-word-table.vue?vue&type=template&id=0a5edc18
<s> [webpack.Progress] 67% building 493/517 modules 24 active /data/5e-admin/node_modules/cache-loader/dist/cjs.js??ref--12-0!/data/5e-admin/node_modules/babel-loader/lib/index.js!/data/5e-admin/node_modules/cache-loader/dist/cjs.js??ref--0-0!/data/5e-admin/node_modules/vue-loader/lib/index.js??vue-loader-options!/data/5e-admin/src/layout/index.vue?vue&type=script&lang=js
<s> [webpack.Progress] 67% building 493/518 modules 25 active /data/5e-admin/node_modules/cache-loader/dist/cjs.js?{"cacheDirectory":"node_modules/.cache/vue-loader","cacheIdentifier":"f79bae76-vue-loader-template"}!/data/5e-admin/node_modules/vue-loader/lib/loaders/templateLoader.js??vue-loader-options!/data/5e-admin/node_modules/cache-loader/dist/cjs.js??ref--0-0!/data/5e-admin/node_modules/vue-loader/lib/index.js??vue-loader-options!/data/5e-admin/src/layout/index.vue?vue&type=template&id=13877386&scoped=true
<s> [webpack.Progress] 66% building 493/519 modules 26 active /data/5e-admin/node_modules/vue-style-loader/index.js??ref--8-oneOf-1-0!/data/5e-admin/node_modules/css-loader/dist/cjs.js??ref--8-oneOf-1-1!/data/5e-admin/node_modules/vue-loader/lib/loaders/stylePostLoader.js!/data/5e-admin/node_modules/postcss-loader/src/index.js??ref--8-oneOf-1-2!/data/5e-admin/node_modules/sass-loader/dist/cjs.js??ref--8-oneOf-1-3!/data/5e-admin/node_modules/cache-loader/dist/cjs.js??ref--0-0!/data/5e-admin/node_modules/vue-loader/lib/index.js??vue-loader-options!/data/5e-admin/src/layout/index.vue?vue&type=style&index=0&id=13877386&lang=scss&scoped=true
<s> [webpack.Progress] 67% building 494/519 modules 25 active /data/5e-admin/node_modules/cache-loader/dist/cjs.js?{"cacheDirectory":"node_modules/.cache/vue-loader","cacheIdentifier":"f79bae76-vue-loader-template"}!/data/5e-admin/node_modules/vue-loader/lib/loaders/templateLoader.js??vue-loader-options!/data/5e-admin/node_modules/cache-loader/dist/cjs.js??ref--0-0!/data/5e-admin/node_modules/vue-loader/lib/index.js??vue-loader-options!/data/5e-admin/src/layout/index.vue?vue&type=template&id=13877386&scoped=true
<s> [webpack.Progress] 67% building 494/520 modules 26 active /data/5e-admin/node_modules/css-loader/dist/cjs.js??ref--8-oneOf-1-1!/data/5e-admin/node_modules/vue-loader/lib/loaders/stylePostLoader.js!/data/5e-admin/node_modules/postcss-loader/src/index.js??ref--8-oneOf-1-2!/data/5e-admin/node_modules/sass-loader/dist/cjs.js??ref--8-oneOf-1-3!/data/5e-admin/node_modules/cache-loader/dist/cjs.js??ref--0-0!/data/5e-admin/node_modules/vue-loader/lib/index.js??vue-loader-options!/data/5e-admin/src/layout/index.vue?vue&type=style&index=0&id=13877386&lang=scss&scoped=true
<s> [webpack.Progress] 67% building 495/520 modules 25 active /data/5e-admin/node_modules/css-loader/dist/cjs.js??ref--8-oneOf-1-1!/data/5e-admin/node_modules/vue-loader/lib/loaders/stylePostLoader.js!/data/5e-admin/node_modules/postcss-loader/src/index.js??ref--8-oneOf-1-2!/data/5e-admin/node_modules/sass-loader/dist/cjs.js??ref--8-oneOf-1-3!/data/5e-admin/node_modules/cache-loader/dist/cjs.js??ref--0-0!/data/5e-admin/node_modules/vue-loader/lib/index.js??vue-loader-options!/data/5e-admin/src/layout/index.vue?vue&type=style&index=0&id=13877386&lang=scss&scoped=true
<s> [webpack.Progress] 67% building 496/520 modules 24 active /data/5e-admin/node_modules/css-loader/dist/cjs.js??ref--8-oneOf-1-1!/data/5e-admin/node_modules/vue-loader/lib/loaders/stylePostLoader.js!/data/5e-admin/node_modules/postcss-loader/src/index.js??ref--8-oneOf-1-2!/data/5e-admin/node_modules/sass-loader/dist/cjs.js??ref--8-oneOf-1-3!/data/5e-admin/node_modules/cache-loader/dist/cjs.js??ref--0-0!/data/5e-admin/node_modules/vue-loader/lib/index.js??vue-loader-options!/data/5e-admin/src/layout/index.vue?vue&type=style&index=0&id=13877386&lang=scss&scoped=true
<s> [webpack.Progress] 67% building 497/520 modules 23 active /data/5e-admin/node_modules/css-loader/dist/cjs.js??ref--8-oneOf-1-1!/data/5e-admin/node_modules/vue-loader/lib/loaders/stylePostLoader.js!/data/5e-admin/node_modules/postcss-loader/src/index.js??ref--8-oneOf-1-2!/data/5e-admin/node_modules/sass-loader/dist/cjs.js??ref--8-oneOf-1-3!/data/5e-admin/node_modules/cache-loader/dist/cjs.js??ref--0-0!/data/5e-admin/node_modules/vue-loader/lib/index.js??vue-loader-options!/data/5e-admin/src/layout/index.vue?vue&type=style&index=0&id=13877386&lang=scss&scoped=true
<s> [webpack.Progress] 67% building 498/520 modules 22 active /data/5e-admin/node_modules/css-loader/dist/cjs.js??ref--8-oneOf-1-1!/data/5e-admin/node_modules/vue-loader/lib/loaders/stylePostLoader.js!/data/5e-admin/node_modules/postcss-loader/src/index.js??ref--8-oneOf-1-2!/data/5e-admin/node_modules/sass-loader/dist/cjs.js??ref--8-oneOf-1-3!/data/5e-admin/node_modules/cache-loader/dist/cjs.js??ref--0-0!/data/5e-admin/node_modules/vue-loader/lib/index.js??vue-loader-options!/data/5e-admin/src/layout/index.vue?vue&type=style&index=0&id=13877386&lang=scss&scoped=true
<s> [webpack.Progress] 67% building 498/521 modules 23 active /data/5e-admin/node_modules/async-validator/es/rule/required.js
<s> [webpack.Progress] 67% building 498/522 modules 24 active /data/5e-admin/node_modules/async-validator/es/rule/whitespace.js
<s> [webpack.Progress] 67% building 498/523 modules 25 active /data/5e-admin/node_modules/async-validator/es/rule/type.js
<s> [webpack.Progress] 67% building 498/524 modules 26 active /data/5e-admin/node_modules/async-validator/es/rule/range.js
<s> [webpack.Progress] 66% building 498/525 modules 27 active /data/5e-admin/node_modules/async-validator/es/rule/enum.js
<s> [webpack.Progress] 66% building 498/526 modules 28 active /data/5e-admin/node_modules/async-validator/es/rule/pattern.js
<s> [webpack.Progress] 66% building 499/526 modules 27 active /data/5e-admin/node_modules/async-validator/es/rule/pattern.js
<s> [webpack.Progress] 66% building 499/527 modules 28 active /data/5e-admin/node_modules/cache-loader/dist/cjs.js??ref--0-0!/data/5e-admin/node_modules/vue-loader/lib/index.js??vue-loader-options!/data/5e-admin/node_modules/eslint-loader/index.js??ref--13-0!/data/5e-admin/src/views/login/components/SocialSignin.vue
<s> [webpack.Progress] 66% building 500/527 modules 27 active /data/5e-admin/node_modules/cache-loader/dist/cjs.js??ref--0-0!/data/5e-admin/node_modules/vue-loader/lib/index.js??vue-loader-options!/data/5e-admin/node_modules/eslint-loader/index.js??ref--13-0!/data/5e-admin/src/views/login/components/SocialSignin.vue
<s> [webpack.Progress] 67% building 501/527 modules 26 active /data/5e-admin/node_modules/cache-loader/dist/cjs.js??ref--0-0!/data/5e-admin/node_modules/vue-loader/lib/index.js??vue-loader-options!/data/5e-admin/node_modules/eslint-loader/index.js??ref--13-0!/data/5e-admin/src/views/login/components/SocialSignin.vue
<s> [webpack.Progress] 67% building 502/527 modules 25 active /data/5e-admin/node_modules/cache-loader/dist/cjs.js??ref--0-0!/data/5e-admin/node_modules/vue-loader/lib/index.js??vue-loader-options!/data/5e-admin/node_modules/eslint-loader/index.js??ref--13-0!/data/5e-admin/src/views/login/components/SocialSignin.vue
<s> [webpack.Progress] 67% building 503/527 modules 24 active /data/5e-admin/node_modules/cache-loader/dist/cjs.js??ref--0-0!/data/5e-admin/node_modules/vue-loader/lib/index.js??vue-loader-options!/data/5e-admin/node_modules/eslint-loader/index.js??ref--13-0!/data/5e-admin/src/views/login/components/SocialSignin.vue
<s> [webpack.Progress] 67% building 504/527 modules 23 active /data/5e-admin/node_modules/cache-loader/dist/cjs.js??ref--0-0!/data/5e-admin/node_modules/vue-loader/lib/index.js??vue-loader-options!/data/5e-admin/node_modules/eslint-loader/index.js??ref--13-0!/data/5e-admin/src/views/login/components/SocialSignin.vue
<s> [webpack.Progress] 67% building 505/527 modules 22 active /data/5e-admin/node_modules/cache-loader/dist/cjs.js??ref--0-0!/data/5e-admin/node_modules/vue-loader/lib/index.js??vue-loader-options!/data/5e-admin/node_modules/eslint-loader/index.js??ref--13-0!/data/5e-admin/src/views/login/components/SocialSignin.vue
<s> [webpack.Progress] 67% building 506/527 modules 21 active /data/5e-admin/node_modules/cache-loader/dist/cjs.js??ref--0-0!/data/5e-admin/node_modules/vue-loader/lib/index.js??vue-loader-options!/data/5e-admin/node_modules/eslint-loader/index.js??ref--13-0!/data/5e-admin/src/views/login/components/SocialSignin.vue
<s> [webpack.Progress] 67% building 507/527 modules 20 active /data/5e-admin/node_modules/cache-loader/dist/cjs.js??ref--0-0!/data/5e-admin/node_modules/vue-loader/lib/index.js??vue-loader-options!/data/5e-admin/node_modules/eslint-loader/index.js??ref--13-0!/data/5e-admin/src/views/login/components/SocialSignin.vue
<s> [webpack.Progress] 67% building 507/528 modules 21 active /data/5e-admin/node_modules/core-js/internals/same-value.js
<s> [webpack.Progress] 67% building 508/528 modules 20 active /data/5e-admin/node_modules/core-js/internals/same-value.js
<s> [webpack.Progress] 67% building 509/528 modules 19 active /data/5e-admin/node_modules/core-js/internals/same-value.js
<s> [webpack.Progress] 67% building 509/529 modules 20 active /data/5e-admin/node_modules/babel-runtime/node_modules/core-js/library/fn/symbol/iterator.js
<s> [webpack.Progress] 67% building 509/530 modules 21 active /data/5e-admin/node_modules/babel-runtime/node_modules/core-js/library/fn/object/assign.js
<s> [webpack.Progress] 67% building 509/531 modules 22 active /data/5e-admin/node_modules/core-js/internals/array-from.js
<s> [webpack.Progress] 67% building 509/532 modules 23 active /data/5e-admin/node_modules/core-js/internals/collection-strong.js
<s> [webpack.Progress] 67% building 509/533 modules 24 active /data/5e-admin/node_modules/core-js/internals/string-pad.js
<s> [webpack.Progress] 67% building 509/534 modules 25 active /data/5e-admin/node_modules/core-js/internals/string-pad-webkit-bug.js
<s> [webpack.Progress] 67% building 509/535 modules 26 active /data/5e-admin/node_modules/core-js/modules/es.array.sort.js
<s> [webpack.Progress] 67% building 510/535 modules 25 active /data/5e-admin/node_modules/core-js/modules/es.array.sort.js
<s> [webpack.Progress] 67% building 511/535 modules 24 active /data/5e-admin/node_modules/core-js/modules/es.array.sort.js
<s> [webpack.Progress] 67% building 512/535 modules 23 active /data/5e-admin/node_modules/core-js/modules/es.array.sort.js
<s> [webpack.Progress] 67% building 513/535 modules 22 active /data/5e-admin/node_modules/core-js/modules/es.array.sort.js
<s> [webpack.Progress] 67% building 514/535 modules 21 active /data/5e-admin/node_modules/core-js/modules/es.array.sort.js
<s> [webpack.Progress] 67% building 515/535 modules 20 active /data/5e-admin/node_modules/core-js/modules/es.array.sort.js
<s> [webpack.Progress] 67% building 516/535 modules 19 active /data/5e-admin/node_modules/core-js/modules/es.array.sort.js
<s> [webpack.Progress] 67% building 517/535 modules 18 active /data/5e-admin/node_modules/core-js/modules/es.array.sort.js
<s> [webpack.Progress] 67% building 517/536 modules 19 active /data/5e-admin/node_modules/element-ui/lib/utils/popup/popup-manager.js
<s> [webpack.Progress] 67% building 517/537 modules 20 active /data/5e-admin/node_modules/side-channel-list/index.js
<s> [webpack.Progress] 67% building 517/538 modules 21 active /data/5e-admin/node_modules/object-inspect/index.js
<s> [webpack.Progress] 67% building 517/539 modules 22 active /data/5e-admin/node_modules/side-channel-map/index.js
<s> [webpack.Progress] 67% building 517/540 modules 23 active /data/5e-admin/node_modules/side-channel-weakmap/index.js
<s> [webpack.Progress] 67% building 518/540 modules 22 active /data/5e-admin/node_modules/side-channel-weakmap/index.js
<s> [webpack.Progress] 67% building 518/541 modules 23 active /data/5e-admin/node_modules/vue-loader/lib/loaders/pitcher.js??ref--4!/data/5e-admin/node_modules/cache-loader/dist/cjs.js??ref--0-0!/data/5e-admin/node_modules/vue-loader/lib/index.js??vue-loader-options!/data/5e-admin/node_modules/eslint-loader/index.js??ref--13-0!/data/5e-admin/src/views/login/components/SocialSignin.vue?vue&type=template&id=2b33be98&scoped=true
<s> [webpack.Progress] 67% building 519/541 modules 22 active /data/5e-admin/node_modules/side-channel-weakmap/index.js
<s> [webpack.Progress] 67% building 519/542 modules 23 active /data/5e-admin/node_modules/vue-loader/lib/loaders/pitcher.js??ref--4!/data/5e-admin/node_modules/cache-loader/dist/cjs.js??ref--12-0!/data/5e-admin/node_modules/babel-loader/lib/index.js!/data/5e-admin/node_modules/cache-loader/dist/cjs.js??ref--0-0!/data/5e-admin/node_modules/vue-loader/lib/index.js??vue-loader-options!/data/5e-admin/node_modules/eslint-loader/index.js??ref--13-0!/data/5e-admin/node_modules/eslint-loader/index.js??ref--13-0!/data/5e-admin/src/views/login/components/SocialSignin.vue?vue&type=script&lang=js
<s> [webpack.Progress] 67% building 520/542 modules 22 active /data/5e-admin/node_modules/side-channel-weakmap/index.js
<s> [webpack.Progress] 67% building 520/543 modules 23 active /data/5e-admin/node_modules/vue-loader/lib/loaders/pitcher.js??ref--4!/data/5e-admin/node_modules/vue-style-loader/index.js??ref--8-oneOf-1-0!/data/5e-admin/node_modules/css-loader/dist/cjs.js??ref--8-oneOf-1-1!/data/5e-admin/node_modules/postcss-loader/src/index.js??ref--8-oneOf-1-2!/data/5e-admin/node_modules/sass-loader/dist/cjs.js??ref--8-oneOf-1-3!/data/5e-admin/node_modules/cache-loader/dist/cjs.js??ref--0-0!/data/5e-admin/node_modules/vue-loader/lib/index.js??vue-loader-options!/data/5e-admin/node_modules/eslint-loader/index.js??ref--13-0!/data/5e-admin/src/views/login/components/SocialSignin.vue?vue&type=style&index=0&id=2b33be98&lang=scss&scoped=true
<s> [webpack.Progress] 67% building 521/543 modules 22 active /data/5e-admin/node_modules/side-channel-weakmap/index.js
<s> [webpack.Progress] 67% building 521/544 modules 23 active /data/5e-admin/node_modules/cache-loader/dist/cjs.js??ref--12-0!/data/5e-admin/node_modules/babel-loader/lib/index.js!/data/5e-admin/node_modules/cache-loader/dist/cjs.js??ref--0-0!/data/5e-admin/node_modules/vue-loader/lib/index.js??vue-loader-options!/data/5e-admin/src/views/login/components/SocialSignin.vue?vue&type=script&lang=js
<s> [webpack.Progress] 67% building 521/545 modules 24 active /data/5e-admin/node_modules/cache-loader/dist/cjs.js?{"cacheDirectory":"node_modules/.cache/vue-loader","cacheIdentifier":"f79bae76-vue-loader-template"}!/data/5e-admin/node_modules/vue-loader/lib/loaders/templateLoader.js??vue-loader-options!/data/5e-admin/node_modules/cache-loader/dist/cjs.js??ref--0-0!/data/5e-admin/node_modules/vue-loader/lib/index.js??vue-loader-options!/data/5e-admin/src/views/login/components/SocialSignin.vue?vue&type=template&id=2b33be98&scoped=true
<s> [webpack.Progress] 67% building 521/546 modules 25 active /data/5e-admin/node_modules/vue-style-loader/index.js??ref--8-oneOf-1-0!/data/5e-admin/node_modules/css-loader/dist/cjs.js??ref--8-oneOf-1-1!/data/5e-admin/node_modules/vue-loader/lib/loaders/stylePostLoader.js!/data/5e-admin/node_modules/postcss-loader/src/index.js??ref--8-oneOf-1-2!/data/5e-admin/node_modules/sass-loader/dist/cjs.js??ref--8-oneOf-1-3!/data/5e-admin/node_modules/cache-loader/dist/cjs.js??ref--0-0!/data/5e-admin/node_modules/vue-loader/lib/index.js??vue-loader-options!/data/5e-admin/src/views/login/components/SocialSignin.vue?vue&type=style&index=0&id=2b33be98&lang=scss&scoped=true
<s> [webpack.Progress] 67% building 522/546 modules 24 active /data/5e-admin/node_modules/cache-loader/dist/cjs.js?{"cacheDirectory":"node_modules/.cache/vue-loader","cacheIdentifier":"f79bae76-vue-loader-template"}!/data/5e-admin/node_modules/vue-loader/lib/loaders/templateLoader.js??vue-loader-options!/data/5e-admin/node_modules/cache-loader/dist/cjs.js??ref--0-0!/data/5e-admin/node_modules/vue-loader/lib/index.js??vue-loader-options!/data/5e-admin/src/views/login/components/SocialSignin.vue?vue&type=template&id=2b33be98&scoped=true
<s> [webpack.Progress] 67% building 522/547 modules 25 active /data/5e-admin/node_modules/css-loader/dist/cjs.js??ref--8-oneOf-1-1!/data/5e-admin/node_modules/vue-loader/lib/loaders/stylePostLoader.js!/data/5e-admin/node_modules/postcss-loader/src/index.js??ref--8-oneOf-1-2!/data/5e-admin/node_modules/sass-loader/dist/cjs.js??ref--8-oneOf-1-3!/data/5e-admin/node_modules/cache-loader/dist/cjs.js??ref--0-0!/data/5e-admin/node_modules/vue-loader/lib/index.js??vue-loader-options!/data/5e-admin/src/views/login/components/SocialSignin.vue?vue&type=style&index=0&id=2b33be98&lang=scss&scoped=true
<s> [webpack.Progress] 67% building 523/547 modules 24 active /data/5e-admin/node_modules/css-loader/dist/cjs.js??ref--8-oneOf-1-1!/data/5e-admin/node_modules/vue-loader/lib/loaders/stylePostLoader.js!/data/5e-admin/node_modules/postcss-loader/src/index.js??ref--8-oneOf-1-2!/data/5e-admin/node_modules/sass-loader/dist/cjs.js??ref--8-oneOf-1-3!/data/5e-admin/node_modules/cache-loader/dist/cjs.js??ref--0-0!/data/5e-admin/node_modules/vue-loader/lib/index.js??vue-loader-options!/data/5e-admin/src/views/login/components/SocialSignin.vue?vue&type=style&index=0&id=2b33be98&lang=scss&scoped=true
<s> [webpack.Progress] 67% building 524/547 modules 23 active /data/5e-admin/node_modules/css-loader/dist/cjs.js??ref--8-oneOf-1-1!/data/5e-admin/node_modules/vue-loader/lib/loaders/stylePostLoader.js!/data/5e-admin/node_modules/postcss-loader/src/index.js??ref--8-oneOf-1-2!/data/5e-admin/node_modules/sass-loader/dist/cjs.js??ref--8-oneOf-1-3!/data/5e-admin/node_modules/cache-loader/dist/cjs.js??ref--0-0!/data/5e-admin/node_modules/vue-loader/lib/index.js??vue-loader-options!/data/5e-admin/src/views/login/components/SocialSignin.vue?vue&type=style&index=0&id=2b33be98&lang=scss&scoped=true
<s> [webpack.Progress] 67% building 525/547 modules 22 active /data/5e-admin/node_modules/css-loader/dist/cjs.js??ref--8-oneOf-1-1!/data/5e-admin/node_modules/vue-loader/lib/loaders/stylePostLoader.js!/data/5e-admin/node_modules/postcss-loader/src/index.js??ref--8-oneOf-1-2!/data/5e-admin/node_modules/sass-loader/dist/cjs.js??ref--8-oneOf-1-3!/data/5e-admin/node_modules/cache-loader/dist/cjs.js??ref--0-0!/data/5e-admin/node_modules/vue-loader/lib/index.js??vue-loader-options!/data/5e-admin/src/views/login/components/SocialSignin.vue?vue&type=style&index=0&id=2b33be98&lang=scss&scoped=true
<s> [webpack.Progress] 67% building 526/547 modules 21 active /data/5e-admin/node_modules/css-loader/dist/cjs.js??ref--8-oneOf-1-1!/data/5e-admin/node_modules/vue-loader/lib/loaders/stylePostLoader.js!/data/5e-admin/node_modules/postcss-loader/src/index.js??ref--8-oneOf-1-2!/data/5e-admin/node_modules/sass-loader/dist/cjs.js??ref--8-oneOf-1-3!/data/5e-admin/node_modules/cache-loader/dist/cjs.js??ref--0-0!/data/5e-admin/node_modules/vue-loader/lib/index.js??vue-loader-options!/data/5e-admin/src/views/login/components/SocialSignin.vue?vue&type=style&index=0&id=2b33be98&lang=scss&scoped=true
<s> [webpack.Progress] 67% building 527/547 modules 20 active /data/5e-admin/node_modules/css-loader/dist/cjs.js??ref--8-oneOf-1-1!/data/5e-admin/node_modules/vue-loader/lib/loaders/stylePostLoader.js!/data/5e-admin/node_modules/postcss-loader/src/index.js??ref--8-oneOf-1-2!/data/5e-admin/node_modules/sass-loader/dist/cjs.js??ref--8-oneOf-1-3!/data/5e-admin/node_modules/cache-loader/dist/cjs.js??ref--0-0!/data/5e-admin/node_modules/vue-loader/lib/index.js??vue-loader-options!/data/5e-admin/src/views/login/components/SocialSignin.vue?vue&type=style&index=0&id=2b33be98&lang=scss&scoped=true
<s> [webpack.Progress] 67% building 528/547 modules 19 active /data/5e-admin/node_modules/css-loader/dist/cjs.js??ref--8-oneOf-1-1!/data/5e-admin/node_modules/vue-loader/lib/loaders/stylePostLoader.js!/data/5e-admin/node_modules/postcss-loader/src/index.js??ref--8-oneOf-1-2!/data/5e-admin/node_modules/sass-loader/dist/cjs.js??ref--8-oneOf-1-3!/data/5e-admin/node_modules/cache-loader/dist/cjs.js??ref--0-0!/data/5e-admin/node_modules/vue-loader/lib/index.js??vue-loader-options!/data/5e-admin/src/views/login/components/SocialSignin.vue?vue&type=style&index=0&id=2b33be98&lang=scss&scoped=true
<s> [webpack.Progress] 68% building 529/547 modules 18 active /data/5e-admin/node_modules/css-loader/dist/cjs.js??ref--8-oneOf-1-1!/data/5e-admin/node_modules/vue-loader/lib/loaders/stylePostLoader.js!/data/5e-admin/node_modules/postcss-loader/src/index.js??ref--8-oneOf-1-2!/data/5e-admin/node_modules/sass-loader/dist/cjs.js??ref--8-oneOf-1-3!/data/5e-admin/node_modules/cache-loader/dist/cjs.js??ref--0-0!/data/5e-admin/node_modules/vue-loader/lib/index.js??vue-loader-options!/data/5e-admin/src/views/login/components/SocialSignin.vue?vue&type=style&index=0&id=2b33be98&lang=scss&scoped=true
<s> [webpack.Progress] 67% building 529/548 modules 19 active /data/5e-admin/node_modules/cache-loader/dist/cjs.js??ref--12-0!/data/5e-admin/node_modules/babel-loader/lib/index.js!/data/5e-admin/node_modules/eslint-loader/index.js??ref--13-0!/data/5e-admin/src/api/words.js
<s> [webpack.Progress] 67% building 529/549 modules 20 active /data/5e-admin/node_modules/cache-loader/dist/cjs.js??ref--12-0!/data/5e-admin/node_modules/babel-loader/lib/index.js!/data/5e-admin/node_modules/eslint-loader/index.js??ref--13-0!/data/5e-admin/src/api/proofread.js
<s> [webpack.Progress] 67% building 530/549 modules 19 active /data/5e-admin/node_modules/cache-loader/dist/cjs.js??ref--12-0!/data/5e-admin/node_modules/babel-loader/lib/index.js!/data/5e-admin/node_modules/eslint-loader/index.js??ref--13-0!/data/5e-admin/src/api/proofread.js
<s> [webpack.Progress] 68% building 531/549 modules 18 active /data/5e-admin/node_modules/cache-loader/dist/cjs.js??ref--12-0!/data/5e-admin/node_modules/babel-loader/lib/index.js!/data/5e-admin/node_modules/eslint-loader/index.js??ref--13-0!/data/5e-admin/src/api/proofread.js
<s> [webpack.Progress] 68% building 532/549 modules 17 active /data/5e-admin/node_modules/cache-loader/dist/cjs.js??ref--12-0!/data/5e-admin/node_modules/babel-loader/lib/index.js!/data/5e-admin/node_modules/eslint-loader/index.js??ref--13-0!/data/5e-admin/src/api/proofread.js
<s> [webpack.Progress] 68% building 533/549 modules 16 active /data/5e-admin/node_modules/cache-loader/dist/cjs.js??ref--12-0!/data/5e-admin/node_modules/babel-loader/lib/index.js!/data/5e-admin/node_modules/eslint-loader/index.js??ref--13-0!/data/5e-admin/src/api/proofread.js
<s> [webpack.Progress] 68% building 534/549 modules 15 active /data/5e-admin/node_modules/cache-loader/dist/cjs.js??ref--12-0!/data/5e-admin/node_modules/babel-loader/lib/index.js!/data/5e-admin/node_modules/eslint-loader/index.js??ref--13-0!/data/5e-admin/src/api/proofread.js
<s> [webpack.Progress] 68% building 535/549 modules 14 active /data/5e-admin/node_modules/cache-loader/dist/cjs.js??ref--12-0!/data/5e-admin/node_modules/babel-loader/lib/index.js!/data/5e-admin/node_modules/eslint-loader/index.js??ref--13-0!/data/5e-admin/src/api/proofread.js
<s> [webpack.Progress] 68% building 536/549 modules 13 active /data/5e-admin/node_modules/cache-loader/dist/cjs.js??ref--12-0!/data/5e-admin/node_modules/babel-loader/lib/index.js!/data/5e-admin/node_modules/eslint-loader/index.js??ref--13-0!/data/5e-admin/src/api/proofread.js
<s> [webpack.Progress] 68% building 536/550 modules 14 active /data/5e-admin/node_modules/cache-loader/dist/cjs.js??ref--12-0!/data/5e-admin/node_modules/babel-loader/lib/index.js!/data/5e-admin/node_modules/eslint-loader/index.js??ref--13-0!/data/5e-admin/src/vendor/Export2Excel.js
<s> [webpack.Progress] 68% building 536/551 modules 15 active /data/5e-admin/node_modules/cache-loader/dist/cjs.js??ref--12-0!/data/5e-admin/node_modules/babel-loader/lib/index.js!/data/5e-admin/node_modules/eslint-loader/index.js??ref--13-0!/data/5e-admin/src/layout/mixin/ResizeHandler.js
<s> [webpack.Progress] 68% building 537/551 modules 14 active /data/5e-admin/node_modules/cache-loader/dist/cjs.js??ref--12-0!/data/5e-admin/node_modules/babel-loader/lib/index.js!/data/5e-admin/node_modules/eslint-loader/index.js??ref--13-0!/data/5e-admin/src/layout/mixin/ResizeHandler.js
<s> [webpack.Progress] 68% building 538/551 modules 13 active /data/5e-admin/node_modules/cache-loader/dist/cjs.js??ref--12-0!/data/5e-admin/node_modules/babel-loader/lib/index.js!/data/5e-admin/node_modules/eslint-loader/index.js??ref--13-0!/data/5e-admin/src/layout/mixin/ResizeHandler.js
<s> [webpack.Progress] 68% building 538/552 modules 14 active /data/5e-admin/node_modules/babel-runtime/node_modules/core-js/library/fn/symbol/index.js
<s> [webpack.Progress] 68% building 539/552 modules 13 active /data/5e-admin/node_modules/babel-runtime/node_modules/core-js/library/fn/symbol/index.js
<s> [webpack.Progress] 68% building 539/553 modules 14 active ignored /data/5e-admin/node_modules/object-inspect ./util.inspect
<s> [webpack.Progress] 68% building 540/553 modules 13 active /data/5e-admin/node_modules/babel-runtime/node_modules/core-js/library/fn/symbol/index.js
<s> [webpack.Progress] 68% building 541/553 modules 12 active /data/5e-admin/node_modules/babel-runtime/node_modules/core-js/library/fn/symbol/index.js
<s> [webpack.Progress] 68% building 541/554 modules 13 active /data/5e-admin/node_modules/babel-runtime/node_modules/core-js/library/modules/es6.string.iterator.js
<s> [webpack.Progress] 68% building 541/555 modules 14 active /data/5e-admin/node_modules/babel-runtime/node_modules/core-js/library/modules/web.dom.iterable.js
<s> [webpack.Progress] 68% building 541/556 modules 15 active /data/5e-admin/node_modules/babel-runtime/node_modules/core-js/library/modules/_wks-ext.js
<s> [webpack.Progress] 68% building 541/557 modules 16 active /data/5e-admin/node_modules/babel-runtime/node_modules/core-js/library/modules/es6.object.assign.js
<s> [webpack.Progress] 68% building 541/558 modules 17 active /data/5e-admin/node_modules/babel-runtime/node_modules/core-js/library/modules/_core.js
<s> [webpack.Progress] 68% building 541/559 modules 18 active /data/5e-admin/node_modules/core-js/modules/es.array-buffer.constructor.js
<s> [webpack.Progress] 67% building 541/560 modules 19 active /data/5e-admin/node_modules/core-js/modules/es.array-buffer.slice.js
<s> [webpack.Progress] 67% building 541/561 modules 20 active /data/5e-admin/node_modules/core-js/modules/es.typed-array.uint8-array.js
<s> [webpack.Progress] 67% building 541/562 modules 21 active /data/5e-admin/node_modules/core-js/modules/es.typed-array.copy-within.js
<s> [webpack.Progress] 67% building 541/563 modules 22 active /data/5e-admin/node_modules/core-js/modules/es.typed-array.every.js
<s> [webpack.Progress] 67% building 541/564 modules 23 active /data/5e-admin/node_modules/core-js/modules/es.typed-array.fill.js
<s> [webpack.Progress] 67% building 541/565 modules 24 active /data/5e-admin/node_modules/core-js/modules/es.typed-array.filter.js
<s> [webpack.Progress] 67% building 541/566 modules 25 active /data/5e-admin/node_modules/core-js/modules/es.typed-array.find.js
<s> [webpack.Progress] 67% building 541/567 modules 26 active /data/5e-admin/node_modules/core-js/modules/es.typed-array.find-index.js
<s> [webpack.Progress] 67% building 541/568 modules 27 active /data/5e-admin/node_modules/core-js/modules/es.typed-array.for-each.js
<s> [webpack.Progress] 67% building 541/569 modules 28 active /data/5e-admin/node_modules/core-js/modules/es.typed-array.includes.js
<s> [webpack.Progress] 66% building 541/570 modules 29 active /data/5e-admin/node_modules/core-js/modules/es.typed-array.index-of.js
<s> [webpack.Progress] 66% building 541/571 modules 30 active /data/5e-admin/node_modules/core-js/modules/es.typed-array.iterator.js
<s> [webpack.Progress] 66% building 541/572 modules 31 active /data/5e-admin/node_modules/core-js/modules/es.typed-array.join.js
<s> [webpack.Progress] 66% building 541/573 modules 32 active /data/5e-admin/node_modules/core-js/modules/es.typed-array.last-index-of.js
<s> [webpack.Progress] 66% building 541/574 modules 33 active /data/5e-admin/node_modules/core-js/modules/es.typed-array.map.js
<s> [webpack.Progress] 66% building 541/575 modules 34 active /data/5e-admin/node_modules/core-js/modules/es.typed-array.reduce.js
<s> [webpack.Progress] 66% building 541/576 modules 35 active /data/5e-admin/node_modules/core-js/modules/es.typed-array.reduce-right.js
<s> [webpack.Progress] 66% building 541/577 modules 36 active /data/5e-admin/node_modules/core-js/modules/es.typed-array.reverse.js
<s> [webpack.Progress] 66% building 541/578 modules 37 active /data/5e-admin/node_modules/core-js/modules/es.typed-array.set.js
<s> [webpack.Progress] 66% building 541/579 modules 38 active /data/5e-admin/node_modules/core-js/modules/es.typed-array.slice.js
<s> [webpack.Progress] 65% building 541/580 modules 39 active /data/5e-admin/node_modules/core-js/modules/es.typed-array.some.js
<s> [webpack.Progress] 65% building 541/581 modules 40 active /data/5e-admin/node_modules/core-js/modules/es.typed-array.sort.js
<s> [webpack.Progress] 65% building 541/582 modules 41 active /data/5e-admin/node_modules/core-js/modules/es.typed-array.subarray.js
<s> [webpack.Progress] 65% building 541/583 modules 42 active /data/5e-admin/node_modules/core-js/modules/es.typed-array.to-locale-string.js
<s> [webpack.Progress] 65% building 541/584 modules 43 active /data/5e-admin/node_modules/core-js/modules/es.typed-array.to-string.js
<s> [webpack.Progress] 65% building 542/584 modules 42 active /data/5e-admin/node_modules/core-js/modules/es.typed-array.to-string.js
<s> [webpack.Progress] 65% building 542/585 modules 43 active /data/5e-admin/node_modules/cache-loader/dist/cjs.js??ref--0-0!/data/5e-admin/node_modules/vue-loader/lib/index.js??vue-loader-options!/data/5e-admin/node_modules/eslint-loader/index.js??ref--13-0!/data/5e-admin/src/components/PanThumb/index.vue
<s> [webpack.Progress] 65% building 543/585 modules 42 active /data/5e-admin/node_modules/cache-loader/dist/cjs.js??ref--0-0!/data/5e-admin/node_modules/vue-loader/lib/index.js??vue-loader-options!/data/5e-admin/node_modules/eslint-loader/index.js??ref--13-0!/data/5e-admin/src/components/PanThumb/index.vue
<s> [webpack.Progress] 65% building 544/585 modules 41 active /data/5e-admin/node_modules/cache-loader/dist/cjs.js??ref--0-0!/data/5e-admin/node_modules/vue-loader/lib/index.js??vue-loader-options!/data/5e-admin/node_modules/eslint-loader/index.js??ref--13-0!/data/5e-admin/src/components/PanThumb/index.vue
<s> [webpack.Progress] 65% building 545/585 modules 40 active /data/5e-admin/node_modules/cache-loader/dist/cjs.js??ref--0-0!/data/5e-admin/node_modules/vue-loader/lib/index.js??vue-loader-options!/data/5e-admin/node_modules/eslint-loader/index.js??ref--13-0!/data/5e-admin/src/components/PanThumb/index.vue
<s> [webpack.Progress] 65% building 546/585 modules 39 active /data/5e-admin/node_modules/cache-loader/dist/cjs.js??ref--0-0!/data/5e-admin/node_modules/vue-loader/lib/index.js??vue-loader-options!/data/5e-admin/node_modules/eslint-loader/index.js??ref--13-0!/data/5e-admin/src/components/PanThumb/index.vue
<s> [webpack.Progress] 66% building 547/585 modules 38 active /data/5e-admin/node_modules/cache-loader/dist/cjs.js??ref--0-0!/data/5e-admin/node_modules/vue-loader/lib/index.js??vue-loader-options!/data/5e-admin/node_modules/eslint-loader/index.js??ref--13-0!/data/5e-admin/src/components/PanThumb/index.vue
<s> [webpack.Progress] 66% building 548/585 modules 37 active /data/5e-admin/node_modules/cache-loader/dist/cjs.js??ref--0-0!/data/5e-admin/node_modules/vue-loader/lib/index.js??vue-loader-options!/data/5e-admin/node_modules/eslint-loader/index.js??ref--13-0!/data/5e-admin/src/components/PanThumb/index.vue
<s> [webpack.Progress] 66% building 549/585 modules 36 active /data/5e-admin/node_modules/cache-loader/dist/cjs.js??ref--0-0!/data/5e-admin/node_modules/vue-loader/lib/index.js??vue-loader-options!/data/5e-admin/node_modules/eslint-loader/index.js??ref--13-0!/data/5e-admin/src/components/PanThumb/index.vue
<s> [webpack.Progress] 66% building 550/585 modules 35 active /data/5e-admin/node_modules/cache-loader/dist/cjs.js??ref--0-0!/data/5e-admin/node_modules/vue-loader/lib/index.js??vue-loader-options!/data/5e-admin/node_modules/eslint-loader/index.js??ref--13-0!/data/5e-admin/src/components/PanThumb/index.vue
<s> [webpack.Progress] 66% building 551/585 modules 34 active /data/5e-admin/node_modules/cache-loader/dist/cjs.js??ref--0-0!/data/5e-admin/node_modules/vue-loader/lib/index.js??vue-loader-options!/data/5e-admin/node_modules/eslint-loader/index.js??ref--13-0!/data/5e-admin/src/components/PanThumb/index.vue
<s> [webpack.Progress] 66% building 552/585 modules 33 active /data/5e-admin/node_modules/cache-loader/dist/cjs.js??ref--0-0!/data/5e-admin/node_modules/vue-loader/lib/index.js??vue-loader-options!/data/5e-admin/node_modules/eslint-loader/index.js??ref--13-0!/data/5e-admin/src/components/PanThumb/index.vue
<s> [webpack.Progress] 66% building 553/585 modules 32 active /data/5e-admin/node_modules/cache-loader/dist/cjs.js??ref--0-0!/data/5e-admin/node_modules/vue-loader/lib/index.js??vue-loader-options!/data/5e-admin/node_modules/eslint-loader/index.js??ref--13-0!/data/5e-admin/src/components/PanThumb/index.vue
<s> [webpack.Progress] 66% building 554/585 modules 31 active /data/5e-admin/node_modules/cache-loader/dist/cjs.js??ref--0-0!/data/5e-admin/node_modules/vue-loader/lib/index.js??vue-loader-options!/data/5e-admin/node_modules/eslint-loader/index.js??ref--13-0!/data/5e-admin/src/components/PanThumb/index.vue
<s> [webpack.Progress] 66% building 555/585 modules 30 active /data/5e-admin/node_modules/cache-loader/dist/cjs.js??ref--0-0!/data/5e-admin/node_modules/vue-loader/lib/index.js??vue-loader-options!/data/5e-admin/node_modules/eslint-loader/index.js??ref--13-0!/data/5e-admin/src/components/PanThumb/index.vue
<s> [webpack.Progress] 67% building 556/585 modules 29 active /data/5e-admin/node_modules/cache-loader/dist/cjs.js??ref--0-0!/data/5e-admin/node_modules/vue-loader/lib/index.js??vue-loader-options!/data/5e-admin/node_modules/eslint-loader/index.js??ref--13-0!/data/5e-admin/src/components/PanThumb/index.vue
<s> [webpack.Progress] 67% building 557/585 modules 28 active /data/5e-admin/node_modules/cache-loader/dist/cjs.js??ref--0-0!/data/5e-admin/node_modules/vue-loader/lib/index.js??vue-loader-options!/data/5e-admin/node_modules/eslint-loader/index.js??ref--13-0!/data/5e-admin/src/components/PanThumb/index.vue
<s> [webpack.Progress] 67% building 558/585 modules 27 active /data/5e-admin/node_modules/cache-loader/dist/cjs.js??ref--0-0!/data/5e-admin/node_modules/vue-loader/lib/index.js??vue-loader-options!/data/5e-admin/node_modules/eslint-loader/index.js??ref--13-0!/data/5e-admin/src/components/PanThumb/index.vue
<s> [webpack.Progress] 67% building 559/585 modules 26 active /data/5e-admin/node_modules/cache-loader/dist/cjs.js??ref--0-0!/data/5e-admin/node_modules/vue-loader/lib/index.js??vue-loader-options!/data/5e-admin/node_modules/eslint-loader/index.js??ref--13-0!/data/5e-admin/src/components/PanThumb/index.vue
<s> [webpack.Progress] 67% building 560/585 modules 25 active /data/5e-admin/node_modules/cache-loader/dist/cjs.js??ref--0-0!/data/5e-admin/node_modules/vue-loader/lib/index.js??vue-loader-options!/data/5e-admin/node_modules/eslint-loader/index.js??ref--13-0!/data/5e-admin/src/components/PanThumb/index.vue
<s> [webpack.Progress] 67% building 561/585 modules 24 active /data/5e-admin/node_modules/cache-loader/dist/cjs.js??ref--0-0!/data/5e-admin/node_modules/vue-loader/lib/index.js??vue-loader-options!/data/5e-admin/node_modules/eslint-loader/index.js??ref--13-0!/data/5e-admin/src/components/PanThumb/index.vue
<s> [webpack.Progress] 67% building 562/585 modules 23 active /data/5e-admin/node_modules/cache-loader/dist/cjs.js??ref--0-0!/data/5e-admin/node_modules/vue-loader/lib/index.js??vue-loader-options!/data/5e-admin/node_modules/eslint-loader/index.js??ref--13-0!/data/5e-admin/src/components/PanThumb/index.vue
<s> [webpack.Progress] 67% building 563/585 modules 22 active /data/5e-admin/node_modules/cache-loader/dist/cjs.js??ref--0-0!/data/5e-admin/node_modules/vue-loader/lib/index.js??vue-loader-options!/data/5e-admin/node_modules/eslint-loader/index.js??ref--13-0!/data/5e-admin/src/components/PanThumb/index.vue
<s> [webpack.Progress] 67% building 564/585 modules 21 active /data/5e-admin/node_modules/cache-loader/dist/cjs.js??ref--0-0!/data/5e-admin/node_modules/vue-loader/lib/index.js??vue-loader-options!/data/5e-admin/node_modules/eslint-loader/index.js??ref--13-0!/data/5e-admin/src/components/PanThumb/index.vue
<s> [webpack.Progress] 67% building 565/585 modules 20 active /data/5e-admin/node_modules/cache-loader/dist/cjs.js??ref--0-0!/data/5e-admin/node_modules/vue-loader/lib/index.js??vue-loader-options!/data/5e-admin/node_modules/eslint-loader/index.js??ref--13-0!/data/5e-admin/src/components/PanThumb/index.vue
<s> [webpack.Progress] 68% building 566/585 modules 19 active /data/5e-admin/node_modules/cache-loader/dist/cjs.js??ref--0-0!/data/5e-admin/node_modules/vue-loader/lib/index.js??vue-loader-options!/data/5e-admin/node_modules/eslint-loader/index.js??ref--13-0!/data/5e-admin/src/components/PanThumb/index.vue
<s> [webpack.Progress] 68% building 567/585 modules 18 active /data/5e-admin/node_modules/cache-loader/dist/cjs.js??ref--0-0!/data/5e-admin/node_modules/vue-loader/lib/index.js??vue-loader-options!/data/5e-admin/node_modules/eslint-loader/index.js??ref--13-0!/data/5e-admin/src/components/PanThumb/index.vue
<s> [webpack.Progress] 68% building 568/585 modules 17 active /data/5e-admin/node_modules/cache-loader/dist/cjs.js??ref--0-0!/data/5e-admin/node_modules/vue-loader/lib/index.js??vue-loader-options!/data/5e-admin/node_modules/eslint-loader/index.js??ref--13-0!/data/5e-admin/src/components/PanThumb/index.vue
<s> [webpack.Progress] 68% building 569/585 modules 16 active /data/5e-admin/node_modules/cache-loader/dist/cjs.js??ref--0-0!/data/5e-admin/node_modules/vue-loader/lib/index.js??vue-loader-options!/data/5e-admin/node_modules/eslint-loader/index.js??ref--13-0!/data/5e-admin/src/components/PanThumb/index.vue
<s> [webpack.Progress] 68% building 570/585 modules 15 active /data/5e-admin/node_modules/cache-loader/dist/cjs.js??ref--0-0!/data/5e-admin/node_modules/vue-loader/lib/index.js??vue-loader-options!/data/5e-admin/node_modules/eslint-loader/index.js??ref--13-0!/data/5e-admin/src/components/PanThumb/index.vue
<s> [webpack.Progress] 68% building 571/585 modules 14 active /data/5e-admin/node_modules/cache-loader/dist/cjs.js??ref--0-0!/data/5e-admin/node_modules/vue-loader/lib/index.js??vue-loader-options!/data/5e-admin/node_modules/eslint-loader/index.js??ref--13-0!/data/5e-admin/src/components/PanThumb/index.vue
<s> [webpack.Progress] 68% building 572/585 modules 13 active /data/5e-admin/node_modules/cache-loader/dist/cjs.js??ref--0-0!/data/5e-admin/node_modules/vue-loader/lib/index.js??vue-loader-options!/data/5e-admin/node_modules/eslint-loader/index.js??ref--13-0!/data/5e-admin/src/components/PanThumb/index.vue
<s> [webpack.Progress] 68% building 573/585 modules 12 active /data/5e-admin/node_modules/cache-loader/dist/cjs.js??ref--0-0!/data/5e-admin/node_modules/vue-loader/lib/index.js??vue-loader-options!/data/5e-admin/node_modules/eslint-loader/index.js??ref--13-0!/data/5e-admin/src/components/PanThumb/index.vue
<s> [webpack.Progress] 68% building 574/585 modules 11 active /data/5e-admin/node_modules/cache-loader/dist/cjs.js??ref--0-0!/data/5e-admin/node_modules/vue-loader/lib/index.js??vue-loader-options!/data/5e-admin/node_modules/eslint-loader/index.js??ref--13-0!/data/5e-admin/src/components/PanThumb/index.vue
<s> [webpack.Progress] 68% building 574/586 modules 12 active /data/5e-admin/node_modules/axios/index.js
<s> [webpack.Progress] 68% building 575/586 modules 11 active /data/5e-admin/node_modules/axios/index.js
<s> [webpack.Progress] 68% building 576/586 modules 10 active /data/5e-admin/node_modules/axios/index.js
<s> [webpack.Progress] 69% building 577/586 modules 9 active /data/5e-admin/node_modules/axios/index.js
<s> [webpack.Progress] 68% building 577/587 modules 10 active /data/5e-admin/node_modules/vue-loader/lib/loaders/pitcher.js??ref--4!/data/5e-admin/node_modules/cache-loader/dist/cjs.js??ref--0-0!/data/5e-admin/node_modules/vue-loader/lib/index.js??vue-loader-options!/data/5e-admin/node_modules/eslint-loader/index.js??ref--13-0!/data/5e-admin/src/components/PanThumb/index.vue?vue&type=template&id=175fbaac&scoped=true
<s> [webpack.Progress] 69% building 578/587 modules 9 active /data/5e-admin/node_modules/axios/index.js
<s> [webpack.Progress] 68% building 578/588 modules 10 active /data/5e-admin/node_modules/vue-loader/lib/loaders/pitcher.js??ref--4!/data/5e-admin/node_modules/cache-loader/dist/cjs.js??ref--12-0!/data/5e-admin/node_modules/babel-loader/lib/index.js!/data/5e-admin/node_modules/cache-loader/dist/cjs.js??ref--0-0!/data/5e-admin/node_modules/vue-loader/lib/index.js??vue-loader-options!/data/5e-admin/node_modules/eslint-loader/index.js??ref--13-0!/data/5e-admin/node_modules/eslint-loader/index.js??ref--13-0!/data/5e-admin/src/components/PanThumb/index.vue?vue&type=script&lang=js
<s> [webpack.Progress] 69% building 579/588 modules 9 active /data/5e-admin/node_modules/axios/index.js
<s> [webpack.Progress] 68% building 579/589 modules 10 active /data/5e-admin/node_modules/vue-loader/lib/loaders/pitcher.js??ref--4!/data/5e-admin/node_modules/vue-style-loader/index.js??ref--6-oneOf-1-0!/data/5e-admin/node_modules/css-loader/dist/cjs.js??ref--6-oneOf-1-1!/data/5e-admin/node_modules/postcss-loader/src/index.js??ref--6-oneOf-1-2!/data/5e-admin/node_modules/cache-loader/dist/cjs.js??ref--0-0!/data/5e-admin/node_modules/vue-loader/lib/index.js??vue-loader-options!/data/5e-admin/node_modules/eslint-loader/index.js??ref--13-0!/data/5e-admin/src/components/PanThumb/index.vue?vue&type=style&index=0&id=175fbaac&scoped=true&lang=css
<s> [webpack.Progress] 69% building 580/589 modules 9 active /data/5e-admin/node_modules/axios/index.js
<s> [webpack.Progress] 68% building 580/590 modules 10 active /data/5e-admin/node_modules/cache-loader/dist/cjs.js??ref--12-0!/data/5e-admin/node_modules/babel-loader/lib/index.js!/data/5e-admin/node_modules/cache-loader/dist/cjs.js??ref--0-0!/data/5e-admin/node_modules/vue-loader/lib/index.js??vue-loader-options!/data/5e-admin/src/components/PanThumb/index.vue?vue&type=script&lang=js
<s> [webpack.Progress] 68% building 580/591 modules 11 active /data/5e-admin/node_modules/cache-loader/dist/cjs.js?{"cacheDirectory":"node_modules/.cache/vue-loader","cacheIdentifier":"f79bae76-vue-loader-template"}!/data/5e-admin/node_modules/vue-loader/lib/loaders/templateLoader.js??vue-loader-options!/data/5e-admin/node_modules/cache-loader/dist/cjs.js??ref--0-0!/data/5e-admin/node_modules/vue-loader/lib/index.js??vue-loader-options!/data/5e-admin/src/components/PanThumb/index.vue?vue&type=template&id=175fbaac&scoped=true
<s> [webpack.Progress] 68% building 580/592 modules 12 active /data/5e-admin/node_modules/vue-style-loader/index.js??ref--6-oneOf-1-0!/data/5e-admin/node_modules/css-loader/dist/cjs.js??ref--6-oneOf-1-1!/data/5e-admin/node_modules/vue-loader/lib/loaders/stylePostLoader.js!/data/5e-admin/node_modules/postcss-loader/src/index.js??ref--6-oneOf-1-2!/data/5e-admin/node_modules/cache-loader/dist/cjs.js??ref--0-0!/data/5e-admin/node_modules/vue-loader/lib/index.js??vue-loader-options!/data/5e-admin/src/components/PanThumb/index.vue?vue&type=style&index=0&id=175fbaac&scoped=true&lang=css
<s> [webpack.Progress] 68% building 581/592 modules 11 active /data/5e-admin/node_modules/cache-loader/dist/cjs.js?{"cacheDirectory":"node_modules/.cache/vue-loader","cacheIdentifier":"f79bae76-vue-loader-template"}!/data/5e-admin/node_modules/vue-loader/lib/loaders/templateLoader.js??vue-loader-options!/data/5e-admin/node_modules/cache-loader/dist/cjs.js??ref--0-0!/data/5e-admin/node_modules/vue-loader/lib/index.js??vue-loader-options!/data/5e-admin/src/components/PanThumb/index.vue?vue&type=template&id=175fbaac&scoped=true
<s> [webpack.Progress] 68% building 581/593 modules 12 active /data/5e-admin/node_modules/css-loader/dist/cjs.js??ref--6-oneOf-1-1!/data/5e-admin/node_modules/vue-loader/lib/loaders/stylePostLoader.js!/data/5e-admin/node_modules/postcss-loader/src/index.js??ref--6-oneOf-1-2!/data/5e-admin/node_modules/cache-loader/dist/cjs.js??ref--0-0!/data/5e-admin/node_modules/vue-loader/lib/index.js??vue-loader-options!/data/5e-admin/src/components/PanThumb/index.vue?vue&type=style&index=0&id=175fbaac&scoped=true&lang=css
<s> [webpack.Progress] 68% building 581/594 modules 13 active /data/5e-admin/node_modules/babel-runtime/node_modules/core-js/library/modules/es6.symbol.js
<s> [webpack.Progress] 68% building 581/595 modules 14 active /data/5e-admin/node_modules/babel-runtime/node_modules/core-js/library/modules/es6.object.to-string.js
<s> [webpack.Progress] 68% building 581/596 modules 15 active /data/5e-admin/node_modules/babel-runtime/node_modules/core-js/library/modules/es7.symbol.async-iterator.js
<s> [webpack.Progress] 68% building 581/597 modules 16 active /data/5e-admin/node_modules/babel-runtime/node_modules/core-js/library/modules/es7.symbol.observable.js
<s> [webpack.Progress] 68% building 581/598 modules 17 active /data/5e-admin/node_modules/vue-splitpane/dist/vue-split-pane.min.js
<s> [webpack.Progress] 68% building 581/599 modules 18 active /data/5e-admin/node_modules/cache-loader/dist/cjs.js??ref--12-0!/data/5e-admin/node_modules/babel-loader/lib/index.js!/data/5e-admin/node_modules/eslint-loader/index.js??ref--13-0!/data/5e-admin/src/layout/components/index.js
<s> [webpack.Progress] 68% building 581/600 modules 19 active /data/5e-admin/node_modules/cache-loader/dist/cjs.js??ref--12-0!/data/5e-admin/node_modules/babel-loader/lib/index.js!/data/5e-admin/node_modules/eslint-loader/index.js??ref--13-0!/data/5e-admin/src/directive/waves/index.js
<s> [webpack.Progress] 68% building 582/600 modules 18 active /data/5e-admin/node_modules/cache-loader/dist/cjs.js??ref--12-0!/data/5e-admin/node_modules/babel-loader/lib/index.js!/data/5e-admin/node_modules/eslint-loader/index.js??ref--13-0!/data/5e-admin/src/directive/waves/index.js
<s> [webpack.Progress] 68% building 583/600 modules 17 active /data/5e-admin/node_modules/cache-loader/dist/cjs.js??ref--12-0!/data/5e-admin/node_modules/babel-loader/lib/index.js!/data/5e-admin/node_modules/eslint-loader/index.js??ref--13-0!/data/5e-admin/src/directive/waves/index.js
<s> [webpack.Progress] 68% building 583/601 modules 18 active /data/5e-admin/node_modules/babel-runtime/node_modules/core-js/library/modules/_string-at.js
<s> [webpack.Progress] 68% building 583/602 modules 19 active /data/5e-admin/node_modules/babel-runtime/node_modules/core-js/library/modules/_iter-define.js
<s> [webpack.Progress] 68% building 583/603 modules 20 active /data/5e-admin/node_modules/babel-runtime/node_modules/core-js/library/modules/es6.array.iterator.js
<s> [webpack.Progress] 67% building 583/604 modules 21 active /data/5e-admin/node_modules/babel-runtime/node_modules/core-js/library/modules/_hide.js
<s> [webpack.Progress] 67% building 583/605 modules 22 active /data/5e-admin/node_modules/babel-runtime/node_modules/core-js/library/modules/_iterators.js
<s> [webpack.Progress] 67% building 583/606 modules 23 active /data/5e-admin/node_modules/babel-runtime/node_modules/core-js/library/modules/_global.js
<s> [webpack.Progress] 67% building 583/607 modules 24 active /data/5e-admin/node_modules/babel-runtime/node_modules/core-js/library/modules/_wks.js
<s> [webpack.Progress] 67% building 583/608 modules 25 active /data/5e-admin/node_modules/babel-runtime/node_modules/core-js/library/modules/_export.js
<s> [webpack.Progress] 67% building 583/609 modules 26 active /data/5e-admin/node_modules/babel-runtime/node_modules/core-js/library/modules/_object-assign.js
<s> [webpack.Progress] 67% building 584/609 modules 25 active /data/5e-admin/node_modules/babel-runtime/node_modules/core-js/library/modules/_object-assign.js
<s> [webpack.Progress] 67% building 585/609 modules 24 active /data/5e-admin/node_modules/babel-runtime/node_modules/core-js/library/modules/_object-assign.js
<s> [webpack.Progress] 67% building 585/610 modules 25 active /data/5e-admin/node_modules/cache-loader/dist/cjs.js??ref--0-0!/data/5e-admin/node_modules/vue-loader/lib/index.js??vue-loader-options!/data/5e-admin/node_modules/eslint-loader/index.js??ref--13-0!/data/5e-admin/src/components/Proofread/index.vue
<s> [webpack.Progress] 67% building 585/611 modules 26 active /data/5e-admin/node_modules/cache-loader/dist/cjs.js??ref--0-0!/data/5e-admin/node_modules/vue-loader/lib/index.js??vue-loader-options!/data/5e-admin/node_modules/eslint-loader/index.js??ref--13-0!/data/5e-admin/src/components/TranslateLine/index.vue
<s> [webpack.Progress] 67% building 585/612 modules 27 active /data/5e-admin/node_modules/cache-loader/dist/cjs.js??ref--0-0!/data/5e-admin/node_modules/vue-loader/lib/index.js??vue-loader-options!/data/5e-admin/node_modules/eslint-loader/index.js??ref--13-0!/data/5e-admin/src/components/Pagination/index.vue
<s> [webpack.Progress] 67% building 585/613 modules 28 active /data/5e-admin/node_modules/core-js/internals/array-buffer.js
<s> [webpack.Progress] 67% building 585/614 modules 29 active /data/5e-admin/node_modules/core-js/internals/typed-array-constructor.js
<s> [webpack.Progress] 67% building 585/615 modules 30 active /data/5e-admin/node_modules/core-js/internals/array-buffer-view-core.js
<s> [webpack.Progress] 66% building 585/616 modules 31 active /data/5e-admin/node_modules/core-js/internals/array-copy-within.js
<s> [webpack.Progress] 66% building 585/617 modules 32 active /data/5e-admin/node_modules/core-js/internals/array-fill.js
<s> [webpack.Progress] 66% building 585/618 modules 33 active /data/5e-admin/node_modules/core-js/internals/array-last-index-of.js
<s> [webpack.Progress] 66% building 585/619 modules 34 active /data/5e-admin/node_modules/core-js/internals/to-offset.js
<s> [webpack.Progress] 66% building 586/619 modules 33 active /data/5e-admin/node_modules/core-js/internals/to-offset.js
<s> [webpack.Progress] 66% building 587/619 modules 32 active /data/5e-admin/node_modules/core-js/internals/to-offset.js
<s> [webpack.Progress] 66% building 588/619 modules 31 active /data/5e-admin/node_modules/core-js/internals/to-offset.js
<s> [webpack.Progress] 67% building 589/619 modules 30 active /data/5e-admin/node_modules/core-js/internals/to-offset.js
<s> [webpack.Progress] 67% building 590/619 modules 29 active /data/5e-admin/node_modules/core-js/internals/to-offset.js
<s> [webpack.Progress] 67% building 591/619 modules 28 active /data/5e-admin/node_modules/core-js/internals/to-offset.js
<s> [webpack.Progress] 67% building 592/619 modules 27 active /data/5e-admin/node_modules/core-js/internals/to-offset.js
<s> [webpack.Progress] 67% building 593/619 modules 26 active /data/5e-admin/node_modules/core-js/internals/to-offset.js
<s> [webpack.Progress] 67% building 594/619 modules 25 active /data/5e-admin/node_modules/core-js/internals/to-offset.js
<s> [webpack.Progress] 67% building 595/619 modules 24 active /data/5e-admin/node_modules/core-js/internals/to-offset.js
<s> [webpack.Progress] 67% building 596/619 modules 23 active /data/5e-admin/node_modules/core-js/internals/to-offset.js
<s> [webpack.Progress] 67% building 597/619 modules 22 active /data/5e-admin/node_modules/core-js/internals/to-offset.js
<s> [webpack.Progress] 67% building 598/619 modules 21 active /data/5e-admin/node_modules/core-js/internals/to-offset.js
<s> [webpack.Progress] 68% building 599/619 modules 20 active /data/5e-admin/node_modules/core-js/internals/to-offset.js
<s> [webpack.Progress] 68% building 600/619 modules 19 active /data/5e-admin/node_modules/core-js/internals/to-offset.js
<s> [webpack.Progress] 68% building 601/619 modules 18 active /data/5e-admin/node_modules/core-js/internals/to-offset.js
<s> [webpack.Progress] 68% building 601/620 modules 19 active /data/5e-admin/node_modules/get-intrinsic/index.js
<s> [webpack.Progress] 68% building 601/621 modules 20 active /data/5e-admin/node_modules/call-bound/index.js
<s> [webpack.Progress] 68% building 602/621 modules 19 active /data/5e-admin/node_modules/call-bound/index.js
<s> [webpack.Progress] 68% building 603/621 modules 18 active /data/5e-admin/node_modules/call-bound/index.js
<s> [webpack.Progress] 68% building 604/621 modules 17 active /data/5e-admin/node_modules/call-bound/index.js
<s> [webpack.Progress] 68% building 605/621 modules 16 active /data/5e-admin/node_modules/call-bound/index.js
<s> [webpack.Progress] 68% building 606/621 modules 15 active /data/5e-admin/node_modules/call-bound/index.js
<s> [webpack.Progress] 68% building 607/621 modules 14 active /data/5e-admin/node_modules/call-bound/index.js
<s> [webpack.Progress] 68% building 608/621 modules 13 active /data/5e-admin/node_modules/call-bound/index.js
<s> [webpack.Progress] 68% building 609/621 modules 12 active /data/5e-admin/node_modules/call-bound/index.js
<s> [webpack.Progress] 68% building 610/621 modules 11 active /data/5e-admin/node_modules/call-bound/index.js
<s> [webpack.Progress] 69% building 611/621 modules 10 active /data/5e-admin/node_modules/call-bound/index.js
<s> [webpack.Progress] 68% building 611/622 modules 11 active /data/5e-admin/node_modules/vue-loader/lib/loaders/pitcher.js??ref--4!/data/5e-admin/node_modules/cache-loader/dist/cjs.js??ref--0-0!/data/5e-admin/node_modules/vue-loader/lib/index.js??vue-loader-options!/data/5e-admin/node_modules/eslint-loader/index.js??ref--13-0!/data/5e-admin/src/components/Proofread/index.vue?vue&type=template&id=7b0496dd
<s> [webpack.Progress] 69% building 612/622 modules 10 active /data/5e-admin/node_modules/call-bound/index.js
<s> [webpack.Progress] 68% building 612/623 modules 11 active /data/5e-admin/node_modules/vue-loader/lib/loaders/pitcher.js??ref--4!/data/5e-admin/node_modules/cache-loader/dist/cjs.js??ref--12-0!/data/5e-admin/node_modules/babel-loader/lib/index.js!/data/5e-admin/node_modules/cache-loader/dist/cjs.js??ref--0-0!/data/5e-admin/node_modules/vue-loader/lib/index.js??vue-loader-options!/data/5e-admin/node_modules/eslint-loader/index.js??ref--13-0!/data/5e-admin/node_modules/eslint-loader/index.js??ref--13-0!/data/5e-admin/src/components/Proofread/index.vue?vue&type=script&lang=js
<s> [webpack.Progress] 69% building 613/623 modules 10 active /data/5e-admin/node_modules/call-bound/index.js
<s> [webpack.Progress] 68% building 613/624 modules 11 active /data/5e-admin/node_modules/cache-loader/dist/cjs.js??ref--12-0!/data/5e-admin/node_modules/babel-loader/lib/index.js!/data/5e-admin/node_modules/cache-loader/dist/cjs.js??ref--0-0!/data/5e-admin/node_modules/vue-loader/lib/index.js??vue-loader-options!/data/5e-admin/src/components/Proofread/index.vue?vue&type=script&lang=js
<s> [webpack.Progress] 68% building 613/625 modules 12 active /data/5e-admin/node_modules/cache-loader/dist/cjs.js?{"cacheDirectory":"node_modules/.cache/vue-loader","cacheIdentifier":"f79bae76-vue-loader-template"}!/data/5e-admin/node_modules/vue-loader/lib/loaders/templateLoader.js??vue-loader-options!/data/5e-admin/node_modules/cache-loader/dist/cjs.js??ref--0-0!/data/5e-admin/node_modules/vue-loader/lib/index.js??vue-loader-options!/data/5e-admin/src/components/Proofread/index.vue?vue&type=template&id=7b0496dd
<s> [webpack.Progress] 68% building 613/626 modules 13 active /data/5e-admin/node_modules/vue-loader/lib/loaders/pitcher.js??ref--4!/data/5e-admin/node_modules/cache-loader/dist/cjs.js??ref--0-0!/data/5e-admin/node_modules/vue-loader/lib/index.js??vue-loader-options!/data/5e-admin/node_modules/eslint-loader/index.js??ref--13-0!/data/5e-admin/src/components/TranslateLine/index.vue?vue&type=template&id=071b9336&scoped=true
<s> [webpack.Progress] 68% building 614/626 modules 12 active /data/5e-admin/node_modules/cache-loader/dist/cjs.js?{"cacheDirectory":"node_modules/.cache/vue-loader","cacheIdentifier":"f79bae76-vue-loader-template"}!/data/5e-admin/node_modules/vue-loader/lib/loaders/templateLoader.js??vue-loader-options!/data/5e-admin/node_modules/cache-loader/dist/cjs.js??ref--0-0!/data/5e-admin/node_modules/vue-loader/lib/index.js??vue-loader-options!/data/5e-admin/src/components/Proofread/index.vue?vue&type=template&id=7b0496dd
<s> [webpack.Progress] 68% building 614/627 modules 13 active /data/5e-admin/node_modules/vue-loader/lib/loaders/pitcher.js??ref--4!/data/5e-admin/node_modules/cache-loader/dist/cjs.js??ref--12-0!/data/5e-admin/node_modules/babel-loader/lib/index.js!/data/5e-admin/node_modules/cache-loader/dist/cjs.js??ref--0-0!/data/5e-admin/node_modules/vue-loader/lib/index.js??vue-loader-options!/data/5e-admin/node_modules/eslint-loader/index.js??ref--13-0!/data/5e-admin/node_modules/eslint-loader/index.js??ref--13-0!/data/5e-admin/src/components/TranslateLine/index.vue?vue&type=script&lang=js
<s> [webpack.Progress] 68% building 615/627 modules 12 active /data/5e-admin/node_modules/cache-loader/dist/cjs.js?{"cacheDirectory":"node_modules/.cache/vue-loader","cacheIdentifier":"f79bae76-vue-loader-template"}!/data/5e-admin/node_modules/vue-loader/lib/loaders/templateLoader.js??vue-loader-options!/data/5e-admin/node_modules/cache-loader/dist/cjs.js??ref--0-0!/data/5e-admin/node_modules/vue-loader/lib/index.js??vue-loader-options!/data/5e-admin/src/components/Proofread/index.vue?vue&type=template&id=7b0496dd
<s> [webpack.Progress] 68% building 615/628 modules 13 active /data/5e-admin/node_modules/vue-loader/lib/loaders/pitcher.js??ref--4!/data/5e-admin/node_modules/vue-style-loader/index.js??ref--6-oneOf-1-0!/data/5e-admin/node_modules/css-loader/dist/cjs.js??ref--6-oneOf-1-1!/data/5e-admin/node_modules/postcss-loader/src/index.js??ref--6-oneOf-1-2!/data/5e-admin/node_modules/cache-loader/dist/cjs.js??ref--0-0!/data/5e-admin/node_modules/vue-loader/lib/index.js??vue-loader-options!/data/5e-admin/node_modules/eslint-loader/index.js??ref--13-0!/data/5e-admin/src/components/TranslateLine/index.vue?vue&type=style&index=0&id=071b9336&scoped=true&lang=css
<s> [webpack.Progress] 68% building 616/628 modules 12 active /data/5e-admin/node_modules/cache-loader/dist/cjs.js?{"cacheDirectory":"node_modules/.cache/vue-loader","cacheIdentifier":"f79bae76-vue-loader-template"}!/data/5e-admin/node_modules/vue-loader/lib/loaders/templateLoader.js??vue-loader-options!/data/5e-admin/node_modules/cache-loader/dist/cjs.js??ref--0-0!/data/5e-admin/node_modules/vue-loader/lib/index.js??vue-loader-options!/data/5e-admin/src/components/Proofread/index.vue?vue&type=template&id=7b0496dd
<s> [webpack.Progress] 68% building 616/629 modules 13 active /data/5e-admin/node_modules/cache-loader/dist/cjs.js??ref--12-0!/data/5e-admin/node_modules/babel-loader/lib/index.js!/data/5e-admin/node_modules/cache-loader/dist/cjs.js??ref--0-0!/data/5e-admin/node_modules/vue-loader/lib/index.js??vue-loader-options!/data/5e-admin/src/components/TranslateLine/index.vue?vue&type=script&lang=js
<s> [webpack.Progress] 68% building 616/630 modules 14 active /data/5e-admin/node_modules/cache-loader/dist/cjs.js?{"cacheDirectory":"node_modules/.cache/vue-loader","cacheIdentifier":"f79bae76-vue-loader-template"}!/data/5e-admin/node_modules/vue-loader/lib/loaders/templateLoader.js??vue-loader-options!/data/5e-admin/node_modules/cache-loader/dist/cjs.js??ref--0-0!/data/5e-admin/node_modules/vue-loader/lib/index.js??vue-loader-options!/data/5e-admin/src/components/TranslateLine/index.vue?vue&type=template&id=071b9336&scoped=true
<s> [webpack.Progress] 68% building 616/631 modules 15 active /data/5e-admin/node_modules/vue-style-loader/index.js??ref--6-oneOf-1-0!/data/5e-admin/node_modules/css-loader/dist/cjs.js??ref--6-oneOf-1-1!/data/5e-admin/node_modules/vue-loader/lib/loaders/stylePostLoader.js!/data/5e-admin/node_modules/postcss-loader/src/index.js??ref--6-oneOf-1-2!/data/5e-admin/node_modules/cache-loader/dist/cjs.js??ref--0-0!/data/5e-admin/node_modules/vue-loader/lib/index.js??vue-loader-options!/data/5e-admin/src/components/TranslateLine/index.vue?vue&type=style&index=0&id=071b9336&scoped=true&lang=css
<s> [webpack.Progress] 68% building 617/631 modules 14 active /data/5e-admin/node_modules/cache-loader/dist/cjs.js?{"cacheDirectory":"node_modules/.cache/vue-loader","cacheIdentifier":"f79bae76-vue-loader-template"}!/data/5e-admin/node_modules/vue-loader/lib/loaders/templateLoader.js??vue-loader-options!/data/5e-admin/node_modules/cache-loader/dist/cjs.js??ref--0-0!/data/5e-admin/node_modules/vue-loader/lib/index.js??vue-loader-options!/data/5e-admin/src/components/TranslateLine/index.vue?vue&type=template&id=071b9336&scoped=true
<s> [webpack.Progress] 68% building 617/632 modules 15 active /data/5e-admin/node_modules/css-loader/dist/cjs.js??ref--6-oneOf-1-1!/data/5e-admin/node_modules/vue-loader/lib/loaders/stylePostLoader.js!/data/5e-admin/node_modules/postcss-loader/src/index.js??ref--6-oneOf-1-2!/data/5e-admin/node_modules/cache-loader/dist/cjs.js??ref--0-0!/data/5e-admin/node_modules/vue-loader/lib/index.js??vue-loader-options!/data/5e-admin/src/components/TranslateLine/index.vue?vue&type=style&index=0&id=071b9336&scoped=true&lang=css
<s> [webpack.Progress] 68% building 617/633 modules 16 active /data/5e-admin/node_modules/vue-loader/lib/loaders/pitcher.js??ref--4!/data/5e-admin/node_modules/cache-loader/dist/cjs.js??ref--0-0!/data/5e-admin/node_modules/vue-loader/lib/index.js??vue-loader-options!/data/5e-admin/node_modules/eslint-loader/index.js??ref--13-0!/data/5e-admin/src/components/Pagination/index.vue?vue&type=template&id=72233bcd&scoped=true
<s> [webpack.Progress] 68% building 618/633 modules 15 active /data/5e-admin/node_modules/css-loader/dist/cjs.js??ref--6-oneOf-1-1!/data/5e-admin/node_modules/vue-loader/lib/loaders/stylePostLoader.js!/data/5e-admin/node_modules/postcss-loader/src/index.js??ref--6-oneOf-1-2!/data/5e-admin/node_modules/cache-loader/dist/cjs.js??ref--0-0!/data/5e-admin/node_modules/vue-loader/lib/index.js??vue-loader-options!/data/5e-admin/src/components/TranslateLine/index.vue?vue&type=style&index=0&id=071b9336&scoped=true&lang=css
<s> [webpack.Progress] 68% building 618/634 modules 16 active /data/5e-admin/node_modules/vue-loader/lib/loaders/pitcher.js??ref--4!/data/5e-admin/node_modules/cache-loader/dist/cjs.js??ref--12-0!/data/5e-admin/node_modules/babel-loader/lib/index.js!/data/5e-admin/node_modules/cache-loader/dist/cjs.js??ref--0-0!/data/5e-admin/node_modules/vue-loader/lib/index.js??vue-loader-options!/data/5e-admin/node_modules/eslint-loader/index.js??ref--13-0!/data/5e-admin/node_modules/eslint-loader/index.js??ref--13-0!/data/5e-admin/src/components/Pagination/index.vue?vue&type=script&lang=js
<s> [webpack.Progress] 68% building 619/634 modules 15 active /data/5e-admin/node_modules/css-loader/dist/cjs.js??ref--6-oneOf-1-1!/data/5e-admin/node_modules/vue-loader/lib/loaders/stylePostLoader.js!/data/5e-admin/node_modules/postcss-loader/src/index.js??ref--6-oneOf-1-2!/data/5e-admin/node_modules/cache-loader/dist/cjs.js??ref--0-0!/data/5e-admin/node_modules/vue-loader/lib/index.js??vue-loader-options!/data/5e-admin/src/components/TranslateLine/index.vue?vue&type=style&index=0&id=071b9336&scoped=true&lang=css
<s> [webpack.Progress] 68% building 619/635 modules 16 active /data/5e-admin/node_modules/vue-loader/lib/loaders/pitcher.js??ref--4!/data/5e-admin/node_modules/vue-style-loader/index.js??ref--6-oneOf-1-0!/data/5e-admin/node_modules/css-loader/dist/cjs.js??ref--6-oneOf-1-1!/data/5e-admin/node_modules/postcss-loader/src/index.js??ref--6-oneOf-1-2!/data/5e-admin/node_modules/cache-loader/dist/cjs.js??ref--0-0!/data/5e-admin/node_modules/vue-loader/lib/index.js??vue-loader-options!/data/5e-admin/node_modules/eslint-loader/index.js??ref--13-0!/data/5e-admin/src/components/Pagination/index.vue?vue&type=style&index=0&id=72233bcd&scoped=true&lang=css
<s> [webpack.Progress] 68% building 620/635 modules 15 active /data/5e-admin/node_modules/css-loader/dist/cjs.js??ref--6-oneOf-1-1!/data/5e-admin/node_modules/vue-loader/lib/loaders/stylePostLoader.js!/data/5e-admin/node_modules/postcss-loader/src/index.js??ref--6-oneOf-1-2!/data/5e-admin/node_modules/cache-loader/dist/cjs.js??ref--0-0!/data/5e-admin/node_modules/vue-loader/lib/index.js??vue-loader-options!/data/5e-admin/src/components/TranslateLine/index.vue?vue&type=style&index=0&id=071b9336&scoped=true&lang=css
<s> [webpack.Progress] 68% building 620/636 modules 16 active /data/5e-admin/node_modules/cache-loader/dist/cjs.js??ref--12-0!/data/5e-admin/node_modules/babel-loader/lib/index.js!/data/5e-admin/node_modules/cache-loader/dist/cjs.js??ref--0-0!/data/5e-admin/node_modules/vue-loader/lib/index.js??vue-loader-options!/data/5e-admin/src/components/Pagination/index.vue?vue&type=script&lang=js
<s> [webpack.Progress] 68% building 620/637 modules 17 active /data/5e-admin/node_modules/cache-loader/dist/cjs.js?{"cacheDirectory":"node_modules/.cache/vue-loader","cacheIdentifier":"f79bae76-vue-loader-template"}!/data/5e-admin/node_modules/vue-loader/lib/loaders/templateLoader.js??vue-loader-options!/data/5e-admin/node_modules/cache-loader/dist/cjs.js??ref--0-0!/data/5e-admin/node_modules/vue-loader/lib/index.js??vue-loader-options!/data/5e-admin/src/components/Pagination/index.vue?vue&type=template&id=72233bcd&scoped=true
<s> [webpack.Progress] 68% building 620/638 modules 18 active /data/5e-admin/node_modules/vue-style-loader/index.js??ref--6-oneOf-1-0!/data/5e-admin/node_modules/css-loader/dist/cjs.js??ref--6-oneOf-1-1!/data/5e-admin/node_modules/vue-loader/lib/loaders/stylePostLoader.js!/data/5e-admin/node_modules/postcss-loader/src/index.js??ref--6-oneOf-1-2!/data/5e-admin/node_modules/cache-loader/dist/cjs.js??ref--0-0!/data/5e-admin/node_modules/vue-loader/lib/index.js??vue-loader-options!/data/5e-admin/src/components/Pagination/index.vue?vue&type=style&index=0&id=72233bcd&scoped=true&lang=css
<s> [webpack.Progress] 68% building 621/638 modules 17 active /data/5e-admin/node_modules/cache-loader/dist/cjs.js?{"cacheDirectory":"node_modules/.cache/vue-loader","cacheIdentifier":"f79bae76-vue-loader-template"}!/data/5e-admin/node_modules/vue-loader/lib/loaders/templateLoader.js??vue-loader-options!/data/5e-admin/node_modules/cache-loader/dist/cjs.js??ref--0-0!/data/5e-admin/node_modules/vue-loader/lib/index.js??vue-loader-options!/data/5e-admin/src/components/Pagination/index.vue?vue&type=template&id=72233bcd&scoped=true
<s> [webpack.Progress] 68% building 621/639 modules 18 active /data/5e-admin/node_modules/css-loader/dist/cjs.js??ref--6-oneOf-1-1!/data/5e-admin/node_modules/vue-loader/lib/loaders/stylePostLoader.js!/data/5e-admin/node_modules/postcss-loader/src/index.js??ref--6-oneOf-1-2!/data/5e-admin/node_modules/cache-loader/dist/cjs.js??ref--0-0!/data/5e-admin/node_modules/vue-loader/lib/index.js??vue-loader-options!/data/5e-admin/src/components/Pagination/index.vue?vue&type=style&index=0&id=72233bcd&scoped=true&lang=css
<s> [webpack.Progress] 68% building 621/640 modules 19 active /data/5e-admin/node_modules/cache-loader/dist/cjs.js??ref--0-0!/data/5e-admin/node_modules/vue-loader/lib/index.js??vue-loader-options!/data/5e-admin/node_modules/eslint-loader/index.js??ref--13-0!/data/5e-admin/src/layout/components/Sidebar/index.vue
<s> [webpack.Progress] 68% building 621/641 modules 20 active /data/5e-admin/node_modules/cache-loader/dist/cjs.js??ref--0-0!/data/5e-admin/node_modules/vue-loader/lib/index.js??vue-loader-options!/data/5e-admin/node_modules/eslint-loader/index.js??ref--13-0!/data/5e-admin/src/layout/components/TagsView/index.vue
<s> [webpack.Progress] 68% building 622/641 modules 19 active /data/5e-admin/node_modules/cache-loader/dist/cjs.js??ref--0-0!/data/5e-admin/node_modules/vue-loader/lib/index.js??vue-loader-options!/data/5e-admin/node_modules/eslint-loader/index.js??ref--13-0!/data/5e-admin/src/layout/components/TagsView/index.vue
<s> [webpack.Progress] 68% building 623/641 modules 18 active /data/5e-admin/node_modules/cache-loader/dist/cjs.js??ref--0-0!/data/5e-admin/node_modules/vue-loader/lib/index.js??vue-loader-options!/data/5e-admin/node_modules/eslint-loader/index.js??ref--13-0!/data/5e-admin/src/layout/components/TagsView/index.vue
<s> [webpack.Progress] 68% building 623/642 modules 19 active /data/5e-admin/node_modules/babel-runtime/node_modules/core-js/library/modules/_has.js
<s> [webpack.Progress] 68% building 623/643 modules 20 active /data/5e-admin/node_modules/babel-runtime/node_modules/core-js/library/modules/_descriptors.js
<s> [webpack.Progress] 68% building 623/644 modules 21 active /data/5e-admin/node_modules/babel-runtime/node_modules/core-js/library/modules/_redefine.js
<s> [webpack.Progress] 67% building 623/645 modules 22 active /data/5e-admin/node_modules/babel-runtime/node_modules/core-js/library/modules/_meta.js
<s> [webpack.Progress] 67% building 623/646 modules 23 active /data/5e-admin/node_modules/babel-runtime/node_modules/core-js/library/modules/_fails.js
<s> [webpack.Progress] 67% building 623/647 modules 24 active /data/5e-admin/node_modules/babel-runtime/node_modules/core-js/library/modules/_shared.js
<s> [webpack.Progress] 67% building 623/648 modules 25 active /data/5e-admin/node_modules/babel-runtime/node_modules/core-js/library/modules/_set-to-string-tag.js
<s> [webpack.Progress] 67% building 623/649 modules 26 active /data/5e-admin/node_modules/babel-runtime/node_modules/core-js/library/modules/_uid.js
<s> [webpack.Progress] 67% building 623/650 modules 27 active /data/5e-admin/node_modules/babel-runtime/node_modules/core-js/library/modules/_wks-define.js
<s> [webpack.Progress] 67% building 623/651 modules 28 active /data/5e-admin/node_modules/babel-runtime/node_modules/core-js/library/modules/_enum-keys.js
<s> [webpack.Progress] 67% building 623/652 modules 29 active /data/5e-admin/node_modules/babel-runtime/node_modules/core-js/library/modules/_is-array.js
<s> [webpack.Progress] 67% building 623/653 modules 30 active /data/5e-admin/node_modules/babel-runtime/node_modules/core-js/library/modules/_an-object.js
<s> [webpack.Progress] 67% building 623/654 modules 31 active /data/5e-admin/node_modules/babel-runtime/node_modules/core-js/library/modules/_is-object.js
<s> [webpack.Progress] 67% building 623/655 modules 32 active /data/5e-admin/node_modules/babel-runtime/node_modules/core-js/library/modules/_to-object.js
<s> [webpack.Progress] 66% building 623/656 modules 33 active /data/5e-admin/node_modules/babel-runtime/node_modules/core-js/library/modules/_to-iobject.js
<s> [webpack.Progress] 66% building 623/657 modules 34 active /data/5e-admin/node_modules/babel-runtime/node_modules/core-js/library/modules/_to-primitive.js
<s> [webpack.Progress] 66% building 623/658 modules 35 active /data/5e-admin/node_modules/babel-runtime/node_modules/core-js/library/modules/_property-desc.js
<s> [webpack.Progress] 66% building 623/659 modules 36 active /data/5e-admin/node_modules/babel-runtime/node_modules/core-js/library/modules/_object-create.js
<s> [webpack.Progress] 66% building 623/660 modules 37 active /data/5e-admin/node_modules/babel-runtime/node_modules/core-js/library/modules/_object-gopn-ext.js
<s> [webpack.Progress] 66% building 623/661 modules 38 active /data/5e-admin/node_modules/babel-runtime/node_modules/core-js/library/modules/_object-gopd.js
<s> [webpack.Progress] 66% building 623/662 modules 39 active /data/5e-admin/node_modules/babel-runtime/node_modules/core-js/library/modules/_object-gops.js
<s> [webpack.Progress] 66% building 623/663 modules 40 active /data/5e-admin/node_modules/babel-runtime/node_modules/core-js/library/modules/_object-dp.js
<s> [webpack.Progress] 66% building 623/664 modules 41 active /data/5e-admin/node_modules/babel-runtime/node_modules/core-js/library/modules/_object-keys.js
<s> [webpack.Progress] 66% building 623/665 modules 42 active /data/5e-admin/node_modules/babel-runtime/node_modules/core-js/library/modules/_object-gopn.js
<s> [webpack.Progress] 66% building 623/666 modules 43 active /data/5e-admin/node_modules/babel-runtime/node_modules/core-js/library/modules/_object-pie.js
<s> [webpack.Progress] 66% building 623/667 modules 44 active /data/5e-admin/node_modules/babel-runtime/node_modules/core-js/library/modules/_library.js
<s> [webpack.Progress] 65% building 623/668 modules 45 active /data/5e-admin/node_modules/axios/lib/axios.js
<s> [webpack.Progress] 66% building 624/668 modules 44 active /data/5e-admin/node_modules/axios/lib/axios.js
<s> [webpack.Progress] 66% building 625/668 modules 43 active /data/5e-admin/node_modules/axios/lib/axios.js
<s> [webpack.Progress] 66% building 626/668 modules 42 active /data/5e-admin/node_modules/axios/lib/axios.js
<s> [webpack.Progress] 66% building 627/668 modules 41 active /data/5e-admin/node_modules/axios/lib/axios.js
<s> [webpack.Progress] 66% building 628/668 modules 40 active /data/5e-admin/node_modules/axios/lib/axios.js
<s> [webpack.Progress] 66% building 629/668 modules 39 active /data/5e-admin/node_modules/axios/lib/axios.js
<s> [webpack.Progress] 66% building 630/668 modules 38 active /data/5e-admin/node_modules/axios/lib/axios.js
<s> [webpack.Progress] 66% building 630/669 modules 39 active /data/5e-admin/node_modules/cache-loader/dist/cjs.js??ref--12-0!/data/5e-admin/node_modules/babel-loader/lib/index.js!/data/5e-admin/node_modules/eslint-loader/index.js??ref--13-0!/data/5e-admin/src/directive/waves/waves.js
<s> [webpack.Progress] 66% building 631/669 modules 38 active /data/5e-admin/node_modules/cache-loader/dist/cjs.js??ref--12-0!/data/5e-admin/node_modules/babel-loader/lib/index.js!/data/5e-admin/node_modules/eslint-loader/index.js??ref--13-0!/data/5e-admin/src/directive/waves/waves.js
<s> [webpack.Progress] 66% building 632/669 modules 37 active /data/5e-admin/node_modules/cache-loader/dist/cjs.js??ref--12-0!/data/5e-admin/node_modules/babel-loader/lib/index.js!/data/5e-admin/node_modules/eslint-loader/index.js??ref--13-0!/data/5e-admin/src/directive/waves/waves.js
<s> [webpack.Progress] 66% building 632/670 modules 38 active /data/5e-admin/node_modules/file-saver/dist/FileSaver.min.js
<s> [webpack.Progress] 66% building 633/670 modules 37 active /data/5e-admin/node_modules/file-saver/dist/FileSaver.min.js
<s> [webpack.Progress] 66% building 633/671 modules 38 active /data/5e-admin/node_modules/vue-loader/lib/loaders/pitcher.js??ref--4!/data/5e-admin/node_modules/cache-loader/dist/cjs.js??ref--0-0!/data/5e-admin/node_modules/vue-loader/lib/index.js??vue-loader-options!/data/5e-admin/node_modules/eslint-loader/index.js??ref--13-0!/data/5e-admin/src/layout/components/Sidebar/index.vue?vue&type=template&id=33ec43fc
<s> [webpack.Progress] 66% building 634/671 modules 37 active /data/5e-admin/node_modules/file-saver/dist/FileSaver.min.js
<s> [webpack.Progress] 66% building 634/672 modules 38 active /data/5e-admin/node_modules/vue-loader/lib/loaders/pitcher.js??ref--4!/data/5e-admin/node_modules/cache-loader/dist/cjs.js??ref--12-0!/data/5e-admin/node_modules/babel-loader/lib/index.js!/data/5e-admin/node_modules/cache-loader/dist/cjs.js??ref--0-0!/data/5e-admin/node_modules/vue-loader/lib/index.js??vue-loader-options!/data/5e-admin/node_modules/eslint-loader/index.js??ref--13-0!/data/5e-admin/node_modules/eslint-loader/index.js??ref--13-0!/data/5e-admin/src/layout/components/Sidebar/index.vue?vue&type=script&lang=js
<s> [webpack.Progress] 66% building 635/672 modules 37 active /data/5e-admin/node_modules/file-saver/dist/FileSaver.min.js
<s> [webpack.Progress] 66% building 635/673 modules 38 active /data/5e-admin/node_modules/cache-loader/dist/cjs.js??ref--12-0!/data/5e-admin/node_modules/babel-loader/lib/index.js!/data/5e-admin/node_modules/cache-loader/dist/cjs.js??ref--0-0!/data/5e-admin/node_modules/vue-loader/lib/index.js??vue-loader-options!/data/5e-admin/src/layout/components/Sidebar/index.vue?vue&type=script&lang=js
<s> [webpack.Progress] 66% building 635/674 modules 39 active /data/5e-admin/node_modules/cache-loader/dist/cjs.js?{"cacheDirectory":"node_modules/.cache/vue-loader","cacheIdentifier":"f79bae76-vue-loader-template"}!/data/5e-admin/node_modules/vue-loader/lib/loaders/templateLoader.js??vue-loader-options!/data/5e-admin/node_modules/cache-loader/dist/cjs.js??ref--0-0!/data/5e-admin/node_modules/vue-loader/lib/index.js??vue-loader-options!/data/5e-admin/src/layout/components/Sidebar/index.vue?vue&type=template&id=33ec43fc
<s> [webpack.Progress] 66% building 636/674 modules 38 active /data/5e-admin/node_modules/cache-loader/dist/cjs.js?{"cacheDirectory":"node_modules/.cache/vue-loader","cacheIdentifier":"f79bae76-vue-loader-template"}!/data/5e-admin/node_modules/vue-loader/lib/loaders/templateLoader.js??vue-loader-options!/data/5e-admin/node_modules/cache-loader/dist/cjs.js??ref--0-0!/data/5e-admin/node_modules/vue-loader/lib/index.js??vue-loader-options!/data/5e-admin/src/layout/components/Sidebar/index.vue?vue&type=template&id=33ec43fc
<s> [webpack.Progress] 66% building 636/675 modules 39 active /data/5e-admin/node_modules/vue-loader/lib/loaders/pitcher.js??ref--4!/data/5e-admin/node_modules/cache-loader/dist/cjs.js??ref--0-0!/data/5e-admin/node_modules/vue-loader/lib/index.js??vue-loader-options!/data/5e-admin/node_modules/eslint-loader/index.js??ref--13-0!/data/5e-admin/src/layout/components/TagsView/index.vue?vue&type=template&id=fac8ca64&scoped=true
<s> [webpack.Progress] 66% building 637/675 modules 38 active /data/5e-admin/node_modules/cache-loader/dist/cjs.js?{"cacheDirectory":"node_modules/.cache/vue-loader","cacheIdentifier":"f79bae76-vue-loader-template"}!/data/5e-admin/node_modules/vue-loader/lib/loaders/templateLoader.js??vue-loader-options!/data/5e-admin/node_modules/cache-loader/dist/cjs.js??ref--0-0!/data/5e-admin/node_modules/vue-loader/lib/index.js??vue-loader-options!/data/5e-admin/src/layout/components/Sidebar/index.vue?vue&type=template&id=33ec43fc
<s> [webpack.Progress] 66% building 637/676 modules 39 active /data/5e-admin/node_modules/vue-loader/lib/loaders/pitcher.js??ref--4!/data/5e-admin/node_modules/cache-loader/dist/cjs.js??ref--12-0!/data/5e-admin/node_modules/babel-loader/lib/index.js!/data/5e-admin/node_modules/cache-loader/dist/cjs.js??ref--0-0!/data/5e-admin/node_modules/vue-loader/lib/index.js??vue-loader-options!/data/5e-admin/node_modules/eslint-loader/index.js??ref--13-0!/data/5e-admin/node_modules/eslint-loader/index.js??ref--13-0!/data/5e-admin/src/layout/components/TagsView/index.vue?vue&type=script&lang=js
<s> [webpack.Progress] 66% building 638/676 modules 38 active /data/5e-admin/node_modules/cache-loader/dist/cjs.js?{"cacheDirectory":"node_modules/.cache/vue-loader","cacheIdentifier":"f79bae76-vue-loader-template"}!/data/5e-admin/node_modules/vue-loader/lib/loaders/templateLoader.js??vue-loader-options!/data/5e-admin/node_modules/cache-loader/dist/cjs.js??ref--0-0!/data/5e-admin/node_modules/vue-loader/lib/index.js??vue-loader-options!/data/5e-admin/src/layout/components/Sidebar/index.vue?vue&type=template&id=33ec43fc
<s> [webpack.Progress] 66% building 638/677 modules 39 active /data/5e-admin/node_modules/vue-loader/lib/loaders/pitcher.js??ref--4!/data/5e-admin/node_modules/vue-style-loader/index.js??ref--8-oneOf-1-0!/data/5e-admin/node_modules/css-loader/dist/cjs.js??ref--8-oneOf-1-1!/data/5e-admin/node_modules/postcss-loader/src/index.js??ref--8-oneOf-1-2!/data/5e-admin/node_modules/sass-loader/dist/cjs.js??ref--8-oneOf-1-3!/data/5e-admin/node_modules/cache-loader/dist/cjs.js??ref--0-0!/data/5e-admin/node_modules/vue-loader/lib/index.js??vue-loader-options!/data/5e-admin/node_modules/eslint-loader/index.js??ref--13-0!/data/5e-admin/src/layout/components/TagsView/index.vue?vue&type=style&index=0&id=fac8ca64&lang=scss&scoped=true
<s> [webpack.Progress] 66% building 639/677 modules 38 active /data/5e-admin/node_modules/cache-loader/dist/cjs.js?{"cacheDirectory":"node_modules/.cache/vue-loader","cacheIdentifier":"f79bae76-vue-loader-template"}!/data/5e-admin/node_modules/vue-loader/lib/loaders/templateLoader.js??vue-loader-options!/data/5e-admin/node_modules/cache-loader/dist/cjs.js??ref--0-0!/data/5e-admin/node_modules/vue-loader/lib/index.js??vue-loader-options!/data/5e-admin/src/layout/components/Sidebar/index.vue?vue&type=template&id=33ec43fc
<s> [webpack.Progress] 66% building 639/678 modules 39 active /data/5e-admin/node_modules/vue-loader/lib/loaders/pitcher.js??ref--4!/data/5e-admin/node_modules/vue-style-loader/index.js??ref--8-oneOf-1-0!/data/5e-admin/node_modules/css-loader/dist/cjs.js??ref--8-oneOf-1-1!/data/5e-admin/node_modules/postcss-loader/src/index.js??ref--8-oneOf-1-2!/data/5e-admin/node_modules/sass-loader/dist/cjs.js??ref--8-oneOf-1-3!/data/5e-admin/node_modules/cache-loader/dist/cjs.js??ref--0-0!/data/5e-admin/node_modules/vue-loader/lib/index.js??vue-loader-options!/data/5e-admin/node_modules/eslint-loader/index.js??ref--13-0!/data/5e-admin/src/layout/components/TagsView/index.vue?vue&type=style&index=1&id=fac8ca64&lang=scss
<s> [webpack.Progress] 66% building 640/678 modules 38 active /data/5e-admin/node_modules/cache-loader/dist/cjs.js?{"cacheDirectory":"node_modules/.cache/vue-loader","cacheIdentifier":"f79bae76-vue-loader-template"}!/data/5e-admin/node_modules/vue-loader/lib/loaders/templateLoader.js??vue-loader-options!/data/5e-admin/node_modules/cache-loader/dist/cjs.js??ref--0-0!/data/5e-admin/node_modules/vue-loader/lib/index.js??vue-loader-options!/data/5e-admin/src/layout/components/Sidebar/index.vue?vue&type=template&id=33ec43fc
<s> [webpack.Progress] 66% building 640/679 modules 39 active /data/5e-admin/node_modules/cache-loader/dist/cjs.js??ref--12-0!/data/5e-admin/node_modules/babel-loader/lib/index.js!/data/5e-admin/node_modules/cache-loader/dist/cjs.js??ref--0-0!/data/5e-admin/node_modules/vue-loader/lib/index.js??vue-loader-options!/data/5e-admin/src/layout/components/TagsView/index.vue?vue&type=script&lang=js
<s> [webpack.Progress] 66% building 640/680 modules 40 active /data/5e-admin/node_modules/cache-loader/dist/cjs.js?{"cacheDirectory":"node_modules/.cache/vue-loader","cacheIdentifier":"f79bae76-vue-loader-template"}!/data/5e-admin/node_modules/vue-loader/lib/loaders/templateLoader.js??vue-loader-options!/data/5e-admin/node_modules/cache-loader/dist/cjs.js??ref--0-0!/data/5e-admin/node_modules/vue-loader/lib/index.js??vue-loader-options!/data/5e-admin/src/layout/components/TagsView/index.vue?vue&type=template&id=fac8ca64&scoped=true
<s> [webpack.Progress] 66% building 640/681 modules 41 active /data/5e-admin/node_modules/vue-style-loader/index.js??ref--8-oneOf-1-0!/data/5e-admin/node_modules/css-loader/dist/cjs.js??ref--8-oneOf-1-1!/data/5e-admin/node_modules/vue-loader/lib/loaders/stylePostLoader.js!/data/5e-admin/node_modules/postcss-loader/src/index.js??ref--8-oneOf-1-2!/data/5e-admin/node_modules/sass-loader/dist/cjs.js??ref--8-oneOf-1-3!/data/5e-admin/node_modules/cache-loader/dist/cjs.js??ref--0-0!/data/5e-admin/node_modules/vue-loader/lib/index.js??vue-loader-options!/data/5e-admin/src/layout/components/TagsView/index.vue?vue&type=style&index=0&id=fac8ca64&lang=scss&scoped=true
<s> [webpack.Progress] 66% building 641/681 modules 40 active /data/5e-admin/node_modules/cache-loader/dist/cjs.js?{"cacheDirectory":"node_modules/.cache/vue-loader","cacheIdentifier":"f79bae76-vue-loader-template"}!/data/5e-admin/node_modules/vue-loader/lib/loaders/templateLoader.js??vue-loader-options!/data/5e-admin/node_modules/cache-loader/dist/cjs.js??ref--0-0!/data/5e-admin/node_modules/vue-loader/lib/index.js??vue-loader-options!/data/5e-admin/src/layout/components/TagsView/index.vue?vue&type=template&id=fac8ca64&scoped=true
<s> [webpack.Progress] 66% building 641/682 modules 41 active /data/5e-admin/node_modules/vue-style-loader/index.js??ref--8-oneOf-1-0!/data/5e-admin/node_modules/css-loader/dist/cjs.js??ref--8-oneOf-1-1!/data/5e-admin/node_modules/vue-loader/lib/loaders/stylePostLoader.js!/data/5e-admin/node_modules/postcss-loader/src/index.js??ref--8-oneOf-1-2!/data/5e-admin/node_modules/sass-loader/dist/cjs.js??ref--8-oneOf-1-3!/data/5e-admin/node_modules/cache-loader/dist/cjs.js??ref--0-0!/data/5e-admin/node_modules/vue-loader/lib/index.js??vue-loader-options!/data/5e-admin/src/layout/components/TagsView/index.vue?vue&type=style&index=1&id=fac8ca64&lang=scss
<s> [webpack.Progress] 66% building 642/682 modules 40 active /data/5e-admin/node_modules/cache-loader/dist/cjs.js?{"cacheDirectory":"node_modules/.cache/vue-loader","cacheIdentifier":"f79bae76-vue-loader-template"}!/data/5e-admin/node_modules/vue-loader/lib/loaders/templateLoader.js??vue-loader-options!/data/5e-admin/node_modules/cache-loader/dist/cjs.js??ref--0-0!/data/5e-admin/node_modules/vue-loader/lib/index.js??vue-loader-options!/data/5e-admin/src/layout/components/TagsView/index.vue?vue&type=template&id=fac8ca64&scoped=true
<s> [webpack.Progress] 66% building 642/683 modules 41 active /data/5e-admin/node_modules/css-loader/dist/cjs.js??ref--8-oneOf-1-1!/data/5e-admin/node_modules/vue-loader/lib/loaders/stylePostLoader.js!/data/5e-admin/node_modules/postcss-loader/src/index.js??ref--8-oneOf-1-2!/data/5e-admin/node_modules/sass-loader/dist/cjs.js??ref--8-oneOf-1-3!/data/5e-admin/node_modules/cache-loader/dist/cjs.js??ref--0-0!/data/5e-admin/node_modules/vue-loader/lib/index.js??vue-loader-options!/data/5e-admin/src/layout/components/TagsView/index.vue?vue&type=style&index=0&id=fac8ca64&lang=scss&scoped=true
<s> [webpack.Progress] 66% building 642/684 modules 42 active /data/5e-admin/node_modules/css-loader/dist/cjs.js??ref--8-oneOf-1-1!/data/5e-admin/node_modules/vue-loader/lib/loaders/stylePostLoader.js!/data/5e-admin/node_modules/postcss-loader/src/index.js??ref--8-oneOf-1-2!/data/5e-admin/node_modules/sass-loader/dist/cjs.js??ref--8-oneOf-1-3!/data/5e-admin/node_modules/cache-loader/dist/cjs.js??ref--0-0!/data/5e-admin/node_modules/vue-loader/lib/index.js??vue-loader-options!/data/5e-admin/src/layout/components/TagsView/index.vue?vue&type=style&index=1&id=fac8ca64&lang=scss
<s> [webpack.Progress] 66% building 642/685 modules 43 active /data/5e-admin/node_modules/babel-runtime/node_modules/core-js/library/modules/_to-integer.js
<s> [webpack.Progress] 66% building 642/686 modules 44 active /data/5e-admin/node_modules/babel-runtime/node_modules/core-js/library/modules/_defined.js
<s> [webpack.Progress] 66% building 642/687 modules 45 active /data/5e-admin/node_modules/babel-runtime/node_modules/core-js/library/modules/_iter-create.js
<s> [webpack.Progress] 65% building 642/688 modules 46 active /data/5e-admin/node_modules/babel-runtime/node_modules/core-js/library/modules/_object-gpo.js
<s> [webpack.Progress] 65% building 642/689 modules 47 active /data/5e-admin/node_modules/babel-runtime/node_modules/core-js/library/modules/_add-to-unscopables.js
<s> [webpack.Progress] 65% building 642/690 modules 48 active /data/5e-admin/node_modules/babel-runtime/node_modules/core-js/library/modules/_iter-step.js
<s> [webpack.Progress] 65% building 642/691 modules 49 active /data/5e-admin/node_modules/babel-runtime/node_modules/core-js/library/modules/_ctx.js
<s> [webpack.Progress] 65% building 642/692 modules 50 active /data/5e-admin/node_modules/babel-runtime/node_modules/core-js/library/modules/_iobject.js
<s> [webpack.Progress] 65% building 642/693 modules 51 active /data/5e-admin/node_modules/core-js/internals/array-buffer-native.js
<s> [webpack.Progress] 65% building 642/694 modules 52 active /data/5e-admin/node_modules/core-js/internals/to-index.js
<s> [webpack.Progress] 65% building 642/695 modules 53 active /data/5e-admin/node_modules/core-js/internals/ieee754.js
<s> [webpack.Progress] 65% building 642/696 modules 54 active /data/5e-admin/node_modules/core-js/internals/typed-array-constructors-require-wrappers.js
<s> [webpack.Progress] 65% building 642/697 modules 55 active /data/5e-admin/node_modules/core-js/internals/typed-array-from.js
<s> [webpack.Progress] 65% building 642/698 modules 56 active /data/5e-admin/node_modules/core-js/internals/to-positive-integer.js
<s> [webpack.Progress] 65% building 643/698 modules 55 active /data/5e-admin/node_modules/core-js/internals/to-positive-integer.js
<s> [webpack.Progress] 65% building 644/698 modules 54 active /data/5e-admin/node_modules/core-js/internals/to-positive-integer.js
<s> [webpack.Progress] 65% building 645/698 modules 53 active /data/5e-admin/node_modules/core-js/internals/to-positive-integer.js
<s> [webpack.Progress] 65% building 646/698 modules 52 active /data/5e-admin/node_modules/core-js/internals/to-positive-integer.js
<s> [webpack.Progress] 65% building 647/698 modules 51 active /data/5e-admin/node_modules/core-js/internals/to-positive-integer.js
<s> [webpack.Progress] 65% building 648/698 modules 50 active /data/5e-admin/node_modules/core-js/internals/to-positive-integer.js
<s> [webpack.Progress] 65% building 649/698 modules 49 active /data/5e-admin/node_modules/core-js/internals/to-positive-integer.js
<s> [webpack.Progress] 65% building 650/698 modules 48 active /data/5e-admin/node_modules/core-js/internals/to-positive-integer.js
<s> [webpack.Progress] 65% building 651/698 modules 47 active /data/5e-admin/node_modules/core-js/internals/to-positive-integer.js
<s> [webpack.Progress] 66% building 652/698 modules 46 active /data/5e-admin/node_modules/core-js/internals/to-positive-integer.js
<s> [webpack.Progress] 66% building 653/698 modules 45 active /data/5e-admin/node_modules/core-js/internals/to-positive-integer.js
<s> [webpack.Progress] 66% building 654/698 modules 44 active /data/5e-admin/node_modules/core-js/internals/to-positive-integer.js
<s> [webpack.Progress] 66% building 655/698 modules 43 active /data/5e-admin/node_modules/core-js/internals/to-positive-integer.js
<s> [webpack.Progress] 66% building 656/698 modules 42 active /data/5e-admin/node_modules/core-js/internals/to-positive-integer.js
<s> [webpack.Progress] 66% building 657/698 modules 41 active /data/5e-admin/node_modules/core-js/internals/to-positive-integer.js
<s> [webpack.Progress] 66% building 658/698 modules 40 active /data/5e-admin/node_modules/core-js/internals/to-positive-integer.js
<s> [webpack.Progress] 66% building 659/698 modules 39 active /data/5e-admin/node_modules/core-js/internals/to-positive-integer.js
<s> [webpack.Progress] 66% building 660/698 modules 38 active /data/5e-admin/node_modules/core-js/internals/to-positive-integer.js
<s> [webpack.Progress] 66% building 661/698 modules 37 active /data/5e-admin/node_modules/core-js/internals/to-positive-integer.js
<s> [webpack.Progress] 66% building 662/698 modules 36 active /data/5e-admin/node_modules/core-js/internals/to-positive-integer.js
<s> [webpack.Progress] 66% building 663/698 modules 35 active /data/5e-admin/node_modules/core-js/internals/to-positive-integer.js
<s> [webpack.Progress] 67% building 664/698 modules 34 active /data/5e-admin/node_modules/core-js/internals/to-positive-integer.js
<s> [webpack.Progress] 67% building 665/698 modules 33 active /data/5e-admin/node_modules/core-js/internals/to-positive-integer.js
<s> [webpack.Progress] 67% building 666/698 modules 32 active /data/5e-admin/node_modules/core-js/internals/to-positive-integer.js
<s> [webpack.Progress] 67% building 667/698 modules 31 active /data/5e-admin/node_modules/core-js/internals/to-positive-integer.js
<s> [webpack.Progress] 67% building 668/698 modules 30 active /data/5e-admin/node_modules/core-js/internals/to-positive-integer.js
<s> [webpack.Progress] 67% building 669/698 modules 29 active /data/5e-admin/node_modules/core-js/internals/to-positive-integer.js
<s> [webpack.Progress] 67% building 669/699 modules 30 active /data/5e-admin/node_modules/xlsx/xlsx.js
<s> [webpack.Progress] 67% building 669/700 modules 31 active /data/5e-admin/node_modules/cache-loader/dist/cjs.js??ref--0-0!/data/5e-admin/node_modules/vue-loader/lib/index.js??vue-loader-options!/data/5e-admin/node_modules/eslint-loader/index.js??ref--13-0!/data/5e-admin/src/layout/components/AppMain.vue
<s> [webpack.Progress] 67% building 669/701 modules 32 active /data/5e-admin/node_modules/cache-loader/dist/cjs.js??ref--0-0!/data/5e-admin/node_modules/vue-loader/lib/index.js??vue-loader-options!/data/5e-admin/node_modules/eslint-loader/index.js??ref--13-0!/data/5e-admin/src/layout/components/Navbar.vue
<s> [webpack.Progress] 67% building 670/701 modules 31 active /data/5e-admin/node_modules/cache-loader/dist/cjs.js??ref--0-0!/data/5e-admin/node_modules/vue-loader/lib/index.js??vue-loader-options!/data/5e-admin/node_modules/eslint-loader/index.js??ref--13-0!/data/5e-admin/src/layout/components/Navbar.vue
<s> [webpack.Progress] 67% building 671/701 modules 30 active /data/5e-admin/node_modules/cache-loader/dist/cjs.js??ref--0-0!/data/5e-admin/node_modules/vue-loader/lib/index.js??vue-loader-options!/data/5e-admin/node_modules/eslint-loader/index.js??ref--13-0!/data/5e-admin/src/layout/components/Navbar.vue
<s> [webpack.Progress] 67% building 672/701 modules 29 active /data/5e-admin/node_modules/cache-loader/dist/cjs.js??ref--0-0!/data/5e-admin/node_modules/vue-loader/lib/index.js??vue-loader-options!/data/5e-admin/node_modules/eslint-loader/index.js??ref--13-0!/data/5e-admin/src/layout/components/Navbar.vue
<s> [webpack.Progress] 67% building 672/702 modules 30 active /data/5e-admin/node_modules/vue-style-loader/index.js??ref--8-oneOf-3-0!/data/5e-admin/node_modules/css-loader/dist/cjs.js??ref--8-oneOf-3-1!/data/5e-admin/node_modules/postcss-loader/src/index.js??ref--8-oneOf-3-2!/data/5e-admin/node_modules/sass-loader/dist/cjs.js??ref--8-oneOf-3-3!/data/5e-admin/src/styles/variables.scss
<s> [webpack.Progress] 67% building 673/702 modules 29 active /data/5e-admin/node_modules/cache-loader/dist/cjs.js??ref--0-0!/data/5e-admin/node_modules/vue-loader/lib/index.js??vue-loader-options!/data/5e-admin/node_modules/eslint-loader/index.js??ref--13-0!/data/5e-admin/src/layout/components/Navbar.vue
<s> [webpack.Progress] 67% building 673/703 modules 30 active /data/5e-admin/node_modules/css-loader/dist/cjs.js??ref--8-oneOf-3-1!/data/5e-admin/node_modules/postcss-loader/src/index.js??ref--8-oneOf-3-2!/data/5e-admin/node_modules/sass-loader/dist/cjs.js??ref--8-oneOf-3-3!/data/5e-admin/src/styles/variables.scss
<s> [webpack.Progress] 67% building 674/703 modules 29 active /data/5e-admin/node_modules/css-loader/dist/cjs.js??ref--8-oneOf-3-1!/data/5e-admin/node_modules/postcss-loader/src/index.js??ref--8-oneOf-3-2!/data/5e-admin/node_modules/sass-loader/dist/cjs.js??ref--8-oneOf-3-3!/data/5e-admin/src/styles/variables.scss
<s> [webpack.Progress] 67% building 675/703 modules 28 active /data/5e-admin/node_modules/css-loader/dist/cjs.js??ref--8-oneOf-3-1!/data/5e-admin/node_modules/postcss-loader/src/index.js??ref--8-oneOf-3-2!/data/5e-admin/node_modules/sass-loader/dist/cjs.js??ref--8-oneOf-3-3!/data/5e-admin/src/styles/variables.scss
<s> [webpack.Progress] 67% building 676/703 modules 27 active /data/5e-admin/node_modules/css-loader/dist/cjs.js??ref--8-oneOf-3-1!/data/5e-admin/node_modules/postcss-loader/src/index.js??ref--8-oneOf-3-2!/data/5e-admin/node_modules/sass-loader/dist/cjs.js??ref--8-oneOf-3-3!/data/5e-admin/src/styles/variables.scss
<s> [webpack.Progress] 67% building 677/703 modules 26 active /data/5e-admin/node_modules/css-loader/dist/cjs.js??ref--8-oneOf-3-1!/data/5e-admin/node_modules/postcss-loader/src/index.js??ref--8-oneOf-3-2!/data/5e-admin/node_modules/sass-loader/dist/cjs.js??ref--8-oneOf-3-3!/data/5e-admin/src/styles/variables.scss
<s> [webpack.Progress] 67% building 678/703 modules 25 active /data/5e-admin/node_modules/css-loader/dist/cjs.js??ref--8-oneOf-3-1!/data/5e-admin/node_modules/postcss-loader/src/index.js??ref--8-oneOf-3-2!/data/5e-admin/node_modules/sass-loader/dist/cjs.js??ref--8-oneOf-3-3!/data/5e-admin/src/styles/variables.scss
<s> [webpack.Progress] 67% building 679/703 modules 24 active /data/5e-admin/node_modules/css-loader/dist/cjs.js??ref--8-oneOf-3-1!/data/5e-admin/node_modules/postcss-loader/src/index.js??ref--8-oneOf-3-2!/data/5e-admin/node_modules/sass-loader/dist/cjs.js??ref--8-oneOf-3-3!/data/5e-admin/src/styles/variables.scss
<s> [webpack.Progress] 68% building 680/703 modules 23 active /data/5e-admin/node_modules/css-loader/dist/cjs.js??ref--8-oneOf-3-1!/data/5e-admin/node_modules/postcss-loader/src/index.js??ref--8-oneOf-3-2!/data/5e-admin/node_modules/sass-loader/dist/cjs.js??ref--8-oneOf-3-3!/data/5e-admin/src/styles/variables.scss
<s> [webpack.Progress] 68% building 681/703 modules 22 active /data/5e-admin/node_modules/css-loader/dist/cjs.js??ref--8-oneOf-3-1!/data/5e-admin/node_modules/postcss-loader/src/index.js??ref--8-oneOf-3-2!/data/5e-admin/node_modules/sass-loader/dist/cjs.js??ref--8-oneOf-3-3!/data/5e-admin/src/styles/variables.scss
<s> [webpack.Progress] 68% building 682/703 modules 21 active /data/5e-admin/node_modules/css-loader/dist/cjs.js??ref--8-oneOf-3-1!/data/5e-admin/node_modules/postcss-loader/src/index.js??ref--8-oneOf-3-2!/data/5e-admin/node_modules/sass-loader/dist/cjs.js??ref--8-oneOf-3-3!/data/5e-admin/src/styles/variables.scss
<s> [webpack.Progress] 68% building 683/703 modules 20 active /data/5e-admin/node_modules/css-loader/dist/cjs.js??ref--8-oneOf-3-1!/data/5e-admin/node_modules/postcss-loader/src/index.js??ref--8-oneOf-3-2!/data/5e-admin/node_modules/sass-loader/dist/cjs.js??ref--8-oneOf-3-3!/data/5e-admin/src/styles/variables.scss
<s> [webpack.Progress] 68% building 684/703 modules 19 active /data/5e-admin/node_modules/css-loader/dist/cjs.js??ref--8-oneOf-3-1!/data/5e-admin/node_modules/postcss-loader/src/index.js??ref--8-oneOf-3-2!/data/5e-admin/node_modules/sass-loader/dist/cjs.js??ref--8-oneOf-3-3!/data/5e-admin/src/styles/variables.scss
<s> [webpack.Progress] 68% building 684/704 modules 20 active /data/5e-admin/node_modules/es-errors/eval.js
<s> [webpack.Progress] 68% building 684/705 modules 21 active /data/5e-admin/node_modules/es-errors/range.js
<s> [webpack.Progress] 68% building 684/706 modules 22 active /data/5e-admin/node_modules/es-errors/ref.js
<s> [webpack.Progress] 68% building 684/707 modules 23 active /data/5e-admin/node_modules/es-errors/syntax.js
<s> [webpack.Progress] 67% building 684/708 modules 24 active /data/5e-admin/node_modules/es-errors/uri.js
<s> [webpack.Progress] 68% building 685/708 modules 23 active /data/5e-admin/node_modules/es-errors/uri.js
<s> [webpack.Progress] 68% building 686/708 modules 22 active /data/5e-admin/node_modules/es-errors/uri.js
<s> [webpack.Progress] 68% building 687/708 modules 21 active /data/5e-admin/node_modules/es-errors/uri.js
<s> [webpack.Progress] 68% building 688/708 modules 20 active /data/5e-admin/node_modules/es-errors/uri.js
<s> [webpack.Progress] 68% building 689/708 modules 19 active /data/5e-admin/node_modules/es-errors/uri.js
<s> [webpack.Progress] 68% building 690/708 modules 18 active /data/5e-admin/node_modules/es-errors/uri.js
<s> [webpack.Progress] 68% building 690/709 modules 19 active /data/5e-admin/node_modules/cache-loader/dist/cjs.js??ref--12-0!/data/5e-admin/node_modules/babel-loader/lib/index.js!/data/5e-admin/node_modules/eslint-loader/index.js??ref--13-0!/data/5e-admin/src/utils/clipboard.js
<s> [webpack.Progress] 68% building 690/710 modules 20 active /data/5e-admin/node_modules/vue-style-loader/index.js??ref--6-oneOf-3-0!/data/5e-admin/node_modules/css-loader/dist/cjs.js??ref--6-oneOf-3-1!/data/5e-admin/node_modules/postcss-loader/src/index.js??ref--6-oneOf-3-2!/data/5e-admin/src/directive/waves/waves.css
<s> [webpack.Progress] 68% building 691/710 modules 19 active /data/5e-admin/node_modules/cache-loader/dist/cjs.js??ref--12-0!/data/5e-admin/node_modules/babel-loader/lib/index.js!/data/5e-admin/node_modules/eslint-loader/index.js??ref--13-0!/data/5e-admin/src/utils/clipboard.js
<s> [webpack.Progress] 68% building 691/711 modules 20 active /data/5e-admin/node_modules/css-loader/dist/cjs.js??ref--6-oneOf-3-1!/data/5e-admin/node_modules/postcss-loader/src/index.js??ref--6-oneOf-3-2!/data/5e-admin/src/directive/waves/waves.css
<s> [webpack.Progress] 68% building 691/712 modules 21 active /data/5e-admin/node_modules/cache-loader/dist/cjs.js??ref--12-0!/data/5e-admin/node_modules/babel-loader/lib/index.js!/data/5e-admin/node_modules/eslint-loader/index.js??ref--13-0!/data/5e-admin/src/utils/scroll-to.js
<s> [webpack.Progress] 68% building 692/712 modules 20 active /data/5e-admin/node_modules/cache-loader/dist/cjs.js??ref--12-0!/data/5e-admin/node_modules/babel-loader/lib/index.js!/data/5e-admin/node_modules/eslint-loader/index.js??ref--13-0!/data/5e-admin/src/utils/scroll-to.js
<s> [webpack.Progress] 68% building 693/712 modules 19 active /data/5e-admin/node_modules/cache-loader/dist/cjs.js??ref--12-0!/data/5e-admin/node_modules/babel-loader/lib/index.js!/data/5e-admin/node_modules/eslint-loader/index.js??ref--13-0!/data/5e-admin/src/utils/scroll-to.js
<s> [webpack.Progress] 68% building 694/712 modules 18 active /data/5e-admin/node_modules/cache-loader/dist/cjs.js??ref--12-0!/data/5e-admin/node_modules/babel-loader/lib/index.js!/data/5e-admin/node_modules/eslint-loader/index.js??ref--13-0!/data/5e-admin/src/utils/scroll-to.js
<s> [webpack.Progress] 68% building 694/713 modules 19 active ignored /data/5e-admin/node_modules/xlsx fs
<s> [webpack.Progress] 68% building 695/713 modules 18 active /data/5e-admin/node_modules/cache-loader/dist/cjs.js??ref--12-0!/data/5e-admin/node_modules/babel-loader/lib/index.js!/data/5e-admin/node_modules/eslint-loader/index.js??ref--13-0!/data/5e-admin/src/utils/scroll-to.js
<s> [webpack.Progress] 68% building 695/714 modules 19 active ignored /data/5e-admin/node_modules/xlsx crypto
<s> [webpack.Progress] 68% building 696/714 modules 18 active /data/5e-admin/node_modules/cache-loader/dist/cjs.js??ref--12-0!/data/5e-admin/node_modules/babel-loader/lib/index.js!/data/5e-admin/node_modules/eslint-loader/index.js??ref--13-0!/data/5e-admin/src/utils/scroll-to.js
<s> [webpack.Progress] 68% building 696/715 modules 19 active ignored /data/5e-admin/node_modules/xlsx stream
<s> [webpack.Progress] 68% building 697/715 modules 18 active /data/5e-admin/node_modules/cache-loader/dist/cjs.js??ref--12-0!/data/5e-admin/node_modules/babel-loader/lib/index.js!/data/5e-admin/node_modules/eslint-loader/index.js??ref--13-0!/data/5e-admin/src/utils/scroll-to.js
<s> [webpack.Progress] 68% building 697/716 modules 19 active /data/5e-admin/node_modules/vue-loader/lib/loaders/pitcher.js??ref--4!/data/5e-admin/node_modules/cache-loader/dist/cjs.js??ref--0-0!/data/5e-admin/node_modules/vue-loader/lib/index.js??vue-loader-options!/data/5e-admin/node_modules/eslint-loader/index.js??ref--13-0!/data/5e-admin/src/layout/components/AppMain.vue?vue&type=template&id=078753dd&scoped=true
<s> [webpack.Progress] 68% building 698/716 modules 18 active /data/5e-admin/node_modules/cache-loader/dist/cjs.js??ref--12-0!/data/5e-admin/node_modules/babel-loader/lib/index.js!/data/5e-admin/node_modules/eslint-loader/index.js??ref--13-0!/data/5e-admin/src/utils/scroll-to.js
<s> [webpack.Progress] 68% building 698/717 modules 19 active /data/5e-admin/node_modules/vue-loader/lib/loaders/pitcher.js??ref--4!/data/5e-admin/node_modules/cache-loader/dist/cjs.js??ref--12-0!/data/5e-admin/node_modules/babel-loader/lib/index.js!/data/5e-admin/node_modules/cache-loader/dist/cjs.js??ref--0-0!/data/5e-admin/node_modules/vue-loader/lib/index.js??vue-loader-options!/data/5e-admin/node_modules/eslint-loader/index.js??ref--13-0!/data/5e-admin/node_modules/eslint-loader/index.js??ref--13-0!/data/5e-admin/src/layout/components/AppMain.vue?vue&type=script&lang=js
<s> [webpack.Progress] 68% building 699/717 modules 18 active /data/5e-admin/node_modules/cache-loader/dist/cjs.js??ref--12-0!/data/5e-admin/node_modules/babel-loader/lib/index.js!/data/5e-admin/node_modules/eslint-loader/index.js??ref--13-0!/data/5e-admin/src/utils/scroll-to.js
<s> [webpack.Progress] 68% building 699/718 modules 19 active /data/5e-admin/node_modules/vue-loader/lib/loaders/pitcher.js??ref--4!/data/5e-admin/node_modules/vue-style-loader/index.js??ref--8-oneOf-1-0!/data/5e-admin/node_modules/css-loader/dist/cjs.js??ref--8-oneOf-1-1!/data/5e-admin/node_modules/postcss-loader/src/index.js??ref--8-oneOf-1-2!/data/5e-admin/node_modules/sass-loader/dist/cjs.js??ref--8-oneOf-1-3!/data/5e-admin/node_modules/cache-loader/dist/cjs.js??ref--0-0!/data/5e-admin/node_modules/vue-loader/lib/index.js??vue-loader-options!/data/5e-admin/node_modules/eslint-loader/index.js??ref--13-0!/data/5e-admin/src/layout/components/AppMain.vue?vue&type=style&index=0&id=078753dd&lang=scss&scoped=true
<s> [webpack.Progress] 68% building 700/718 modules 18 active /data/5e-admin/node_modules/cache-loader/dist/cjs.js??ref--12-0!/data/5e-admin/node_modules/babel-loader/lib/index.js!/data/5e-admin/node_modules/eslint-loader/index.js??ref--13-0!/data/5e-admin/src/utils/scroll-to.js
<s> [webpack.Progress] 68% building 700/719 modules 19 active /data/5e-admin/node_modules/vue-loader/lib/loaders/pitcher.js??ref--4!/data/5e-admin/node_modules/vue-style-loader/index.js??ref--8-oneOf-1-0!/data/5e-admin/node_modules/css-loader/dist/cjs.js??ref--8-oneOf-1-1!/data/5e-admin/node_modules/postcss-loader/src/index.js??ref--8-oneOf-1-2!/data/5e-admin/node_modules/sass-loader/dist/cjs.js??ref--8-oneOf-1-3!/data/5e-admin/node_modules/cache-loader/dist/cjs.js??ref--0-0!/data/5e-admin/node_modules/vue-loader/lib/index.js??vue-loader-options!/data/5e-admin/node_modules/eslint-loader/index.js??ref--13-0!/data/5e-admin/src/layout/components/AppMain.vue?vue&type=style&index=1&id=078753dd&lang=scss
<s> [webpack.Progress] 68% building 701/719 modules 18 active /data/5e-admin/node_modules/cache-loader/dist/cjs.js??ref--12-0!/data/5e-admin/node_modules/babel-loader/lib/index.js!/data/5e-admin/node_modules/eslint-loader/index.js??ref--13-0!/data/5e-admin/src/utils/scroll-to.js
<s> [webpack.Progress] 68% building 701/720 modules 19 active /data/5e-admin/node_modules/cache-loader/dist/cjs.js??ref--12-0!/data/5e-admin/node_modules/babel-loader/lib/index.js!/data/5e-admin/node_modules/cache-loader/dist/cjs.js??ref--0-0!/data/5e-admin/node_modules/vue-loader/lib/index.js??vue-loader-options!/data/5e-admin/src/layout/components/AppMain.vue?vue&type=script&lang=js
<s> [webpack.Progress] 68% building 701/721 modules 20 active /data/5e-admin/node_modules/cache-loader/dist/cjs.js?{"cacheDirectory":"node_modules/.cache/vue-loader","cacheIdentifier":"f79bae76-vue-loader-template"}!/data/5e-admin/node_modules/vue-loader/lib/loaders/templateLoader.js??vue-loader-options!/data/5e-admin/node_modules/cache-loader/dist/cjs.js??ref--0-0!/data/5e-admin/node_modules/vue-loader/lib/index.js??vue-loader-options!/data/5e-admin/src/layout/components/AppMain.vue?vue&type=template&id=078753dd&scoped=true
<s> [webpack.Progress] 68% building 701/722 modules 21 active /data/5e-admin/node_modules/vue-style-loader/index.js??ref--8-oneOf-1-0!/data/5e-admin/node_modules/css-loader/dist/cjs.js??ref--8-oneOf-1-1!/data/5e-admin/node_modules/vue-loader/lib/loaders/stylePostLoader.js!/data/5e-admin/node_modules/postcss-loader/src/index.js??ref--8-oneOf-1-2!/data/5e-admin/node_modules/sass-loader/dist/cjs.js??ref--8-oneOf-1-3!/data/5e-admin/node_modules/cache-loader/dist/cjs.js??ref--0-0!/data/5e-admin/node_modules/vue-loader/lib/index.js??vue-loader-options!/data/5e-admin/src/layout/components/AppMain.vue?vue&type=style&index=0&id=078753dd&lang=scss&scoped=true
<s> [webpack.Progress] 68% building 702/722 modules 20 active /data/5e-admin/node_modules/cache-loader/dist/cjs.js?{"cacheDirectory":"node_modules/.cache/vue-loader","cacheIdentifier":"f79bae76-vue-loader-template"}!/data/5e-admin/node_modules/vue-loader/lib/loaders/templateLoader.js??vue-loader-options!/data/5e-admin/node_modules/cache-loader/dist/cjs.js??ref--0-0!/data/5e-admin/node_modules/vue-loader/lib/index.js??vue-loader-options!/data/5e-admin/src/layout/components/AppMain.vue?vue&type=template&id=078753dd&scoped=true
<s> [webpack.Progress] 68% building 702/723 modules 21 active /data/5e-admin/node_modules/vue-style-loader/index.js??ref--8-oneOf-1-0!/data/5e-admin/node_modules/css-loader/dist/cjs.js??ref--8-oneOf-1-1!/data/5e-admin/node_modules/vue-loader/lib/loaders/stylePostLoader.js!/data/5e-admin/node_modules/postcss-loader/src/index.js??ref--8-oneOf-1-2!/data/5e-admin/node_modules/sass-loader/dist/cjs.js??ref--8-oneOf-1-3!/data/5e-admin/node_modules/cache-loader/dist/cjs.js??ref--0-0!/data/5e-admin/node_modules/vue-loader/lib/index.js??vue-loader-options!/data/5e-admin/src/layout/components/AppMain.vue?vue&type=style&index=1&id=078753dd&lang=scss
<s> [webpack.Progress] 68% building 703/723 modules 20 active /data/5e-admin/node_modules/cache-loader/dist/cjs.js?{"cacheDirectory":"node_modules/.cache/vue-loader","cacheIdentifier":"f79bae76-vue-loader-template"}!/data/5e-admin/node_modules/vue-loader/lib/loaders/templateLoader.js??vue-loader-options!/data/5e-admin/node_modules/cache-loader/dist/cjs.js??ref--0-0!/data/5e-admin/node_modules/vue-loader/lib/index.js??vue-loader-options!/data/5e-admin/src/layout/components/AppMain.vue?vue&type=template&id=078753dd&scoped=true
<s> [webpack.Progress] 68% building 703/724 modules 21 active /data/5e-admin/node_modules/css-loader/dist/cjs.js??ref--8-oneOf-1-1!/data/5e-admin/node_modules/vue-loader/lib/loaders/stylePostLoader.js!/data/5e-admin/node_modules/postcss-loader/src/index.js??ref--8-oneOf-1-2!/data/5e-admin/node_modules/sass-loader/dist/cjs.js??ref--8-oneOf-1-3!/data/5e-admin/node_modules/cache-loader/dist/cjs.js??ref--0-0!/data/5e-admin/node_modules/vue-loader/lib/index.js??vue-loader-options!/data/5e-admin/src/layout/components/AppMain.vue?vue&type=style&index=0&id=078753dd&lang=scss&scoped=true
<s> [webpack.Progress] 68% building 703/725 modules 22 active /data/5e-admin/node_modules/css-loader/dist/cjs.js??ref--8-oneOf-1-1!/data/5e-admin/node_modules/vue-loader/lib/loaders/stylePostLoader.js!/data/5e-admin/node_modules/postcss-loader/src/index.js??ref--8-oneOf-1-2!/data/5e-admin/node_modules/sass-loader/dist/cjs.js??ref--8-oneOf-1-3!/data/5e-admin/node_modules/cache-loader/dist/cjs.js??ref--0-0!/data/5e-admin/node_modules/vue-loader/lib/index.js??vue-loader-options!/data/5e-admin/src/layout/components/AppMain.vue?vue&type=style&index=1&id=078753dd&lang=scss
<s> [webpack.Progress] 68% building 703/726 modules 23 active /data/5e-admin/node_modules/vue-loader/lib/loaders/pitcher.js??ref--4!/data/5e-admin/node_modules/cache-loader/dist/cjs.js??ref--0-0!/data/5e-admin/node_modules/vue-loader/lib/index.js??vue-loader-options!/data/5e-admin/node_modules/eslint-loader/index.js??ref--13-0!/data/5e-admin/src/layout/components/Navbar.vue?vue&type=template&id=d16d6306&scoped=true
<s> [webpack.Progress] 68% building 704/726 modules 22 active /data/5e-admin/node_modules/css-loader/dist/cjs.js??ref--8-oneOf-1-1!/data/5e-admin/node_modules/vue-loader/lib/loaders/stylePostLoader.js!/data/5e-admin/node_modules/postcss-loader/src/index.js??ref--8-oneOf-1-2!/data/5e-admin/node_modules/sass-loader/dist/cjs.js??ref--8-oneOf-1-3!/data/5e-admin/node_modules/cache-loader/dist/cjs.js??ref--0-0!/data/5e-admin/node_modules/vue-loader/lib/index.js??vue-loader-options!/data/5e-admin/src/layout/components/AppMain.vue?vue&type=style&index=1&id=078753dd&lang=scss
<s> [webpack.Progress] 68% building 704/727 modules 23 active /data/5e-admin/node_modules/vue-loader/lib/loaders/pitcher.js??ref--4!/data/5e-admin/node_modules/cache-loader/dist/cjs.js??ref--12-0!/data/5e-admin/node_modules/babel-loader/lib/index.js!/data/5e-admin/node_modules/cache-loader/dist/cjs.js??ref--0-0!/data/5e-admin/node_modules/vue-loader/lib/index.js??vue-loader-options!/data/5e-admin/node_modules/eslint-loader/index.js??ref--13-0!/data/5e-admin/node_modules/eslint-loader/index.js??ref--13-0!/data/5e-admin/src/layout/components/Navbar.vue?vue&type=script&lang=js
<s> [webpack.Progress] 68% building 705/727 modules 22 active /data/5e-admin/node_modules/css-loader/dist/cjs.js??ref--8-oneOf-1-1!/data/5e-admin/node_modules/vue-loader/lib/loaders/stylePostLoader.js!/data/5e-admin/node_modules/postcss-loader/src/index.js??ref--8-oneOf-1-2!/data/5e-admin/node_modules/sass-loader/dist/cjs.js??ref--8-oneOf-1-3!/data/5e-admin/node_modules/cache-loader/dist/cjs.js??ref--0-0!/data/5e-admin/node_modules/vue-loader/lib/index.js??vue-loader-options!/data/5e-admin/src/layout/components/AppMain.vue?vue&type=style&index=1&id=078753dd&lang=scss
<s> [webpack.Progress] 68% building 705/728 modules 23 active /data/5e-admin/node_modules/vue-loader/lib/loaders/pitcher.js??ref--4!/data/5e-admin/node_modules/vue-style-loader/index.js??ref--8-oneOf-1-0!/data/5e-admin/node_modules/css-loader/dist/cjs.js??ref--8-oneOf-1-1!/data/5e-admin/node_modules/postcss-loader/src/index.js??ref--8-oneOf-1-2!/data/5e-admin/node_modules/sass-loader/dist/cjs.js??ref--8-oneOf-1-3!/data/5e-admin/node_modules/cache-loader/dist/cjs.js??ref--0-0!/data/5e-admin/node_modules/vue-loader/lib/index.js??vue-loader-options!/data/5e-admin/node_modules/eslint-loader/index.js??ref--13-0!/data/5e-admin/src/layout/components/Navbar.vue?vue&type=style&index=0&id=d16d6306&lang=scss&scoped=true
<s> [webpack.Progress] 68% building 706/728 modules 22 active /data/5e-admin/node_modules/css-loader/dist/cjs.js??ref--8-oneOf-1-1!/data/5e-admin/node_modules/vue-loader/lib/loaders/stylePostLoader.js!/data/5e-admin/node_modules/postcss-loader/src/index.js??ref--8-oneOf-1-2!/data/5e-admin/node_modules/sass-loader/dist/cjs.js??ref--8-oneOf-1-3!/data/5e-admin/node_modules/cache-loader/dist/cjs.js??ref--0-0!/data/5e-admin/node_modules/vue-loader/lib/index.js??vue-loader-options!/data/5e-admin/src/layout/components/AppMain.vue?vue&type=style&index=1&id=078753dd&lang=scss
<s> [webpack.Progress] 68% building 706/729 modules 23 active /data/5e-admin/node_modules/cache-loader/dist/cjs.js??ref--12-0!/data/5e-admin/node_modules/babel-loader/lib/index.js!/data/5e-admin/node_modules/cache-loader/dist/cjs.js??ref--0-0!/data/5e-admin/node_modules/vue-loader/lib/index.js??vue-loader-options!/data/5e-admin/src/layout/components/Navbar.vue?vue&type=script&lang=js
<s> [webpack.Progress] 68% building 706/730 modules 24 active /data/5e-admin/node_modules/cache-loader/dist/cjs.js?{"cacheDirectory":"node_modules/.cache/vue-loader","cacheIdentifier":"f79bae76-vue-loader-template"}!/data/5e-admin/node_modules/vue-loader/lib/loaders/templateLoader.js??vue-loader-options!/data/5e-admin/node_modules/cache-loader/dist/cjs.js??ref--0-0!/data/5e-admin/node_modules/vue-loader/lib/index.js??vue-loader-options!/data/5e-admin/src/layout/components/Navbar.vue?vue&type=template&id=d16d6306&scoped=true
<s> [webpack.Progress] 67% building 706/731 modules 25 active /data/5e-admin/node_modules/vue-style-loader/index.js??ref--8-oneOf-1-0!/data/5e-admin/node_modules/css-loader/dist/cjs.js??ref--8-oneOf-1-1!/data/5e-admin/node_modules/vue-loader/lib/loaders/stylePostLoader.js!/data/5e-admin/node_modules/postcss-loader/src/index.js??ref--8-oneOf-1-2!/data/5e-admin/node_modules/sass-loader/dist/cjs.js??ref--8-oneOf-1-3!/data/5e-admin/node_modules/cache-loader/dist/cjs.js??ref--0-0!/data/5e-admin/node_modules/vue-loader/lib/index.js??vue-loader-options!/data/5e-admin/src/layout/components/Navbar.vue?vue&type=style&index=0&id=d16d6306&lang=scss&scoped=true
<s> [webpack.Progress] 68% building 707/731 modules 24 active /data/5e-admin/node_modules/cache-loader/dist/cjs.js?{"cacheDirectory":"node_modules/.cache/vue-loader","cacheIdentifier":"f79bae76-vue-loader-template"}!/data/5e-admin/node_modules/vue-loader/lib/loaders/templateLoader.js??vue-loader-options!/data/5e-admin/node_modules/cache-loader/dist/cjs.js??ref--0-0!/data/5e-admin/node_modules/vue-loader/lib/index.js??vue-loader-options!/data/5e-admin/src/layout/components/Navbar.vue?vue&type=template&id=d16d6306&scoped=true
<s> [webpack.Progress] 67% building 707/732 modules 25 active /data/5e-admin/node_modules/css-loader/dist/cjs.js??ref--8-oneOf-1-1!/data/5e-admin/node_modules/vue-loader/lib/loaders/stylePostLoader.js!/data/5e-admin/node_modules/postcss-loader/src/index.js??ref--8-oneOf-1-2!/data/5e-admin/node_modules/sass-loader/dist/cjs.js??ref--8-oneOf-1-3!/data/5e-admin/node_modules/cache-loader/dist/cjs.js??ref--0-0!/data/5e-admin/node_modules/vue-loader/lib/index.js??vue-loader-options!/data/5e-admin/src/layout/components/Navbar.vue?vue&type=style&index=0&id=d16d6306&lang=scss&scoped=true
<s> [webpack.Progress] 67% building 707/733 modules 26 active /data/5e-admin/node_modules/babel-runtime/node_modules/core-js/library/modules/_cof.js
<s> [webpack.Progress] 67% building 707/734 modules 27 active /data/5e-admin/node_modules/babel-runtime/node_modules/core-js/library/modules/_object-dps.js
<s> [webpack.Progress] 67% building 707/735 modules 28 active /data/5e-admin/node_modules/babel-runtime/node_modules/core-js/library/modules/_enum-bug-keys.js
<s> [webpack.Progress] 67% building 707/736 modules 29 active /data/5e-admin/node_modules/babel-runtime/node_modules/core-js/library/modules/_shared-key.js
<s> [webpack.Progress] 67% building 707/737 modules 30 active /data/5e-admin/node_modules/babel-runtime/node_modules/core-js/library/modules/_dom-create.js
<s> [webpack.Progress] 67% building 707/738 modules 31 active /data/5e-admin/node_modules/babel-runtime/node_modules/core-js/library/modules/_html.js
<s> [webpack.Progress] 67% building 707/739 modules 32 active /data/5e-admin/node_modules/babel-runtime/node_modules/core-js/library/modules/_ie8-dom-define.js
<s> [webpack.Progress] 67% building 707/740 modules 33 active /data/5e-admin/node_modules/babel-runtime/node_modules/core-js/library/modules/_object-keys-internal.js
<s> [webpack.Progress] 67% building 707/741 modules 34 active /data/5e-admin/node_modules/axios/lib/utils.js
<s> [webpack.Progress] 67% building 707/742 modules 35 active /data/5e-admin/node_modules/axios/lib/defaults.js
<s> [webpack.Progress] 67% building 708/742 modules 34 active /data/5e-admin/node_modules/axios/lib/defaults.js
<s> [webpack.Progress] 67% building 709/742 modules 33 active /data/5e-admin/node_modules/axios/lib/defaults.js
<s> [webpack.Progress] 67% building 710/742 modules 32 active /data/5e-admin/node_modules/axios/lib/defaults.js
<s> [webpack.Progress] 67% building 711/742 modules 31 active /data/5e-admin/node_modules/axios/lib/defaults.js
<s> [webpack.Progress] 67% building 712/742 modules 30 active /data/5e-admin/node_modules/axios/lib/defaults.js
<s> [webpack.Progress] 67% building 712/743 modules 31 active /data/5e-admin/node_modules/get-proto/Object.getPrototypeOf.js
<s> [webpack.Progress] 67% building 712/744 modules 32 active /data/5e-admin/node_modules/get-proto/Reflect.getPrototypeOf.js
<s> [webpack.Progress] 67% building 712/745 modules 33 active /data/5e-admin/node_modules/call-bind-apply-helpers/functionApply.js
<s> [webpack.Progress] 67% building 712/746 modules 34 active /data/5e-admin/node_modules/call-bind-apply-helpers/functionCall.js
<s> [webpack.Progress] 67% building 712/747 modules 35 active /data/5e-admin/node_modules/math-intrinsics/abs.js
<s> [webpack.Progress] 67% building 712/748 modules 36 active /data/5e-admin/node_modules/math-intrinsics/floor.js
<s> [webpack.Progress] 67% building 712/749 modules 37 active /data/5e-admin/node_modules/math-intrinsics/max.js
<s> [webpack.Progress] 66% building 712/750 modules 38 active /data/5e-admin/node_modules/math-intrinsics/min.js
<s> [webpack.Progress] 66% building 712/751 modules 39 active /data/5e-admin/node_modules/math-intrinsics/pow.js
<s> [webpack.Progress] 66% building 712/752 modules 40 active /data/5e-admin/node_modules/math-intrinsics/round.js
<s> [webpack.Progress] 66% building 712/753 modules 41 active /data/5e-admin/node_modules/math-intrinsics/sign.js
<s> [webpack.Progress] 66% building 713/753 modules 40 active /data/5e-admin/node_modules/math-intrinsics/sign.js
<s> [webpack.Progress] 66% building 714/753 modules 39 active /data/5e-admin/node_modules/math-intrinsics/sign.js
<s> [webpack.Progress] 66% building 714/754 modules 40 active /data/5e-admin/node_modules/xlsx/jszip.js
<s> [webpack.Progress] 66% building 714/755 modules 41 active /data/5e-admin/node_modules/axios/lib/helpers/bind.js
<s> [webpack.Progress] 66% building 714/756 modules 42 active /data/5e-admin/node_modules/axios/lib/helpers/spread.js
<s> [webpack.Progress] 66% building 714/757 modules 43 active /data/5e-admin/node_modules/axios/lib/core/Axios.js
<s> [webpack.Progress] 66% building 714/758 modules 44 active /data/5e-admin/node_modules/axios/lib/cancel/Cancel.js
<s> [webpack.Progress] 66% building 714/759 modules 45 active /data/5e-admin/node_modules/axios/lib/cancel/CancelToken.js
<s> [webpack.Progress] 66% building 714/760 modules 46 active /data/5e-admin/node_modules/axios/lib/cancel/isCancel.js
<s> [webpack.Progress] 66% building 715/760 modules 45 active /data/5e-admin/node_modules/axios/lib/cancel/isCancel.js
<s> [webpack.Progress] 66% building 716/760 modules 44 active /data/5e-admin/node_modules/axios/lib/cancel/isCancel.js
<s> [webpack.Progress] 66% building 717/760 modules 43 active /data/5e-admin/node_modules/axios/lib/cancel/isCancel.js
<s> [webpack.Progress] 66% building 718/760 modules 42 active /data/5e-admin/node_modules/axios/lib/cancel/isCancel.js
<s> [webpack.Progress] 66% building 718/761 modules 43 active /data/5e-admin/node_modules/babel-runtime/node_modules/core-js/library/modules/_a-function.js
<s> [webpack.Progress] 66% building 718/762 modules 44 active /data/5e-admin/node_modules/xlsx/dist/cpexcel.js
<s> [webpack.Progress] 66% building 718/763 modules 45 active /data/5e-admin/node_modules/path-browserify/index.js
<s> [webpack.Progress] 66% building 719/763 modules 44 active /data/5e-admin/node_modules/path-browserify/index.js
<s> [webpack.Progress] 66% building 720/763 modules 43 active /data/5e-admin/node_modules/path-browserify/index.js
<s> [webpack.Progress] 66% building 721/763 modules 42 active /data/5e-admin/node_modules/path-browserify/index.js
<s> [webpack.Progress] 66% building 722/763 modules 41 active /data/5e-admin/node_modules/path-browserify/index.js
<s> [webpack.Progress] 66% building 723/763 modules 40 active /data/5e-admin/node_modules/path-browserify/index.js
<s> [webpack.Progress] 66% building 724/763 modules 39 active /data/5e-admin/node_modules/path-browserify/index.js
<s> [webpack.Progress] 67% building 725/763 modules 38 active /data/5e-admin/node_modules/path-browserify/index.js
<s> [webpack.Progress] 67% building 726/763 modules 37 active /data/5e-admin/node_modules/path-browserify/index.js
<s> [webpack.Progress] 67% building 727/763 modules 36 active /data/5e-admin/node_modules/path-browserify/index.js
<s> [webpack.Progress] 67% building 728/763 modules 35 active /data/5e-admin/node_modules/path-browserify/index.js
<s> [webpack.Progress] 67% building 729/763 modules 34 active /data/5e-admin/node_modules/path-browserify/index.js
<s> [webpack.Progress] 67% building 730/763 modules 33 active /data/5e-admin/node_modules/path-browserify/index.js
<s> [webpack.Progress] 67% building 731/763 modules 32 active /data/5e-admin/node_modules/path-browserify/index.js
<s> [webpack.Progress] 67% building 732/763 modules 31 active /data/5e-admin/node_modules/path-browserify/index.js
<s> [webpack.Progress] 67% building 733/763 modules 30 active /data/5e-admin/node_modules/path-browserify/index.js
<s> [webpack.Progress] 67% building 734/763 modules 29 active /data/5e-admin/node_modules/path-browserify/index.js
<s> [webpack.Progress] 67% building 735/763 modules 28 active /data/5e-admin/node_modules/path-browserify/index.js
<s> [webpack.Progress] 67% building 736/763 modules 27 active /data/5e-admin/node_modules/path-browserify/index.js
<s> [webpack.Progress] 67% building 737/763 modules 26 active /data/5e-admin/node_modules/path-browserify/index.js
<s> [webpack.Progress] 68% building 738/763 modules 25 active /data/5e-admin/node_modules/path-browserify/index.js
<s> [webpack.Progress] 68% building 739/763 modules 24 active /data/5e-admin/node_modules/path-browserify/index.js
<s> [webpack.Progress] 68% building 739/764 modules 25 active /data/5e-admin/node_modules/es-errors/index.js
<s> [webpack.Progress] 68% building 740/764 modules 24 active /data/5e-admin/node_modules/es-errors/index.js
<s> [webpack.Progress] 68% building 741/764 modules 23 active /data/5e-admin/node_modules/es-errors/index.js
<s> [webpack.Progress] 68% building 742/764 modules 22 active /data/5e-admin/node_modules/es-errors/index.js
<s> [webpack.Progress] 68% building 743/764 modules 21 active /data/5e-admin/node_modules/es-errors/index.js
<s> [webpack.Progress] 68% building 744/764 modules 20 active /data/5e-admin/node_modules/es-errors/index.js
<s> [webpack.Progress] 68% building 745/764 modules 19 active /data/5e-admin/node_modules/es-errors/index.js
<s> [webpack.Progress] 68% building 746/764 modules 18 active /data/5e-admin/node_modules/es-errors/index.js
<s> [webpack.Progress] 68% building 747/764 modules 17 active /data/5e-admin/node_modules/es-errors/index.js
<s> [webpack.Progress] 68% building 747/765 modules 18 active /data/5e-admin/node_modules/buffer/index.js
<s> [webpack.Progress] 68% building 747/766 modules 19 active /data/5e-admin/node_modules/cache-loader/dist/cjs.js??ref--0-0!/data/5e-admin/node_modules/vue-loader/lib/index.js??vue-loader-options!/data/5e-admin/node_modules/eslint-loader/index.js??ref--13-0!/data/5e-admin/src/layout/components/Sidebar/Logo.vue
<s> [webpack.Progress] 68% building 747/767 modules 20 active /data/5e-admin/node_modules/cache-loader/dist/cjs.js??ref--0-0!/data/5e-admin/node_modules/vue-loader/lib/index.js??vue-loader-options!/data/5e-admin/node_modules/eslint-loader/index.js??ref--13-0!/data/5e-admin/src/layout/components/Sidebar/SidebarItem.vue
<s> [webpack.Progress] 68% building 747/768 modules 21 active /data/5e-admin/node_modules/cache-loader/dist/cjs.js??ref--0-0!/data/5e-admin/node_modules/vue-loader/lib/index.js??vue-loader-options!/data/5e-admin/node_modules/eslint-loader/index.js??ref--13-0!/data/5e-admin/src/layout/components/TagsView/ScrollPane.vue
<s> [webpack.Progress] 68% building 748/768 modules 20 active /data/5e-admin/node_modules/cache-loader/dist/cjs.js??ref--0-0!/data/5e-admin/node_modules/vue-loader/lib/index.js??vue-loader-options!/data/5e-admin/node_modules/eslint-loader/index.js??ref--13-0!/data/5e-admin/src/layout/components/TagsView/ScrollPane.vue
<s> [webpack.Progress] 68% building 749/768 modules 19 active /data/5e-admin/node_modules/cache-loader/dist/cjs.js??ref--0-0!/data/5e-admin/node_modules/vue-loader/lib/index.js??vue-loader-options!/data/5e-admin/node_modules/eslint-loader/index.js??ref--13-0!/data/5e-admin/src/layout/components/TagsView/ScrollPane.vue
<s> [webpack.Progress] 68% building 749/769 modules 20 active /data/5e-admin/node_modules/node-libs-browser/mock/process.js
<s> [webpack.Progress] 68% building 750/769 modules 19 active /data/5e-admin/node_modules/node-libs-browser/mock/process.js
<s> [webpack.Progress] 68% building 751/769 modules 18 active /data/5e-admin/node_modules/node-libs-browser/mock/process.js
<s> [webpack.Progress] 68% building 751/770 modules 19 active /data/5e-admin/node_modules/cache-loader/dist/cjs.js??ref--0-0!/data/5e-admin/node_modules/vue-loader/lib/index.js??vue-loader-options!/data/5e-admin/node_modules/eslint-loader/index.js??ref--13-0!/data/5e-admin/src/layout/components/Settings/index.vue
<s> [webpack.Progress] 68% building 751/771 modules 20 active /data/5e-admin/node_modules/get-proto/index.js
<s> [webpack.Progress] 68% building 751/772 modules 21 active /data/5e-admin/node_modules/call-bind-apply-helpers/index.js
<s> [webpack.Progress] 68% building 752/772 modules 20 active /data/5e-admin/node_modules/call-bind-apply-helpers/index.js
<s> [webpack.Progress] 68% building 753/772 modules 19 active /data/5e-admin/node_modules/call-bind-apply-helpers/index.js
<s> [webpack.Progress] 68% building 754/772 modules 18 active /data/5e-admin/node_modules/call-bind-apply-helpers/index.js
<s> [webpack.Progress] 68% building 755/772 modules 17 active /data/5e-admin/node_modules/call-bind-apply-helpers/index.js
<s> [webpack.Progress] 68% building 755/773 modules 18 active /data/5e-admin/node_modules/babel-runtime/node_modules/core-js/library/modules/_array-includes.js
<s> [webpack.Progress] 68% building 755/774 modules 19 active /data/5e-admin/node_modules/axios/lib/helpers/normalizeHeaderName.js
<s> [webpack.Progress] 68% building 755/775 modules 20 active /data/5e-admin/node_modules/es-object-atoms/index.js
<s> [webpack.Progress] 68% building 755/776 modules 21 active /data/5e-admin/node_modules/gopd/index.js
<s> [webpack.Progress] 68% building 755/777 modules 22 active /data/5e-admin/node_modules/es-define-property/index.js
<s> [webpack.Progress] 68% building 755/778 modules 23 active /data/5e-admin/node_modules/has-symbols/index.js
<s> [webpack.Progress] 68% building 755/779 modules 24 active /data/5e-admin/node_modules/hasown/index.js
<s> [webpack.Progress] 68% building 756/779 modules 23 active /data/5e-admin/node_modules/hasown/index.js
<s> [webpack.Progress] 68% building 756/780 modules 24 active /data/5e-admin/node_modules/vue-loader/lib/loaders/pitcher.js??ref--4!/data/5e-admin/node_modules/cache-loader/dist/cjs.js??ref--0-0!/data/5e-admin/node_modules/vue-loader/lib/index.js??vue-loader-options!/data/5e-admin/node_modules/eslint-loader/index.js??ref--13-0!/data/5e-admin/src/layout/components/Sidebar/Logo.vue?vue&type=template&id=6494804b&scoped=true
<s> [webpack.Progress] 68% building 757/780 modules 23 active /data/5e-admin/node_modules/hasown/index.js
<s> [webpack.Progress] 68% building 757/781 modules 24 active /data/5e-admin/node_modules/vue-loader/lib/loaders/pitcher.js??ref--4!/data/5e-admin/node_modules/cache-loader/dist/cjs.js??ref--12-0!/data/5e-admin/node_modules/babel-loader/lib/index.js!/data/5e-admin/node_modules/cache-loader/dist/cjs.js??ref--0-0!/data/5e-admin/node_modules/vue-loader/lib/index.js??vue-loader-options!/data/5e-admin/node_modules/eslint-loader/index.js??ref--13-0!/data/5e-admin/node_modules/eslint-loader/index.js??ref--13-0!/data/5e-admin/src/layout/components/Sidebar/Logo.vue?vue&type=script&lang=js
<s> [webpack.Progress] 68% building 758/781 modules 23 active /data/5e-admin/node_modules/hasown/index.js
<s> [webpack.Progress] 68% building 758/782 modules 24 active /data/5e-admin/node_modules/vue-loader/lib/loaders/pitcher.js??ref--4!/data/5e-admin/node_modules/vue-style-loader/index.js??ref--8-oneOf-1-0!/data/5e-admin/node_modules/css-loader/dist/cjs.js??ref--8-oneOf-1-1!/data/5e-admin/node_modules/postcss-loader/src/index.js??ref--8-oneOf-1-2!/data/5e-admin/node_modules/sass-loader/dist/cjs.js??ref--8-oneOf-1-3!/data/5e-admin/node_modules/cache-loader/dist/cjs.js??ref--0-0!/data/5e-admin/node_modules/vue-loader/lib/index.js??vue-loader-options!/data/5e-admin/node_modules/eslint-loader/index.js??ref--13-0!/data/5e-admin/src/layout/components/Sidebar/Logo.vue?vue&type=style&index=0&id=6494804b&lang=scss&scoped=true
<s> [webpack.Progress] 68% building 759/782 modules 23 active /data/5e-admin/node_modules/hasown/index.js
<s> [webpack.Progress] 68% building 759/783 modules 24 active /data/5e-admin/node_modules/cache-loader/dist/cjs.js??ref--12-0!/data/5e-admin/node_modules/babel-loader/lib/index.js!/data/5e-admin/node_modules/cache-loader/dist/cjs.js??ref--0-0!/data/5e-admin/node_modules/vue-loader/lib/index.js??vue-loader-options!/data/5e-admin/src/layout/components/Sidebar/Logo.vue?vue&type=script&lang=js
<s> [webpack.Progress] 68% building 759/784 modules 25 active /data/5e-admin/node_modules/cache-loader/dist/cjs.js?{"cacheDirectory":"node_modules/.cache/vue-loader","cacheIdentifier":"f79bae76-vue-loader-template"}!/data/5e-admin/node_modules/vue-loader/lib/loaders/templateLoader.js??vue-loader-options!/data/5e-admin/node_modules/cache-loader/dist/cjs.js??ref--0-0!/data/5e-admin/node_modules/vue-loader/lib/index.js??vue-loader-options!/data/5e-admin/src/layout/components/Sidebar/Logo.vue?vue&type=template&id=6494804b&scoped=true
<s> [webpack.Progress] 68% building 759/785 modules 26 active /data/5e-admin/node_modules/vue-style-loader/index.js??ref--8-oneOf-1-0!/data/5e-admin/node_modules/css-loader/dist/cjs.js??ref--8-oneOf-1-1!/data/5e-admin/node_modules/vue-loader/lib/loaders/stylePostLoader.js!/data/5e-admin/node_modules/postcss-loader/src/index.js??ref--8-oneOf-1-2!/data/5e-admin/node_modules/sass-loader/dist/cjs.js??ref--8-oneOf-1-3!/data/5e-admin/node_modules/cache-loader/dist/cjs.js??ref--0-0!/data/5e-admin/node_modules/vue-loader/lib/index.js??vue-loader-options!/data/5e-admin/src/layout/components/Sidebar/Logo.vue?vue&type=style&index=0&id=6494804b&lang=scss&scoped=true
<s> [webpack.Progress] 68% building 760/785 modules 25 active /data/5e-admin/node_modules/cache-loader/dist/cjs.js?{"cacheDirectory":"node_modules/.cache/vue-loader","cacheIdentifier":"f79bae76-vue-loader-template"}!/data/5e-admin/node_modules/vue-loader/lib/loaders/templateLoader.js??vue-loader-options!/data/5e-admin/node_modules/cache-loader/dist/cjs.js??ref--0-0!/data/5e-admin/node_modules/vue-loader/lib/index.js??vue-loader-options!/data/5e-admin/src/layout/components/Sidebar/Logo.vue?vue&type=template&id=6494804b&scoped=true
<s> [webpack.Progress] 68% building 760/786 modules 26 active /data/5e-admin/node_modules/css-loader/dist/cjs.js??ref--8-oneOf-1-1!/data/5e-admin/node_modules/vue-loader/lib/loaders/stylePostLoader.js!/data/5e-admin/node_modules/postcss-loader/src/index.js??ref--8-oneOf-1-2!/data/5e-admin/node_modules/sass-loader/dist/cjs.js??ref--8-oneOf-1-3!/data/5e-admin/node_modules/cache-loader/dist/cjs.js??ref--0-0!/data/5e-admin/node_modules/vue-loader/lib/index.js??vue-loader-options!/data/5e-admin/src/layout/components/Sidebar/Logo.vue?vue&type=style&index=0&id=6494804b&lang=scss&scoped=true
<s> [webpack.Progress] 67% building 760/787 modules 27 active /data/5e-admin/node_modules/vue-loader/lib/loaders/pitcher.js??ref--4!/data/5e-admin/node_modules/cache-loader/dist/cjs.js??ref--0-0!/data/5e-admin/node_modules/vue-loader/lib/index.js??vue-loader-options!/data/5e-admin/node_modules/eslint-loader/index.js??ref--13-0!/data/5e-admin/src/layout/components/Sidebar/SidebarItem.vue?vue&type=template&id=2d2bbdc2
<s> [webpack.Progress] 68% building 761/787 modules 26 active /data/5e-admin/node_modules/css-loader/dist/cjs.js??ref--8-oneOf-1-1!/data/5e-admin/node_modules/vue-loader/lib/loaders/stylePostLoader.js!/data/5e-admin/node_modules/postcss-loader/src/index.js??ref--8-oneOf-1-2!/data/5e-admin/node_modules/sass-loader/dist/cjs.js??ref--8-oneOf-1-3!/data/5e-admin/node_modules/cache-loader/dist/cjs.js??ref--0-0!/data/5e-admin/node_modules/vue-loader/lib/index.js??vue-loader-options!/data/5e-admin/src/layout/components/Sidebar/Logo.vue?vue&type=style&index=0&id=6494804b&lang=scss&scoped=true
<s> [webpack.Progress] 67% building 761/788 modules 27 active /data/5e-admin/node_modules/vue-loader/lib/loaders/pitcher.js??ref--4!/data/5e-admin/node_modules/cache-loader/dist/cjs.js??ref--12-0!/data/5e-admin/node_modules/babel-loader/lib/index.js!/data/5e-admin/node_modules/cache-loader/dist/cjs.js??ref--0-0!/data/5e-admin/node_modules/vue-loader/lib/index.js??vue-loader-options!/data/5e-admin/node_modules/eslint-loader/index.js??ref--13-0!/data/5e-admin/node_modules/eslint-loader/index.js??ref--13-0!/data/5e-admin/src/layout/components/Sidebar/SidebarItem.vue?vue&type=script&lang=js
<s> [webpack.Progress] 68% building 762/788 modules 26 active /data/5e-admin/node_modules/css-loader/dist/cjs.js??ref--8-oneOf-1-1!/data/5e-admin/node_modules/vue-loader/lib/loaders/stylePostLoader.js!/data/5e-admin/node_modules/postcss-loader/src/index.js??ref--8-oneOf-1-2!/data/5e-admin/node_modules/sass-loader/dist/cjs.js??ref--8-oneOf-1-3!/data/5e-admin/node_modules/cache-loader/dist/cjs.js??ref--0-0!/data/5e-admin/node_modules/vue-loader/lib/index.js??vue-loader-options!/data/5e-admin/src/layout/components/Sidebar/Logo.vue?vue&type=style&index=0&id=6494804b&lang=scss&scoped=true
<s> [webpack.Progress] 67% building 762/789 modules 27 active /data/5e-admin/node_modules/cache-loader/dist/cjs.js??ref--12-0!/data/5e-admin/node_modules/babel-loader/lib/index.js!/data/5e-admin/node_modules/cache-loader/dist/cjs.js??ref--0-0!/data/5e-admin/node_modules/vue-loader/lib/index.js??vue-loader-options!/data/5e-admin/src/layout/components/Sidebar/SidebarItem.vue?vue&type=script&lang=js
<s> [webpack.Progress] 67% building 762/790 modules 28 active /data/5e-admin/node_modules/cache-loader/dist/cjs.js?{"cacheDirectory":"node_modules/.cache/vue-loader","cacheIdentifier":"f79bae76-vue-loader-template"}!/data/5e-admin/node_modules/vue-loader/lib/loaders/templateLoader.js??vue-loader-options!/data/5e-admin/node_modules/cache-loader/dist/cjs.js??ref--0-0!/data/5e-admin/node_modules/vue-loader/lib/index.js??vue-loader-options!/data/5e-admin/src/layout/components/Sidebar/SidebarItem.vue?vue&type=template&id=2d2bbdc2
<s> [webpack.Progress] 67% building 762/791 modules 29 active /data/5e-admin/node_modules/vue-loader/lib/loaders/pitcher.js??ref--4!/data/5e-admin/node_modules/cache-loader/dist/cjs.js??ref--0-0!/data/5e-admin/node_modules/vue-loader/lib/index.js??vue-loader-options!/data/5e-admin/node_modules/eslint-loader/index.js??ref--13-0!/data/5e-admin/src/layout/components/TagsView/ScrollPane.vue?vue&type=template&id=be6b7bae&scoped=true
<s> [webpack.Progress] 67% building 763/791 modules 28 active /data/5e-admin/node_modules/cache-loader/dist/cjs.js?{"cacheDirectory":"node_modules/.cache/vue-loader","cacheIdentifier":"f79bae76-vue-loader-template"}!/data/5e-admin/node_modules/vue-loader/lib/loaders/templateLoader.js??vue-loader-options!/data/5e-admin/node_modules/cache-loader/dist/cjs.js??ref--0-0!/data/5e-admin/node_modules/vue-loader/lib/index.js??vue-loader-options!/data/5e-admin/src/layout/components/Sidebar/SidebarItem.vue?vue&type=template&id=2d2bbdc2
<s> [webpack.Progress] 67% building 763/792 modules 29 active /data/5e-admin/node_modules/vue-loader/lib/loaders/pitcher.js??ref--4!/data/5e-admin/node_modules/cache-loader/dist/cjs.js??ref--12-0!/data/5e-admin/node_modules/babel-loader/lib/index.js!/data/5e-admin/node_modules/cache-loader/dist/cjs.js??ref--0-0!/data/5e-admin/node_modules/vue-loader/lib/index.js??vue-loader-options!/data/5e-admin/node_modules/eslint-loader/index.js??ref--13-0!/data/5e-admin/node_modules/eslint-loader/index.js??ref--13-0!/data/5e-admin/src/layout/components/TagsView/ScrollPane.vue?vue&type=script&lang=js
<s> [webpack.Progress] 67% building 764/792 modules 28 active /data/5e-admin/node_modules/cache-loader/dist/cjs.js?{"cacheDirectory":"node_modules/.cache/vue-loader","cacheIdentifier":"f79bae76-vue-loader-template"}!/data/5e-admin/node_modules/vue-loader/lib/loaders/templateLoader.js??vue-loader-options!/data/5e-admin/node_modules/cache-loader/dist/cjs.js??ref--0-0!/data/5e-admin/node_modules/vue-loader/lib/index.js??vue-loader-options!/data/5e-admin/src/layout/components/Sidebar/SidebarItem.vue?vue&type=template&id=2d2bbdc2
<s> [webpack.Progress] 67% building 764/793 modules 29 active /data/5e-admin/node_modules/vue-loader/lib/loaders/pitcher.js??ref--4!/data/5e-admin/node_modules/vue-style-loader/index.js??ref--8-oneOf-1-0!/data/5e-admin/node_modules/css-loader/dist/cjs.js??ref--8-oneOf-1-1!/data/5e-admin/node_modules/postcss-loader/src/index.js??ref--8-oneOf-1-2!/data/5e-admin/node_modules/sass-loader/dist/cjs.js??ref--8-oneOf-1-3!/data/5e-admin/node_modules/cache-loader/dist/cjs.js??ref--0-0!/data/5e-admin/node_modules/vue-loader/lib/index.js??vue-loader-options!/data/5e-admin/node_modules/eslint-loader/index.js??ref--13-0!/data/5e-admin/src/layout/components/TagsView/ScrollPane.vue?vue&type=style&index=0&id=be6b7bae&lang=scss&scoped=true
<s> [webpack.Progress] 67% building 765/793 modules 28 active /data/5e-admin/node_modules/cache-loader/dist/cjs.js?{"cacheDirectory":"node_modules/.cache/vue-loader","cacheIdentifier":"f79bae76-vue-loader-template"}!/data/5e-admin/node_modules/vue-loader/lib/loaders/templateLoader.js??vue-loader-options!/data/5e-admin/node_modules/cache-loader/dist/cjs.js??ref--0-0!/data/5e-admin/node_modules/vue-loader/lib/index.js??vue-loader-options!/data/5e-admin/src/layout/components/Sidebar/SidebarItem.vue?vue&type=template&id=2d2bbdc2
<s> [webpack.Progress] 67% building 765/794 modules 29 active /data/5e-admin/node_modules/cache-loader/dist/cjs.js??ref--12-0!/data/5e-admin/node_modules/babel-loader/lib/index.js!/data/5e-admin/node_modules/cache-loader/dist/cjs.js??ref--0-0!/data/5e-admin/node_modules/vue-loader/lib/index.js??vue-loader-options!/data/5e-admin/src/layout/components/TagsView/ScrollPane.vue?vue&type=script&lang=js
<s> [webpack.Progress] 67% building 765/795 modules 30 active /data/5e-admin/node_modules/cache-loader/dist/cjs.js?{"cacheDirectory":"node_modules/.cache/vue-loader","cacheIdentifier":"f79bae76-vue-loader-template"}!/data/5e-admin/node_modules/vue-loader/lib/loaders/templateLoader.js??vue-loader-options!/data/5e-admin/node_modules/cache-loader/dist/cjs.js??ref--0-0!/data/5e-admin/node_modules/vue-loader/lib/index.js??vue-loader-options!/data/5e-admin/src/layout/components/TagsView/ScrollPane.vue?vue&type=template&id=be6b7bae&scoped=true
<s> [webpack.Progress] 67% building 765/796 modules 31 active /data/5e-admin/node_modules/vue-style-loader/index.js??ref--8-oneOf-1-0!/data/5e-admin/node_modules/css-loader/dist/cjs.js??ref--8-oneOf-1-1!/data/5e-admin/node_modules/vue-loader/lib/loaders/stylePostLoader.js!/data/5e-admin/node_modules/postcss-loader/src/index.js??ref--8-oneOf-1-2!/data/5e-admin/node_modules/sass-loader/dist/cjs.js??ref--8-oneOf-1-3!/data/5e-admin/node_modules/cache-loader/dist/cjs.js??ref--0-0!/data/5e-admin/node_modules/vue-loader/lib/index.js??vue-loader-options!/data/5e-admin/src/layout/components/TagsView/ScrollPane.vue?vue&type=style&index=0&id=be6b7bae&lang=scss&scoped=true
<s> [webpack.Progress] 67% building 766/796 modules 30 active /data/5e-admin/node_modules/cache-loader/dist/cjs.js?{"cacheDirectory":"node_modules/.cache/vue-loader","cacheIdentifier":"f79bae76-vue-loader-template"}!/data/5e-admin/node_modules/vue-loader/lib/loaders/templateLoader.js??vue-loader-options!/data/5e-admin/node_modules/cache-loader/dist/cjs.js??ref--0-0!/data/5e-admin/node_modules/vue-loader/lib/index.js??vue-loader-options!/data/5e-admin/src/layout/components/TagsView/ScrollPane.vue?vue&type=template&id=be6b7bae&scoped=true
<s> [webpack.Progress] 67% building 766/797 modules 31 active /data/5e-admin/node_modules/css-loader/dist/cjs.js??ref--8-oneOf-1-1!/data/5e-admin/node_modules/vue-loader/lib/loaders/stylePostLoader.js!/data/5e-admin/node_modules/postcss-loader/src/index.js??ref--8-oneOf-1-2!/data/5e-admin/node_modules/sass-loader/dist/cjs.js??ref--8-oneOf-1-3!/data/5e-admin/node_modules/cache-loader/dist/cjs.js??ref--0-0!/data/5e-admin/node_modules/vue-loader/lib/index.js??vue-loader-options!/data/5e-admin/src/layout/components/TagsView/ScrollPane.vue?vue&type=style&index=0&id=be6b7bae&lang=scss&scoped=true
<s> [webpack.Progress] 67% building 766/798 modules 32 active /data/5e-admin/node_modules/math-intrinsics/isNaN.js
<s> [webpack.Progress] 67% building 766/799 modules 33 active /data/5e-admin/node_modules/axios/lib/core/InterceptorManager.js
<s> [webpack.Progress] 67% building 766/800 modules 34 active /data/5e-admin/node_modules/axios/lib/core/dispatchRequest.js
<s> [webpack.Progress] 67% building 766/801 modules 35 active /data/5e-admin/node_modules/axios/lib/adapters/xhr.js
<s> [webpack.Progress] 67% building 767/801 modules 34 active /data/5e-admin/node_modules/axios/lib/adapters/xhr.js
<s> [webpack.Progress] 67% building 768/801 modules 33 active /data/5e-admin/node_modules/axios/lib/adapters/xhr.js
<s> [webpack.Progress] 67% building 769/801 modules 32 active /data/5e-admin/node_modules/axios/lib/adapters/xhr.js
<s> [webpack.Progress] 67% building 769/802 modules 33 active /data/5e-admin/node_modules/vue-loader/lib/loaders/pitcher.js??ref--4!/data/5e-admin/node_modules/cache-loader/dist/cjs.js??ref--0-0!/data/5e-admin/node_modules/vue-loader/lib/index.js??vue-loader-options!/data/5e-admin/node_modules/eslint-loader/index.js??ref--13-0!/data/5e-admin/src/layout/components/Settings/index.vue?vue&type=template&id=126b135a&scoped=true
<s> [webpack.Progress] 67% building 770/802 modules 32 active /data/5e-admin/node_modules/axios/lib/adapters/xhr.js
<s> [webpack.Progress] 67% building 770/803 modules 33 active /data/5e-admin/node_modules/vue-loader/lib/loaders/pitcher.js??ref--4!/data/5e-admin/node_modules/cache-loader/dist/cjs.js??ref--12-0!/data/5e-admin/node_modules/babel-loader/lib/index.js!/data/5e-admin/node_modules/cache-loader/dist/cjs.js??ref--0-0!/data/5e-admin/node_modules/vue-loader/lib/index.js??vue-loader-options!/data/5e-admin/node_modules/eslint-loader/index.js??ref--13-0!/data/5e-admin/node_modules/eslint-loader/index.js??ref--13-0!/data/5e-admin/src/layout/components/Settings/index.vue?vue&type=script&lang=js
<s> [webpack.Progress] 67% building 771/803 modules 32 active /data/5e-admin/node_modules/axios/lib/adapters/xhr.js
<s> [webpack.Progress] 67% building 771/804 modules 33 active /data/5e-admin/node_modules/vue-loader/lib/loaders/pitcher.js??ref--4!/data/5e-admin/node_modules/vue-style-loader/index.js??ref--8-oneOf-1-0!/data/5e-admin/node_modules/css-loader/dist/cjs.js??ref--8-oneOf-1-1!/data/5e-admin/node_modules/postcss-loader/src/index.js??ref--8-oneOf-1-2!/data/5e-admin/node_modules/sass-loader/dist/cjs.js??ref--8-oneOf-1-3!/data/5e-admin/node_modules/cache-loader/dist/cjs.js??ref--0-0!/data/5e-admin/node_modules/vue-loader/lib/index.js??vue-loader-options!/data/5e-admin/node_modules/eslint-loader/index.js??ref--13-0!/data/5e-admin/src/layout/components/Settings/index.vue?vue&type=style&index=0&id=126b135a&lang=scss&scoped=true
<s> [webpack.Progress] 67% building 772/804 modules 32 active /data/5e-admin/node_modules/axios/lib/adapters/xhr.js
<s> [webpack.Progress] 67% building 772/805 modules 33 active /data/5e-admin/node_modules/cache-loader/dist/cjs.js??ref--12-0!/data/5e-admin/node_modules/babel-loader/lib/index.js!/data/5e-admin/node_modules/cache-loader/dist/cjs.js??ref--0-0!/data/5e-admin/node_modules/vue-loader/lib/index.js??vue-loader-options!/data/5e-admin/src/layout/components/Settings/index.vue?vue&type=script&lang=js
<s> [webpack.Progress] 67% building 772/806 modules 34 active /data/5e-admin/node_modules/cache-loader/dist/cjs.js?{"cacheDirectory":"node_modules/.cache/vue-loader","cacheIdentifier":"f79bae76-vue-loader-template"}!/data/5e-admin/node_modules/vue-loader/lib/loaders/templateLoader.js??vue-loader-options!/data/5e-admin/node_modules/cache-loader/dist/cjs.js??ref--0-0!/data/5e-admin/node_modules/vue-loader/lib/index.js??vue-loader-options!/data/5e-admin/src/layout/components/Settings/index.vue?vue&type=template&id=126b135a&scoped=true
<s> [webpack.Progress] 67% building 772/807 modules 35 active /data/5e-admin/node_modules/vue-style-loader/index.js??ref--8-oneOf-1-0!/data/5e-admin/node_modules/css-loader/dist/cjs.js??ref--8-oneOf-1-1!/data/5e-admin/node_modules/vue-loader/lib/loaders/stylePostLoader.js!/data/5e-admin/node_modules/postcss-loader/src/index.js??ref--8-oneOf-1-2!/data/5e-admin/node_modules/sass-loader/dist/cjs.js??ref--8-oneOf-1-3!/data/5e-admin/node_modules/cache-loader/dist/cjs.js??ref--0-0!/data/5e-admin/node_modules/vue-loader/lib/index.js??vue-loader-options!/data/5e-admin/src/layout/components/Settings/index.vue?vue&type=style&index=0&id=126b135a&lang=scss&scoped=true
<s> [webpack.Progress] 67% building 773/807 modules 34 active /data/5e-admin/node_modules/cache-loader/dist/cjs.js?{"cacheDirectory":"node_modules/.cache/vue-loader","cacheIdentifier":"f79bae76-vue-loader-template"}!/data/5e-admin/node_modules/vue-loader/lib/loaders/templateLoader.js??vue-loader-options!/data/5e-admin/node_modules/cache-loader/dist/cjs.js??ref--0-0!/data/5e-admin/node_modules/vue-loader/lib/index.js??vue-loader-options!/data/5e-admin/src/layout/components/Settings/index.vue?vue&type=template&id=126b135a&scoped=true
<s> [webpack.Progress] 67% building 773/808 modules 35 active /data/5e-admin/node_modules/css-loader/dist/cjs.js??ref--8-oneOf-1-1!/data/5e-admin/node_modules/vue-loader/lib/loaders/stylePostLoader.js!/data/5e-admin/node_modules/postcss-loader/src/index.js??ref--8-oneOf-1-2!/data/5e-admin/node_modules/sass-loader/dist/cjs.js??ref--8-oneOf-1-3!/data/5e-admin/node_modules/cache-loader/dist/cjs.js??ref--0-0!/data/5e-admin/node_modules/vue-loader/lib/index.js??vue-loader-options!/data/5e-admin/src/layout/components/Settings/index.vue?vue&type=style&index=0&id=126b135a&lang=scss&scoped=true
<s> [webpack.Progress] 67% building 774/808 modules 34 active /data/5e-admin/node_modules/css-loader/dist/cjs.js??ref--8-oneOf-1-1!/data/5e-admin/node_modules/vue-loader/lib/loaders/stylePostLoader.js!/data/5e-admin/node_modules/postcss-loader/src/index.js??ref--8-oneOf-1-2!/data/5e-admin/node_modules/sass-loader/dist/cjs.js??ref--8-oneOf-1-3!/data/5e-admin/node_modules/cache-loader/dist/cjs.js??ref--0-0!/data/5e-admin/node_modules/vue-loader/lib/index.js??vue-loader-options!/data/5e-admin/src/layout/components/Settings/index.vue?vue&type=style&index=0&id=126b135a&lang=scss&scoped=true
<s> [webpack.Progress] 67% building 775/808 modules 33 active /data/5e-admin/node_modules/css-loader/dist/cjs.js??ref--8-oneOf-1-1!/data/5e-admin/node_modules/vue-loader/lib/loaders/stylePostLoader.js!/data/5e-admin/node_modules/postcss-loader/src/index.js??ref--8-oneOf-1-2!/data/5e-admin/node_modules/sass-loader/dist/cjs.js??ref--8-oneOf-1-3!/data/5e-admin/node_modules/cache-loader/dist/cjs.js??ref--0-0!/data/5e-admin/node_modules/vue-loader/lib/index.js??vue-loader-options!/data/5e-admin/src/layout/components/Settings/index.vue?vue&type=style&index=0&id=126b135a&lang=scss&scoped=true
<s> [webpack.Progress] 67% building 776/808 modules 32 active /data/5e-admin/node_modules/css-loader/dist/cjs.js??ref--8-oneOf-1-1!/data/5e-admin/node_modules/vue-loader/lib/loaders/stylePostLoader.js!/data/5e-admin/node_modules/postcss-loader/src/index.js??ref--8-oneOf-1-2!/data/5e-admin/node_modules/sass-loader/dist/cjs.js??ref--8-oneOf-1-3!/data/5e-admin/node_modules/cache-loader/dist/cjs.js??ref--0-0!/data/5e-admin/node_modules/vue-loader/lib/index.js??vue-loader-options!/data/5e-admin/src/layout/components/Settings/index.vue?vue&type=style&index=0&id=126b135a&lang=scss&scoped=true
<s> [webpack.Progress] 67% building 777/808 modules 31 active /data/5e-admin/node_modules/css-loader/dist/cjs.js??ref--8-oneOf-1-1!/data/5e-admin/node_modules/vue-loader/lib/loaders/stylePostLoader.js!/data/5e-admin/node_modules/postcss-loader/src/index.js??ref--8-oneOf-1-2!/data/5e-admin/node_modules/sass-loader/dist/cjs.js??ref--8-oneOf-1-3!/data/5e-admin/node_modules/cache-loader/dist/cjs.js??ref--0-0!/data/5e-admin/node_modules/vue-loader/lib/index.js??vue-loader-options!/data/5e-admin/src/layout/components/Settings/index.vue?vue&type=style&index=0&id=126b135a&lang=scss&scoped=true
<s> [webpack.Progress] 67% building 778/808 modules 30 active /data/5e-admin/node_modules/css-loader/dist/cjs.js??ref--8-oneOf-1-1!/data/5e-admin/node_modules/vue-loader/lib/loaders/stylePostLoader.js!/data/5e-admin/node_modules/postcss-loader/src/index.js??ref--8-oneOf-1-2!/data/5e-admin/node_modules/sass-loader/dist/cjs.js??ref--8-oneOf-1-3!/data/5e-admin/node_modules/cache-loader/dist/cjs.js??ref--0-0!/data/5e-admin/node_modules/vue-loader/lib/index.js??vue-loader-options!/data/5e-admin/src/layout/components/Settings/index.vue?vue&type=style&index=0&id=126b135a&lang=scss&scoped=true
<s> [webpack.Progress] 67% building 779/808 modules 29 active /data/5e-admin/node_modules/css-loader/dist/cjs.js??ref--8-oneOf-1-1!/data/5e-admin/node_modules/vue-loader/lib/loaders/stylePostLoader.js!/data/5e-admin/node_modules/postcss-loader/src/index.js??ref--8-oneOf-1-2!/data/5e-admin/node_modules/sass-loader/dist/cjs.js??ref--8-oneOf-1-3!/data/5e-admin/node_modules/cache-loader/dist/cjs.js??ref--0-0!/data/5e-admin/node_modules/vue-loader/lib/index.js??vue-loader-options!/data/5e-admin/src/layout/components/Settings/index.vue?vue&type=style&index=0&id=126b135a&lang=scss&scoped=true
<s> [webpack.Progress] 67% building 779/809 modules 30 active /data/5e-admin/node_modules/function-bind/index.js
<s> [webpack.Progress] 67% building 780/809 modules 29 active /data/5e-admin/node_modules/function-bind/index.js
<s> [webpack.Progress] 67% building 781/809 modules 28 active /data/5e-admin/node_modules/function-bind/index.js
<s> [webpack.Progress] 67% building 782/809 modules 27 active /data/5e-admin/node_modules/function-bind/index.js
<s> [webpack.Progress] 68% building 783/809 modules 26 active /data/5e-admin/node_modules/function-bind/index.js
<s> [webpack.Progress] 68% building 784/809 modules 25 active /data/5e-admin/node_modules/function-bind/index.js
<s> [webpack.Progress] 68% building 785/809 modules 24 active /data/5e-admin/node_modules/function-bind/index.js
<s> [webpack.Progress] 68% building 786/809 modules 23 active /data/5e-admin/node_modules/function-bind/index.js
<s> [webpack.Progress] 68% building 787/809 modules 22 active /data/5e-admin/node_modules/function-bind/index.js
<s> [webpack.Progress] 68% building 788/809 modules 21 active /data/5e-admin/node_modules/function-bind/index.js
<s> [webpack.Progress] 68% building 789/809 modules 20 active /data/5e-admin/node_modules/function-bind/index.js
<s> [webpack.Progress] 68% building 790/809 modules 19 active /data/5e-admin/node_modules/function-bind/index.js
<s> [webpack.Progress] 68% building 791/809 modules 18 active /data/5e-admin/node_modules/function-bind/index.js
<s> [webpack.Progress] 68% building 792/809 modules 17 active /data/5e-admin/node_modules/function-bind/index.js
<s> [webpack.Progress] 68% building 793/809 modules 16 active /data/5e-admin/node_modules/function-bind/index.js
<s> [webpack.Progress] 68% building 793/810 modules 17 active /data/5e-admin/node_modules/core-js/modules/es.array.find-index.js
<s> [webpack.Progress] 68% building 794/810 modules 16 active /data/5e-admin/node_modules/core-js/modules/es.array.find-index.js
<s> [webpack.Progress] 68% building 794/811 modules 17 active /data/5e-admin/node_modules/call-bind-apply-helpers/actualApply.js
<s> [webpack.Progress] 68% building 794/812 modules 18 active /data/5e-admin/node_modules/babel-runtime/node_modules/core-js/library/modules/_to-length.js
<s> [webpack.Progress] 68% building 794/813 modules 19 active /data/5e-admin/node_modules/babel-runtime/node_modules/core-js/library/modules/_to-absolute-index.js
<s> [webpack.Progress] 68% building 794/814 modules 20 active /data/5e-admin/node_modules/gopd/gOPD.js
<s> [webpack.Progress] 68% building 794/815 modules 21 active /data/5e-admin/node_modules/has-symbols/shams.js
<s> [webpack.Progress] 68% building 794/816 modules 22 active /data/5e-admin/node_modules/cache-loader/dist/cjs.js??ref--12-0!/data/5e-admin/node_modules/babel-loader/lib/index.js!/data/5e-admin/node_modules/eslint-loader/index.js??ref--13-0!/data/5e-admin/src/layout/components/Sidebar/FixiOSBug.js
<s> [webpack.Progress] 68% building 795/816 modules 21 active /data/5e-admin/node_modules/cache-loader/dist/cjs.js??ref--12-0!/data/5e-admin/node_modules/babel-loader/lib/index.js!/data/5e-admin/node_modules/eslint-loader/index.js??ref--13-0!/data/5e-admin/src/layout/components/Sidebar/FixiOSBug.js
<s> [webpack.Progress] 68% building 795/817 modules 22 active /data/5e-admin/node_modules/axios/lib/core/transformData.js
<s> [webpack.Progress] 68% building 795/818 modules 23 active /data/5e-admin/node_modules/axios/lib/helpers/isAbsoluteURL.js
<s> [webpack.Progress] 68% building 795/819 modules 24 active /data/5e-admin/node_modules/axios/lib/helpers/combineURLs.js
<s> [webpack.Progress] 68% building 795/820 modules 25 active /data/5e-admin/node_modules/axios/lib/core/settle.js
<s> [webpack.Progress] 68% building 795/821 modules 26 active /data/5e-admin/node_modules/axios/lib/helpers/buildURL.js
<s> [webpack.Progress] 68% building 795/822 modules 27 active /data/5e-admin/node_modules/axios/lib/helpers/parseHeaders.js
<s> [webpack.Progress] 67% building 795/823 modules 28 active /data/5e-admin/node_modules/axios/lib/helpers/isURLSameOrigin.js
<s> [webpack.Progress] 67% building 795/824 modules 29 active /data/5e-admin/node_modules/axios/lib/core/createError.js
<s> [webpack.Progress] 67% building 795/825 modules 30 active /data/5e-admin/node_modules/axios/lib/helpers/cookies.js
<s> [webpack.Progress] 67% building 796/825 modules 29 active /data/5e-admin/node_modules/axios/lib/helpers/cookies.js
<s> [webpack.Progress] 67% building 797/825 modules 28 active /data/5e-admin/node_modules/axios/lib/helpers/cookies.js
<s> [webpack.Progress] 67% building 797/826 modules 29 active /data/5e-admin/node_modules/clipboard/dist/clipboard.js
<s> [webpack.Progress] 67% building 798/826 modules 28 active /data/5e-admin/node_modules/clipboard/dist/clipboard.js
<s> [webpack.Progress] 68% building 799/826 modules 27 active /data/5e-admin/node_modules/clipboard/dist/clipboard.js
<s> [webpack.Progress] 68% building 800/826 modules 26 active /data/5e-admin/node_modules/clipboard/dist/clipboard.js
<s> [webpack.Progress] 68% building 800/827 modules 27 active /data/5e-admin/node_modules/is-buffer/index.js
<s> [webpack.Progress] 68% building 801/827 modules 26 active /data/5e-admin/node_modules/is-buffer/index.js
<s> [webpack.Progress] 68% building 802/827 modules 25 active /data/5e-admin/node_modules/is-buffer/index.js
<s> [webpack.Progress] 68% building 802/828 modules 26 active /data/5e-admin/node_modules/dunder-proto/get.js
<s> [webpack.Progress] 68% building 802/829 modules 27 active /data/5e-admin/node_modules/function-bind/implementation.js
<s> [webpack.Progress] 67% building 802/830 modules 28 active /data/5e-admin/node_modules/cache-loader/dist/cjs.js??ref--0-0!/data/5e-admin/node_modules/vue-loader/lib/index.js??vue-loader-options!/data/5e-admin/node_modules/eslint-loader/index.js??ref--13-0!/data/5e-admin/src/layout/components/Sidebar/Item.vue
<s> [webpack.Progress] 67% building 802/831 modules 29 active /data/5e-admin/node_modules/cache-loader/dist/cjs.js??ref--0-0!/data/5e-admin/node_modules/vue-loader/lib/index.js??vue-loader-options!/data/5e-admin/node_modules/eslint-loader/index.js??ref--13-0!/data/5e-admin/src/layout/components/Sidebar/Link.vue
<s> [webpack.Progress] 67% building 803/831 modules 28 active /data/5e-admin/node_modules/cache-loader/dist/cjs.js??ref--0-0!/data/5e-admin/node_modules/vue-loader/lib/index.js??vue-loader-options!/data/5e-admin/node_modules/eslint-loader/index.js??ref--13-0!/data/5e-admin/src/layout/components/Sidebar/Link.vue
<s> [webpack.Progress] 68% building 804/831 modules 27 active /data/5e-admin/node_modules/cache-loader/dist/cjs.js??ref--0-0!/data/5e-admin/node_modules/vue-loader/lib/index.js??vue-loader-options!/data/5e-admin/node_modules/eslint-loader/index.js??ref--13-0!/data/5e-admin/src/layout/components/Sidebar/Link.vue
<s> [webpack.Progress] 68% building 805/831 modules 26 active /data/5e-admin/node_modules/cache-loader/dist/cjs.js??ref--0-0!/data/5e-admin/node_modules/vue-loader/lib/index.js??vue-loader-options!/data/5e-admin/node_modules/eslint-loader/index.js??ref--13-0!/data/5e-admin/src/layout/components/Sidebar/Link.vue
<s> [webpack.Progress] 68% building 806/831 modules 25 active /data/5e-admin/node_modules/cache-loader/dist/cjs.js??ref--0-0!/data/5e-admin/node_modules/vue-loader/lib/index.js??vue-loader-options!/data/5e-admin/node_modules/eslint-loader/index.js??ref--13-0!/data/5e-admin/src/layout/components/Sidebar/Link.vue
<s> [webpack.Progress] 68% building 807/831 modules 24 active /data/5e-admin/node_modules/cache-loader/dist/cjs.js??ref--0-0!/data/5e-admin/node_modules/vue-loader/lib/index.js??vue-loader-options!/data/5e-admin/node_modules/eslint-loader/index.js??ref--13-0!/data/5e-admin/src/layout/components/Sidebar/Link.vue
<s> [webpack.Progress] 68% building 808/831 modules 23 active /data/5e-admin/node_modules/cache-loader/dist/cjs.js??ref--0-0!/data/5e-admin/node_modules/vue-loader/lib/index.js??vue-loader-options!/data/5e-admin/node_modules/eslint-loader/index.js??ref--13-0!/data/5e-admin/src/layout/components/Sidebar/Link.vue
<s> [webpack.Progress] 68% building 809/831 modules 22 active /data/5e-admin/node_modules/cache-loader/dist/cjs.js??ref--0-0!/data/5e-admin/node_modules/vue-loader/lib/index.js??vue-loader-options!/data/5e-admin/node_modules/eslint-loader/index.js??ref--13-0!/data/5e-admin/src/layout/components/Sidebar/Link.vue
<s> [webpack.Progress] 68% building 810/831 modules 21 active /data/5e-admin/node_modules/cache-loader/dist/cjs.js??ref--0-0!/data/5e-admin/node_modules/vue-loader/lib/index.js??vue-loader-options!/data/5e-admin/node_modules/eslint-loader/index.js??ref--13-0!/data/5e-admin/src/layout/components/Sidebar/Link.vue
<s> [webpack.Progress] 68% building 811/831 modules 20 active /data/5e-admin/node_modules/cache-loader/dist/cjs.js??ref--0-0!/data/5e-admin/node_modules/vue-loader/lib/index.js??vue-loader-options!/data/5e-admin/node_modules/eslint-loader/index.js??ref--13-0!/data/5e-admin/src/layout/components/Sidebar/Link.vue
<s> [webpack.Progress] 68% building 812/831 modules 19 active /data/5e-admin/node_modules/cache-loader/dist/cjs.js??ref--0-0!/data/5e-admin/node_modules/vue-loader/lib/index.js??vue-loader-options!/data/5e-admin/node_modules/eslint-loader/index.js??ref--13-0!/data/5e-admin/src/layout/components/Sidebar/Link.vue
<s> [webpack.Progress] 68% building 813/831 modules 18 active /data/5e-admin/node_modules/cache-loader/dist/cjs.js??ref--0-0!/data/5e-admin/node_modules/vue-loader/lib/index.js??vue-loader-options!/data/5e-admin/node_modules/eslint-loader/index.js??ref--13-0!/data/5e-admin/src/layout/components/Sidebar/Link.vue
<s> [webpack.Progress] 68% building 814/831 modules 17 active /data/5e-admin/node_modules/cache-loader/dist/cjs.js??ref--0-0!/data/5e-admin/node_modules/vue-loader/lib/index.js??vue-loader-options!/data/5e-admin/node_modules/eslint-loader/index.js??ref--13-0!/data/5e-admin/src/layout/components/Sidebar/Link.vue
<s> [webpack.Progress] 68% building 814/832 modules 18 active /data/5e-admin/node_modules/cache-loader/dist/cjs.js??ref--0-0!/data/5e-admin/node_modules/vue-loader/lib/index.js??vue-loader-options!/data/5e-admin/node_modules/eslint-loader/index.js??ref--13-0!/data/5e-admin/src/components/Breadcrumb/index.vue
<s> [webpack.Progress] 68% building 814/833 modules 19 active /data/5e-admin/node_modules/cache-loader/dist/cjs.js??ref--0-0!/data/5e-admin/node_modules/vue-loader/lib/index.js??vue-loader-options!/data/5e-admin/node_modules/eslint-loader/index.js??ref--13-0!/data/5e-admin/src/components/Hamburger/index.vue
<s> [webpack.Progress] 68% building 814/834 modules 20 active /data/5e-admin/node_modules/cache-loader/dist/cjs.js??ref--0-0!/data/5e-admin/node_modules/vue-loader/lib/index.js??vue-loader-options!/data/5e-admin/node_modules/eslint-loader/index.js??ref--13-0!/data/5e-admin/src/components/ErrorLog/index.vue
<s> [webpack.Progress] 68% building 814/835 modules 21 active /data/5e-admin/node_modules/cache-loader/dist/cjs.js??ref--0-0!/data/5e-admin/node_modules/vue-loader/lib/index.js??vue-loader-options!/data/5e-admin/node_modules/eslint-loader/index.js??ref--13-0!/data/5e-admin/src/components/Screenfull/index.vue
<s> [webpack.Progress] 68% building 814/836 modules 22 active /data/5e-admin/node_modules/cache-loader/dist/cjs.js??ref--0-0!/data/5e-admin/node_modules/vue-loader/lib/index.js??vue-loader-options!/data/5e-admin/node_modules/eslint-loader/index.js??ref--13-0!/data/5e-admin/src/components/SizeSelect/index.vue
<s> [webpack.Progress] 68% building 814/837 modules 23 active /data/5e-admin/node_modules/cache-loader/dist/cjs.js??ref--0-0!/data/5e-admin/node_modules/vue-loader/lib/index.js??vue-loader-options!/data/5e-admin/node_modules/eslint-loader/index.js??ref--13-0!/data/5e-admin/src/components/HeaderSearch/index.vue
<s> [webpack.Progress] 68% building 815/837 modules 22 active /data/5e-admin/node_modules/cache-loader/dist/cjs.js??ref--0-0!/data/5e-admin/node_modules/vue-loader/lib/index.js??vue-loader-options!/data/5e-admin/node_modules/eslint-loader/index.js??ref--13-0!/data/5e-admin/src/components/HeaderSearch/index.vue
<s> [webpack.Progress] 68% building 816/837 modules 21 active /data/5e-admin/node_modules/cache-loader/dist/cjs.js??ref--0-0!/data/5e-admin/node_modules/vue-loader/lib/index.js??vue-loader-options!/data/5e-admin/node_modules/eslint-loader/index.js??ref--13-0!/data/5e-admin/src/components/HeaderSearch/index.vue
<s> [webpack.Progress] 68% building 817/837 modules 20 active /data/5e-admin/node_modules/cache-loader/dist/cjs.js??ref--0-0!/data/5e-admin/node_modules/vue-loader/lib/index.js??vue-loader-options!/data/5e-admin/node_modules/eslint-loader/index.js??ref--13-0!/data/5e-admin/src/components/HeaderSearch/index.vue
<s> [webpack.Progress] 68% building 818/837 modules 19 active /data/5e-admin/node_modules/cache-loader/dist/cjs.js??ref--0-0!/data/5e-admin/node_modules/vue-loader/lib/index.js??vue-loader-options!/data/5e-admin/node_modules/eslint-loader/index.js??ref--13-0!/data/5e-admin/src/components/HeaderSearch/index.vue
<s> [webpack.Progress] 68% building 819/837 modules 18 active /data/5e-admin/node_modules/cache-loader/dist/cjs.js??ref--0-0!/data/5e-admin/node_modules/vue-loader/lib/index.js??vue-loader-options!/data/5e-admin/node_modules/eslint-loader/index.js??ref--13-0!/data/5e-admin/src/components/HeaderSearch/index.vue
<s> [webpack.Progress] 68% building 820/837 modules 17 active /data/5e-admin/node_modules/cache-loader/dist/cjs.js??ref--0-0!/data/5e-admin/node_modules/vue-loader/lib/index.js??vue-loader-options!/data/5e-admin/node_modules/eslint-loader/index.js??ref--13-0!/data/5e-admin/src/components/HeaderSearch/index.vue
<s> [webpack.Progress] 68% building 820/838 modules 18 active /data/5e-admin/node_modules/vue-loader/lib/loaders/pitcher.js??ref--4!/data/5e-admin/node_modules/cache-loader/dist/cjs.js??ref--12-0!/data/5e-admin/node_modules/babel-loader/lib/index.js!/data/5e-admin/node_modules/cache-loader/dist/cjs.js??ref--0-0!/data/5e-admin/node_modules/vue-loader/lib/index.js??vue-loader-options!/data/5e-admin/node_modules/eslint-loader/index.js??ref--13-0!/data/5e-admin/node_modules/eslint-loader/index.js??ref--13-0!/data/5e-admin/src/layout/components/Sidebar/Item.vue?vue&type=script&lang=js
<s> [webpack.Progress] 68% building 821/838 modules 17 active /data/5e-admin/node_modules/cache-loader/dist/cjs.js??ref--0-0!/data/5e-admin/node_modules/vue-loader/lib/index.js??vue-loader-options!/data/5e-admin/node_modules/eslint-loader/index.js??ref--13-0!/data/5e-admin/src/components/HeaderSearch/index.vue
<s> [webpack.Progress] 68% building 821/839 modules 18 active /data/5e-admin/node_modules/vue-loader/lib/loaders/pitcher.js??ref--4!/data/5e-admin/node_modules/vue-style-loader/index.js??ref--6-oneOf-1-0!/data/5e-admin/node_modules/css-loader/dist/cjs.js??ref--6-oneOf-1-1!/data/5e-admin/node_modules/postcss-loader/src/index.js??ref--6-oneOf-1-2!/data/5e-admin/node_modules/cache-loader/dist/cjs.js??ref--0-0!/data/5e-admin/node_modules/vue-loader/lib/index.js??vue-loader-options!/data/5e-admin/node_modules/eslint-loader/index.js??ref--13-0!/data/5e-admin/src/layout/components/Sidebar/Item.vue?vue&type=style&index=0&id=31ea41b3&scoped=true&lang=css
<s> [webpack.Progress] 68% building 822/839 modules 17 active /data/5e-admin/node_modules/cache-loader/dist/cjs.js??ref--0-0!/data/5e-admin/node_modules/vue-loader/lib/index.js??vue-loader-options!/data/5e-admin/node_modules/eslint-loader/index.js??ref--13-0!/data/5e-admin/src/components/HeaderSearch/index.vue
<s> [webpack.Progress] 68% building 822/840 modules 18 active /data/5e-admin/node_modules/cache-loader/dist/cjs.js??ref--12-0!/data/5e-admin/node_modules/babel-loader/lib/index.js!/data/5e-admin/node_modules/cache-loader/dist/cjs.js??ref--0-0!/data/5e-admin/node_modules/vue-loader/lib/index.js??vue-loader-options!/data/5e-admin/src/layout/components/Sidebar/Item.vue?vue&type=script&lang=js
<s> [webpack.Progress] 68% building 822/841 modules 19 active /data/5e-admin/node_modules/vue-style-loader/index.js??ref--6-oneOf-1-0!/data/5e-admin/node_modules/css-loader/dist/cjs.js??ref--6-oneOf-1-1!/data/5e-admin/node_modules/vue-loader/lib/loaders/stylePostLoader.js!/data/5e-admin/node_modules/postcss-loader/src/index.js??ref--6-oneOf-1-2!/data/5e-admin/node_modules/cache-loader/dist/cjs.js??ref--0-0!/data/5e-admin/node_modules/vue-loader/lib/index.js??vue-loader-options!/data/5e-admin/src/layout/components/Sidebar/Item.vue?vue&type=style&index=0&id=31ea41b3&scoped=true&lang=css
<s> [webpack.Progress] 68% building 823/841 modules 18 active /data/5e-admin/node_modules/cache-loader/dist/cjs.js??ref--12-0!/data/5e-admin/node_modules/babel-loader/lib/index.js!/data/5e-admin/node_modules/cache-loader/dist/cjs.js??ref--0-0!/data/5e-admin/node_modules/vue-loader/lib/index.js??vue-loader-options!/data/5e-admin/src/layout/components/Sidebar/Item.vue?vue&type=script&lang=js
<s> [webpack.Progress] 68% building 823/842 modules 19 active /data/5e-admin/node_modules/css-loader/dist/cjs.js??ref--6-oneOf-1-1!/data/5e-admin/node_modules/vue-loader/lib/loaders/stylePostLoader.js!/data/5e-admin/node_modules/postcss-loader/src/index.js??ref--6-oneOf-1-2!/data/5e-admin/node_modules/cache-loader/dist/cjs.js??ref--0-0!/data/5e-admin/node_modules/vue-loader/lib/index.js??vue-loader-options!/data/5e-admin/src/layout/components/Sidebar/Item.vue?vue&type=style&index=0&id=31ea41b3&scoped=true&lang=css
<s> [webpack.Progress] 68% building 823/843 modules 20 active /data/5e-admin/node_modules/vue-loader/lib/loaders/pitcher.js??ref--4!/data/5e-admin/node_modules/cache-loader/dist/cjs.js??ref--0-0!/data/5e-admin/node_modules/vue-loader/lib/index.js??vue-loader-options!/data/5e-admin/node_modules/eslint-loader/index.js??ref--13-0!/data/5e-admin/src/layout/components/Sidebar/Link.vue?vue&type=template&id=32e8ab1a
<s> [webpack.Progress] 68% building 824/843 modules 19 active /data/5e-admin/node_modules/css-loader/dist/cjs.js??ref--6-oneOf-1-1!/data/5e-admin/node_modules/vue-loader/lib/loaders/stylePostLoader.js!/data/5e-admin/node_modules/postcss-loader/src/index.js??ref--6-oneOf-1-2!/data/5e-admin/node_modules/cache-loader/dist/cjs.js??ref--0-0!/data/5e-admin/node_modules/vue-loader/lib/index.js??vue-loader-options!/data/5e-admin/src/layout/components/Sidebar/Item.vue?vue&type=style&index=0&id=31ea41b3&scoped=true&lang=css
<s> [webpack.Progress] 68% building 824/844 modules 20 active /data/5e-admin/node_modules/vue-loader/lib/loaders/pitcher.js??ref--4!/data/5e-admin/node_modules/cache-loader/dist/cjs.js??ref--12-0!/data/5e-admin/node_modules/babel-loader/lib/index.js!/data/5e-admin/node_modules/cache-loader/dist/cjs.js??ref--0-0!/data/5e-admin/node_modules/vue-loader/lib/index.js??vue-loader-options!/data/5e-admin/node_modules/eslint-loader/index.js??ref--13-0!/data/5e-admin/node_modules/eslint-loader/index.js??ref--13-0!/data/5e-admin/src/layout/components/Sidebar/Link.vue?vue&type=script&lang=js
<s> [webpack.Progress] 68% building 825/844 modules 19 active /data/5e-admin/node_modules/css-loader/dist/cjs.js??ref--6-oneOf-1-1!/data/5e-admin/node_modules/vue-loader/lib/loaders/stylePostLoader.js!/data/5e-admin/node_modules/postcss-loader/src/index.js??ref--6-oneOf-1-2!/data/5e-admin/node_modules/cache-loader/dist/cjs.js??ref--0-0!/data/5e-admin/node_modules/vue-loader/lib/index.js??vue-loader-options!/data/5e-admin/src/layout/components/Sidebar/Item.vue?vue&type=style&index=0&id=31ea41b3&scoped=true&lang=css
<s> [webpack.Progress] 68% building 825/845 modules 20 active /data/5e-admin/node_modules/cache-loader/dist/cjs.js??ref--12-0!/data/5e-admin/node_modules/babel-loader/lib/index.js!/data/5e-admin/node_modules/cache-loader/dist/cjs.js??ref--0-0!/data/5e-admin/node_modules/vue-loader/lib/index.js??vue-loader-options!/data/5e-admin/src/layout/components/Sidebar/Link.vue?vue&type=script&lang=js
<s> [webpack.Progress] 68% building 825/846 modules 21 active /data/5e-admin/node_modules/cache-loader/dist/cjs.js?{"cacheDirectory":"node_modules/.cache/vue-loader","cacheIdentifier":"f79bae76-vue-loader-template"}!/data/5e-admin/node_modules/vue-loader/lib/loaders/templateLoader.js??vue-loader-options!/data/5e-admin/node_modules/cache-loader/dist/cjs.js??ref--0-0!/data/5e-admin/node_modules/vue-loader/lib/index.js??vue-loader-options!/data/5e-admin/src/layout/components/Sidebar/Link.vue?vue&type=template&id=32e8ab1a
<s> [webpack.Progress] 68% building 825/847 modules 22 active /data/5e-admin/node_modules/call-bind-apply-helpers/reflectApply.js
<s> [webpack.Progress] 68% building 826/847 modules 21 active /data/5e-admin/node_modules/call-bind-apply-helpers/reflectApply.js
<s> [webpack.Progress] 68% building 826/848 modules 22 active /data/5e-admin/node_modules/base64-js/index.js
<s> [webpack.Progress] 68% building 826/849 modules 23 active /data/5e-admin/node_modules/ieee754/index.js
<s> [webpack.Progress] 68% building 826/850 modules 24 active /data/5e-admin/node_modules/isarray/index.js
<s> [webpack.Progress] 68% building 827/850 modules 23 active /data/5e-admin/node_modules/isarray/index.js
<s> [webpack.Progress] 68% building 828/850 modules 22 active /data/5e-admin/node_modules/isarray/index.js
<s> [webpack.Progress] 68% building 829/850 modules 21 active /data/5e-admin/node_modules/isarray/index.js
<s> [webpack.Progress] 68% building 830/850 modules 20 active /data/5e-admin/node_modules/isarray/index.js
<s> [webpack.Progress] 68% building 831/850 modules 19 active /data/5e-admin/node_modules/isarray/index.js
<s> [webpack.Progress] 68% building 832/850 modules 18 active /data/5e-admin/node_modules/isarray/index.js
<s> [webpack.Progress] 68% building 832/851 modules 19 active /data/5e-admin/node_modules/vue-loader/lib/loaders/pitcher.js??ref--4!/data/5e-admin/node_modules/cache-loader/dist/cjs.js??ref--0-0!/data/5e-admin/node_modules/vue-loader/lib/index.js??vue-loader-options!/data/5e-admin/node_modules/eslint-loader/index.js??ref--13-0!/data/5e-admin/src/components/Breadcrumb/index.vue?vue&type=template&id=b50ef614&scoped=true
<s> [webpack.Progress] 68% building 833/851 modules 18 active /data/5e-admin/node_modules/isarray/index.js
<s> [webpack.Progress] 68% building 833/852 modules 19 active /data/5e-admin/node_modules/vue-loader/lib/loaders/pitcher.js??ref--4!/data/5e-admin/node_modules/cache-loader/dist/cjs.js??ref--12-0!/data/5e-admin/node_modules/babel-loader/lib/index.js!/data/5e-admin/node_modules/cache-loader/dist/cjs.js??ref--0-0!/data/5e-admin/node_modules/vue-loader/lib/index.js??vue-loader-options!/data/5e-admin/node_modules/eslint-loader/index.js??ref--13-0!/data/5e-admin/node_modules/eslint-loader/index.js??ref--13-0!/data/5e-admin/src/components/Breadcrumb/index.vue?vue&type=script&lang=js
<s> [webpack.Progress] 68% building 834/852 modules 18 active /data/5e-admin/node_modules/isarray/index.js
<s> [webpack.Progress] 68% building 834/853 modules 19 active /data/5e-admin/node_modules/vue-loader/lib/loaders/pitcher.js??ref--4!/data/5e-admin/node_modules/vue-style-loader/index.js??ref--8-oneOf-1-0!/data/5e-admin/node_modules/css-loader/dist/cjs.js??ref--8-oneOf-1-1!/data/5e-admin/node_modules/postcss-loader/src/index.js??ref--8-oneOf-1-2!/data/5e-admin/node_modules/sass-loader/dist/cjs.js??ref--8-oneOf-1-3!/data/5e-admin/node_modules/cache-loader/dist/cjs.js??ref--0-0!/data/5e-admin/node_modules/vue-loader/lib/index.js??vue-loader-options!/data/5e-admin/node_modules/eslint-loader/index.js??ref--13-0!/data/5e-admin/src/components/Breadcrumb/index.vue?vue&type=style&index=0&id=b50ef614&lang=scss&scoped=true
<s> [webpack.Progress] 68% building 835/853 modules 18 active /data/5e-admin/node_modules/isarray/index.js
<s> [webpack.Progress] 68% building 835/854 modules 19 active /data/5e-admin/node_modules/cache-loader/dist/cjs.js??ref--12-0!/data/5e-admin/node_modules/babel-loader/lib/index.js!/data/5e-admin/node_modules/cache-loader/dist/cjs.js??ref--0-0!/data/5e-admin/node_modules/vue-loader/lib/index.js??vue-loader-options!/data/5e-admin/src/components/Breadcrumb/index.vue?vue&type=script&lang=js
<s> [webpack.Progress] 68% building 835/855 modules 20 active /data/5e-admin/node_modules/cache-loader/dist/cjs.js?{"cacheDirectory":"node_modules/.cache/vue-loader","cacheIdentifier":"f79bae76-vue-loader-template"}!/data/5e-admin/node_modules/vue-loader/lib/loaders/templateLoader.js??vue-loader-options!/data/5e-admin/node_modules/cache-loader/dist/cjs.js??ref--0-0!/data/5e-admin/node_modules/vue-loader/lib/index.js??vue-loader-options!/data/5e-admin/src/components/Breadcrumb/index.vue?vue&type=template&id=b50ef614&scoped=true
<s> [webpack.Progress] 68% building 835/856 modules 21 active /data/5e-admin/node_modules/vue-style-loader/index.js??ref--8-oneOf-1-0!/data/5e-admin/node_modules/css-loader/dist/cjs.js??ref--8-oneOf-1-1!/data/5e-admin/node_modules/vue-loader/lib/loaders/stylePostLoader.js!/data/5e-admin/node_modules/postcss-loader/src/index.js??ref--8-oneOf-1-2!/data/5e-admin/node_modules/sass-loader/dist/cjs.js??ref--8-oneOf-1-3!/data/5e-admin/node_modules/cache-loader/dist/cjs.js??ref--0-0!/data/5e-admin/node_modules/vue-loader/lib/index.js??vue-loader-options!/data/5e-admin/src/components/Breadcrumb/index.vue?vue&type=style&index=0&id=b50ef614&lang=scss&scoped=true
<s> [webpack.Progress] 68% building 836/856 modules 20 active /data/5e-admin/node_modules/cache-loader/dist/cjs.js?{"cacheDirectory":"node_modules/.cache/vue-loader","cacheIdentifier":"f79bae76-vue-loader-template"}!/data/5e-admin/node_modules/vue-loader/lib/loaders/templateLoader.js??vue-loader-options!/data/5e-admin/node_modules/cache-loader/dist/cjs.js??ref--0-0!/data/5e-admin/node_modules/vue-loader/lib/index.js??vue-loader-options!/data/5e-admin/src/components/Breadcrumb/index.vue?vue&type=template&id=b50ef614&scoped=true
<s> [webpack.Progress] 68% building 836/857 modules 21 active /data/5e-admin/node_modules/css-loader/dist/cjs.js??ref--8-oneOf-1-1!/data/5e-admin/node_modules/vue-loader/lib/loaders/stylePostLoader.js!/data/5e-admin/node_modules/postcss-loader/src/index.js??ref--8-oneOf-1-2!/data/5e-admin/node_modules/sass-loader/dist/cjs.js??ref--8-oneOf-1-3!/data/5e-admin/node_modules/cache-loader/dist/cjs.js??ref--0-0!/data/5e-admin/node_modules/vue-loader/lib/index.js??vue-loader-options!/data/5e-admin/src/components/Breadcrumb/index.vue?vue&type=style&index=0&id=b50ef614&lang=scss&scoped=true
<s> [webpack.Progress] 68% building 836/858 modules 22 active /data/5e-admin/node_modules/vue-loader/lib/loaders/pitcher.js??ref--4!/data/5e-admin/node_modules/cache-loader/dist/cjs.js??ref--0-0!/data/5e-admin/node_modules/vue-loader/lib/index.js??vue-loader-options!/data/5e-admin/node_modules/eslint-loader/index.js??ref--13-0!/data/5e-admin/src/components/Hamburger/index.vue?vue&type=template&id=4e6f274c&scoped=true
<s> [webpack.Progress] 68% building 837/858 modules 21 active /data/5e-admin/node_modules/css-loader/dist/cjs.js??ref--8-oneOf-1-1!/data/5e-admin/node_modules/vue-loader/lib/loaders/stylePostLoader.js!/data/5e-admin/node_modules/postcss-loader/src/index.js??ref--8-oneOf-1-2!/data/5e-admin/node_modules/sass-loader/dist/cjs.js??ref--8-oneOf-1-3!/data/5e-admin/node_modules/cache-loader/dist/cjs.js??ref--0-0!/data/5e-admin/node_modules/vue-loader/lib/index.js??vue-loader-options!/data/5e-admin/src/components/Breadcrumb/index.vue?vue&type=style&index=0&id=b50ef614&lang=scss&scoped=true
<s> [webpack.Progress] 68% building 837/859 modules 22 active /data/5e-admin/node_modules/vue-loader/lib/loaders/pitcher.js??ref--4!/data/5e-admin/node_modules/cache-loader/dist/cjs.js??ref--12-0!/data/5e-admin/node_modules/babel-loader/lib/index.js!/data/5e-admin/node_modules/cache-loader/dist/cjs.js??ref--0-0!/data/5e-admin/node_modules/vue-loader/lib/index.js??vue-loader-options!/data/5e-admin/node_modules/eslint-loader/index.js??ref--13-0!/data/5e-admin/node_modules/eslint-loader/index.js??ref--13-0!/data/5e-admin/src/components/Hamburger/index.vue?vue&type=script&lang=js
<s> [webpack.Progress] 68% building 838/859 modules 21 active /data/5e-admin/node_modules/css-loader/dist/cjs.js??ref--8-oneOf-1-1!/data/5e-admin/node_modules/vue-loader/lib/loaders/stylePostLoader.js!/data/5e-admin/node_modules/postcss-loader/src/index.js??ref--8-oneOf-1-2!/data/5e-admin/node_modules/sass-loader/dist/cjs.js??ref--8-oneOf-1-3!/data/5e-admin/node_modules/cache-loader/dist/cjs.js??ref--0-0!/data/5e-admin/node_modules/vue-loader/lib/index.js??vue-loader-options!/data/5e-admin/src/components/Breadcrumb/index.vue?vue&type=style&index=0&id=b50ef614&lang=scss&scoped=true
<s> [webpack.Progress] 68% building 838/860 modules 22 active /data/5e-admin/node_modules/vue-loader/lib/loaders/pitcher.js??ref--4!/data/5e-admin/node_modules/vue-style-loader/index.js??ref--6-oneOf-1-0!/data/5e-admin/node_modules/css-loader/dist/cjs.js??ref--6-oneOf-1-1!/data/5e-admin/node_modules/postcss-loader/src/index.js??ref--6-oneOf-1-2!/data/5e-admin/node_modules/cache-loader/dist/cjs.js??ref--0-0!/data/5e-admin/node_modules/vue-loader/lib/index.js??vue-loader-options!/data/5e-admin/node_modules/eslint-loader/index.js??ref--13-0!/data/5e-admin/src/components/Hamburger/index.vue?vue&type=style&index=0&id=4e6f274c&scoped=true&lang=css
<s> [webpack.Progress] 68% building 839/860 modules 21 active /data/5e-admin/node_modules/css-loader/dist/cjs.js??ref--8-oneOf-1-1!/data/5e-admin/node_modules/vue-loader/lib/loaders/stylePostLoader.js!/data/5e-admin/node_modules/postcss-loader/src/index.js??ref--8-oneOf-1-2!/data/5e-admin/node_modules/sass-loader/dist/cjs.js??ref--8-oneOf-1-3!/data/5e-admin/node_modules/cache-loader/dist/cjs.js??ref--0-0!/data/5e-admin/node_modules/vue-loader/lib/index.js??vue-loader-options!/data/5e-admin/src/components/Breadcrumb/index.vue?vue&type=style&index=0&id=b50ef614&lang=scss&scoped=true
<s> [webpack.Progress] 68% building 839/861 modules 22 active /data/5e-admin/node_modules/cache-loader/dist/cjs.js??ref--12-0!/data/5e-admin/node_modules/babel-loader/lib/index.js!/data/5e-admin/node_modules/cache-loader/dist/cjs.js??ref--0-0!/data/5e-admin/node_modules/vue-loader/lib/index.js??vue-loader-options!/data/5e-admin/src/components/Hamburger/index.vue?vue&type=script&lang=js
<s> [webpack.Progress] 68% building 839/862 modules 23 active /data/5e-admin/node_modules/cache-loader/dist/cjs.js?{"cacheDirectory":"node_modules/.cache/vue-loader","cacheIdentifier":"f79bae76-vue-loader-template"}!/data/5e-admin/node_modules/vue-loader/lib/loaders/templateLoader.js??vue-loader-options!/data/5e-admin/node_modules/cache-loader/dist/cjs.js??ref--0-0!/data/5e-admin/node_modules/vue-loader/lib/index.js??vue-loader-options!/data/5e-admin/src/components/Hamburger/index.vue?vue&type=template&id=4e6f274c&scoped=true
<s> [webpack.Progress] 68% building 839/863 modules 24 active /data/5e-admin/node_modules/vue-style-loader/index.js??ref--6-oneOf-1-0!/data/5e-admin/node_modules/css-loader/dist/cjs.js??ref--6-oneOf-1-1!/data/5e-admin/node_modules/vue-loader/lib/loaders/stylePostLoader.js!/data/5e-admin/node_modules/postcss-loader/src/index.js??ref--6-oneOf-1-2!/data/5e-admin/node_modules/cache-loader/dist/cjs.js??ref--0-0!/data/5e-admin/node_modules/vue-loader/lib/index.js??vue-loader-options!/data/5e-admin/src/components/Hamburger/index.vue?vue&type=style&index=0&id=4e6f274c&scoped=true&lang=css
<s> [webpack.Progress] 68% building 840/863 modules 23 active /data/5e-admin/node_modules/cache-loader/dist/cjs.js?{"cacheDirectory":"node_modules/.cache/vue-loader","cacheIdentifier":"f79bae76-vue-loader-template"}!/data/5e-admin/node_modules/vue-loader/lib/loaders/templateLoader.js??vue-loader-options!/data/5e-admin/node_modules/cache-loader/dist/cjs.js??ref--0-0!/data/5e-admin/node_modules/vue-loader/lib/index.js??vue-loader-options!/data/5e-admin/src/components/Hamburger/index.vue?vue&type=template&id=4e6f274c&scoped=true
<s> [webpack.Progress] 68% building 840/864 modules 24 active /data/5e-admin/node_modules/css-loader/dist/cjs.js??ref--6-oneOf-1-1!/data/5e-admin/node_modules/vue-loader/lib/loaders/stylePostLoader.js!/data/5e-admin/node_modules/postcss-loader/src/index.js??ref--6-oneOf-1-2!/data/5e-admin/node_modules/cache-loader/dist/cjs.js??ref--0-0!/data/5e-admin/node_modules/vue-loader/lib/index.js??vue-loader-options!/data/5e-admin/src/components/Hamburger/index.vue?vue&type=style&index=0&id=4e6f274c&scoped=true&lang=css
<s> [webpack.Progress] 68% building 840/865 modules 25 active /data/5e-admin/node_modules/vue-loader/lib/loaders/pitcher.js??ref--4!/data/5e-admin/node_modules/cache-loader/dist/cjs.js??ref--0-0!/data/5e-admin/node_modules/vue-loader/lib/index.js??vue-loader-options!/data/5e-admin/node_modules/eslint-loader/index.js??ref--13-0!/data/5e-admin/src/components/ErrorLog/index.vue?vue&type=template&id=cf51e862&scoped=true
<s> [webpack.Progress] 68% building 841/865 modules 24 active /data/5e-admin/node_modules/css-loader/dist/cjs.js??ref--6-oneOf-1-1!/data/5e-admin/node_modules/vue-loader/lib/loaders/stylePostLoader.js!/data/5e-admin/node_modules/postcss-loader/src/index.js??ref--6-oneOf-1-2!/data/5e-admin/node_modules/cache-loader/dist/cjs.js??ref--0-0!/data/5e-admin/node_modules/vue-loader/lib/index.js??vue-loader-options!/data/5e-admin/src/components/Hamburger/index.vue?vue&type=style&index=0&id=4e6f274c&scoped=true&lang=css
<s> [webpack.Progress] 68% building 841/866 modules 25 active /data/5e-admin/node_modules/vue-loader/lib/loaders/pitcher.js??ref--4!/data/5e-admin/node_modules/cache-loader/dist/cjs.js??ref--12-0!/data/5e-admin/node_modules/babel-loader/lib/index.js!/data/5e-admin/node_modules/cache-loader/dist/cjs.js??ref--0-0!/data/5e-admin/node_modules/vue-loader/lib/index.js??vue-loader-options!/data/5e-admin/node_modules/eslint-loader/index.js??ref--13-0!/data/5e-admin/node_modules/eslint-loader/index.js??ref--13-0!/data/5e-admin/src/components/ErrorLog/index.vue?vue&type=script&lang=js
<s> [webpack.Progress] 68% building 842/866 modules 24 active /data/5e-admin/node_modules/css-loader/dist/cjs.js??ref--6-oneOf-1-1!/data/5e-admin/node_modules/vue-loader/lib/loaders/stylePostLoader.js!/data/5e-admin/node_modules/postcss-loader/src/index.js??ref--6-oneOf-1-2!/data/5e-admin/node_modules/cache-loader/dist/cjs.js??ref--0-0!/data/5e-admin/node_modules/vue-loader/lib/index.js??vue-loader-options!/data/5e-admin/src/components/Hamburger/index.vue?vue&type=style&index=0&id=4e6f274c&scoped=true&lang=css
<s> [webpack.Progress] 68% building 842/867 modules 25 active /data/5e-admin/node_modules/vue-loader/lib/loaders/pitcher.js??ref--4!/data/5e-admin/node_modules/vue-style-loader/index.js??ref--6-oneOf-1-0!/data/5e-admin/node_modules/css-loader/dist/cjs.js??ref--6-oneOf-1-1!/data/5e-admin/node_modules/postcss-loader/src/index.js??ref--6-oneOf-1-2!/data/5e-admin/node_modules/cache-loader/dist/cjs.js??ref--0-0!/data/5e-admin/node_modules/vue-loader/lib/index.js??vue-loader-options!/data/5e-admin/node_modules/eslint-loader/index.js??ref--13-0!/data/5e-admin/src/components/ErrorLog/index.vue?vue&type=style&index=0&id=cf51e862&scoped=true&lang=css
<s> [webpack.Progress] 68% building 843/867 modules 24 active /data/5e-admin/node_modules/css-loader/dist/cjs.js??ref--6-oneOf-1-1!/data/5e-admin/node_modules/vue-loader/lib/loaders/stylePostLoader.js!/data/5e-admin/node_modules/postcss-loader/src/index.js??ref--6-oneOf-1-2!/data/5e-admin/node_modules/cache-loader/dist/cjs.js??ref--0-0!/data/5e-admin/node_modules/vue-loader/lib/index.js??vue-loader-options!/data/5e-admin/src/components/Hamburger/index.vue?vue&type=style&index=0&id=4e6f274c&scoped=true&lang=css
<s> [webpack.Progress] 68% building 843/868 modules 25 active /data/5e-admin/node_modules/cache-loader/dist/cjs.js??ref--12-0!/data/5e-admin/node_modules/babel-loader/lib/index.js!/data/5e-admin/node_modules/cache-loader/dist/cjs.js??ref--0-0!/data/5e-admin/node_modules/vue-loader/lib/index.js??vue-loader-options!/data/5e-admin/src/components/ErrorLog/index.vue?vue&type=script&lang=js
<s> [webpack.Progress] 68% building 843/869 modules 26 active /data/5e-admin/node_modules/cache-loader/dist/cjs.js?{"cacheDirectory":"node_modules/.cache/vue-loader","cacheIdentifier":"f79bae76-vue-loader-template"}!/data/5e-admin/node_modules/vue-loader/lib/loaders/templateLoader.js??vue-loader-options!/data/5e-admin/node_modules/cache-loader/dist/cjs.js??ref--0-0!/data/5e-admin/node_modules/vue-loader/lib/index.js??vue-loader-options!/data/5e-admin/src/components/ErrorLog/index.vue?vue&type=template&id=cf51e862&scoped=true
<s> [webpack.Progress] 68% building 843/870 modules 27 active /data/5e-admin/node_modules/vue-style-loader/index.js??ref--6-oneOf-1-0!/data/5e-admin/node_modules/css-loader/dist/cjs.js??ref--6-oneOf-1-1!/data/5e-admin/node_modules/vue-loader/lib/loaders/stylePostLoader.js!/data/5e-admin/node_modules/postcss-loader/src/index.js??ref--6-oneOf-1-2!/data/5e-admin/node_modules/cache-loader/dist/cjs.js??ref--0-0!/data/5e-admin/node_modules/vue-loader/lib/index.js??vue-loader-options!/data/5e-admin/src/components/ErrorLog/index.vue?vue&type=style&index=0&id=cf51e862&scoped=true&lang=css
<s> [webpack.Progress] 68% building 844/870 modules 26 active /data/5e-admin/node_modules/cache-loader/dist/cjs.js?{"cacheDirectory":"node_modules/.cache/vue-loader","cacheIdentifier":"f79bae76-vue-loader-template"}!/data/5e-admin/node_modules/vue-loader/lib/loaders/templateLoader.js??vue-loader-options!/data/5e-admin/node_modules/cache-loader/dist/cjs.js??ref--0-0!/data/5e-admin/node_modules/vue-loader/lib/index.js??vue-loader-options!/data/5e-admin/src/components/ErrorLog/index.vue?vue&type=template&id=cf51e862&scoped=true
<s> [webpack.Progress] 68% building 844/871 modules 27 active /data/5e-admin/node_modules/css-loader/dist/cjs.js??ref--6-oneOf-1-1!/data/5e-admin/node_modules/vue-loader/lib/loaders/stylePostLoader.js!/data/5e-admin/node_modules/postcss-loader/src/index.js??ref--6-oneOf-1-2!/data/5e-admin/node_modules/cache-loader/dist/cjs.js??ref--0-0!/data/5e-admin/node_modules/vue-loader/lib/index.js??vue-loader-options!/data/5e-admin/src/components/ErrorLog/index.vue?vue&type=style&index=0&id=cf51e862&scoped=true&lang=css
<s> [webpack.Progress] 68% building 844/872 modules 28 active /data/5e-admin/node_modules/vue-loader/lib/loaders/pitcher.js??ref--4!/data/5e-admin/node_modules/cache-loader/dist/cjs.js??ref--0-0!/data/5e-admin/node_modules/vue-loader/lib/index.js??vue-loader-options!/data/5e-admin/node_modules/eslint-loader/index.js??ref--13-0!/data/5e-admin/src/components/Screenfull/index.vue?vue&type=template&id=29234bee&scoped=true
<s> [webpack.Progress] 68% building 845/872 modules 27 active /data/5e-admin/node_modules/css-loader/dist/cjs.js??ref--6-oneOf-1-1!/data/5e-admin/node_modules/vue-loader/lib/loaders/stylePostLoader.js!/data/5e-admin/node_modules/postcss-loader/src/index.js??ref--6-oneOf-1-2!/data/5e-admin/node_modules/cache-loader/dist/cjs.js??ref--0-0!/data/5e-admin/node_modules/vue-loader/lib/index.js??vue-loader-options!/data/5e-admin/src/components/ErrorLog/index.vue?vue&type=style&index=0&id=cf51e862&scoped=true&lang=css
<s> [webpack.Progress] 68% building 845/873 modules 28 active /data/5e-admin/node_modules/vue-loader/lib/loaders/pitcher.js??ref--4!/data/5e-admin/node_modules/cache-loader/dist/cjs.js??ref--12-0!/data/5e-admin/node_modules/babel-loader/lib/index.js!/data/5e-admin/node_modules/cache-loader/dist/cjs.js??ref--0-0!/data/5e-admin/node_modules/vue-loader/lib/index.js??vue-loader-options!/data/5e-admin/node_modules/eslint-loader/index.js??ref--13-0!/data/5e-admin/node_modules/eslint-loader/index.js??ref--13-0!/data/5e-admin/src/components/Screenfull/index.vue?vue&type=script&lang=js
<s> [webpack.Progress] 68% building 846/873 modules 27 active /data/5e-admin/node_modules/css-loader/dist/cjs.js??ref--6-oneOf-1-1!/data/5e-admin/node_modules/vue-loader/lib/loaders/stylePostLoader.js!/data/5e-admin/node_modules/postcss-loader/src/index.js??ref--6-oneOf-1-2!/data/5e-admin/node_modules/cache-loader/dist/cjs.js??ref--0-0!/data/5e-admin/node_modules/vue-loader/lib/index.js??vue-loader-options!/data/5e-admin/src/components/ErrorLog/index.vue?vue&type=style&index=0&id=cf51e862&scoped=true&lang=css
<s> [webpack.Progress] 68% building 846/874 modules 28 active /data/5e-admin/node_modules/vue-loader/lib/loaders/pitcher.js??ref--4!/data/5e-admin/node_modules/vue-style-loader/index.js??ref--6-oneOf-1-0!/data/5e-admin/node_modules/css-loader/dist/cjs.js??ref--6-oneOf-1-1!/data/5e-admin/node_modules/postcss-loader/src/index.js??ref--6-oneOf-1-2!/data/5e-admin/node_modules/cache-loader/dist/cjs.js??ref--0-0!/data/5e-admin/node_modules/vue-loader/lib/index.js??vue-loader-options!/data/5e-admin/node_modules/eslint-loader/index.js??ref--13-0!/data/5e-admin/src/components/Screenfull/index.vue?vue&type=style&index=0&id=29234bee&scoped=true&lang=css
<s> [webpack.Progress] 68% building 847/874 modules 27 active /data/5e-admin/node_modules/css-loader/dist/cjs.js??ref--6-oneOf-1-1!/data/5e-admin/node_modules/vue-loader/lib/loaders/stylePostLoader.js!/data/5e-admin/node_modules/postcss-loader/src/index.js??ref--6-oneOf-1-2!/data/5e-admin/node_modules/cache-loader/dist/cjs.js??ref--0-0!/data/5e-admin/node_modules/vue-loader/lib/index.js??vue-loader-options!/data/5e-admin/src/components/ErrorLog/index.vue?vue&type=style&index=0&id=cf51e862&scoped=true&lang=css
<s> [webpack.Progress] 68% building 847/875 modules 28 active /data/5e-admin/node_modules/cache-loader/dist/cjs.js??ref--12-0!/data/5e-admin/node_modules/babel-loader/lib/index.js!/data/5e-admin/node_modules/cache-loader/dist/cjs.js??ref--0-0!/data/5e-admin/node_modules/vue-loader/lib/index.js??vue-loader-options!/data/5e-admin/src/components/Screenfull/index.vue?vue&type=script&lang=js
<s> [webpack.Progress] 68% building 847/876 modules 29 active /data/5e-admin/node_modules/cache-loader/dist/cjs.js?{"cacheDirectory":"node_modules/.cache/vue-loader","cacheIdentifier":"f79bae76-vue-loader-template"}!/data/5e-admin/node_modules/vue-loader/lib/loaders/templateLoader.js??vue-loader-options!/data/5e-admin/node_modules/cache-loader/dist/cjs.js??ref--0-0!/data/5e-admin/node_modules/vue-loader/lib/index.js??vue-loader-options!/data/5e-admin/src/components/Screenfull/index.vue?vue&type=template&id=29234bee&scoped=true
<s> [webpack.Progress] 67% building 847/877 modules 30 active /data/5e-admin/node_modules/vue-style-loader/index.js??ref--6-oneOf-1-0!/data/5e-admin/node_modules/css-loader/dist/cjs.js??ref--6-oneOf-1-1!/data/5e-admin/node_modules/vue-loader/lib/loaders/stylePostLoader.js!/data/5e-admin/node_modules/postcss-loader/src/index.js??ref--6-oneOf-1-2!/data/5e-admin/node_modules/cache-loader/dist/cjs.js??ref--0-0!/data/5e-admin/node_modules/vue-loader/lib/index.js??vue-loader-options!/data/5e-admin/src/components/Screenfull/index.vue?vue&type=style&index=0&id=29234bee&scoped=true&lang=css
<s> [webpack.Progress] 68% building 848/877 modules 29 active /data/5e-admin/node_modules/cache-loader/dist/cjs.js?{"cacheDirectory":"node_modules/.cache/vue-loader","cacheIdentifier":"f79bae76-vue-loader-template"}!/data/5e-admin/node_modules/vue-loader/lib/loaders/templateLoader.js??vue-loader-options!/data/5e-admin/node_modules/cache-loader/dist/cjs.js??ref--0-0!/data/5e-admin/node_modules/vue-loader/lib/index.js??vue-loader-options!/data/5e-admin/src/components/Screenfull/index.vue?vue&type=template&id=29234bee&scoped=true
<s> [webpack.Progress] 67% building 848/878 modules 30 active /data/5e-admin/node_modules/css-loader/dist/cjs.js??ref--6-oneOf-1-1!/data/5e-admin/node_modules/vue-loader/lib/loaders/stylePostLoader.js!/data/5e-admin/node_modules/postcss-loader/src/index.js??ref--6-oneOf-1-2!/data/5e-admin/node_modules/cache-loader/dist/cjs.js??ref--0-0!/data/5e-admin/node_modules/vue-loader/lib/index.js??vue-loader-options!/data/5e-admin/src/components/Screenfull/index.vue?vue&type=style&index=0&id=29234bee&scoped=true&lang=css
<s> [webpack.Progress] 67% building 848/879 modules 31 active /data/5e-admin/node_modules/vue-loader/lib/loaders/pitcher.js??ref--4!/data/5e-admin/node_modules/cache-loader/dist/cjs.js??ref--0-0!/data/5e-admin/node_modules/vue-loader/lib/index.js??vue-loader-options!/data/5e-admin/node_modules/eslint-loader/index.js??ref--13-0!/data/5e-admin/src/components/SizeSelect/index.vue?vue&type=template&id=40bd2e60
<s> [webpack.Progress] 67% building 849/879 modules 30 active /data/5e-admin/node_modules/css-loader/dist/cjs.js??ref--6-oneOf-1-1!/data/5e-admin/node_modules/vue-loader/lib/loaders/stylePostLoader.js!/data/5e-admin/node_modules/postcss-loader/src/index.js??ref--6-oneOf-1-2!/data/5e-admin/node_modules/cache-loader/dist/cjs.js??ref--0-0!/data/5e-admin/node_modules/vue-loader/lib/index.js??vue-loader-options!/data/5e-admin/src/components/Screenfull/index.vue?vue&type=style&index=0&id=29234bee&scoped=true&lang=css
<s> [webpack.Progress] 67% building 849/880 modules 31 active /data/5e-admin/node_modules/vue-loader/lib/loaders/pitcher.js??ref--4!/data/5e-admin/node_modules/cache-loader/dist/cjs.js??ref--12-0!/data/5e-admin/node_modules/babel-loader/lib/index.js!/data/5e-admin/node_modules/cache-loader/dist/cjs.js??ref--0-0!/data/5e-admin/node_modules/vue-loader/lib/index.js??vue-loader-options!/data/5e-admin/node_modules/eslint-loader/index.js??ref--13-0!/data/5e-admin/node_modules/eslint-loader/index.js??ref--13-0!/data/5e-admin/src/components/SizeSelect/index.vue?vue&type=script&lang=js
<s> [webpack.Progress] 67% building 850/880 modules 30 active /data/5e-admin/node_modules/css-loader/dist/cjs.js??ref--6-oneOf-1-1!/data/5e-admin/node_modules/vue-loader/lib/loaders/stylePostLoader.js!/data/5e-admin/node_modules/postcss-loader/src/index.js??ref--6-oneOf-1-2!/data/5e-admin/node_modules/cache-loader/dist/cjs.js??ref--0-0!/data/5e-admin/node_modules/vue-loader/lib/index.js??vue-loader-options!/data/5e-admin/src/components/Screenfull/index.vue?vue&type=style&index=0&id=29234bee&scoped=true&lang=css
<s> [webpack.Progress] 67% building 850/881 modules 31 active /data/5e-admin/node_modules/cache-loader/dist/cjs.js??ref--12-0!/data/5e-admin/node_modules/babel-loader/lib/index.js!/data/5e-admin/node_modules/cache-loader/dist/cjs.js??ref--0-0!/data/5e-admin/node_modules/vue-loader/lib/index.js??vue-loader-options!/data/5e-admin/src/components/SizeSelect/index.vue?vue&type=script&lang=js
<s> [webpack.Progress] 67% building 850/882 modules 32 active /data/5e-admin/node_modules/cache-loader/dist/cjs.js?{"cacheDirectory":"node_modules/.cache/vue-loader","cacheIdentifier":"f79bae76-vue-loader-template"}!/data/5e-admin/node_modules/vue-loader/lib/loaders/templateLoader.js??vue-loader-options!/data/5e-admin/node_modules/cache-loader/dist/cjs.js??ref--0-0!/data/5e-admin/node_modules/vue-loader/lib/index.js??vue-loader-options!/data/5e-admin/src/components/SizeSelect/index.vue?vue&type=template&id=40bd2e60
<s> [webpack.Progress] 67% building 850/883 modules 33 active /data/5e-admin/node_modules/vue-loader/lib/loaders/pitcher.js??ref--4!/data/5e-admin/node_modules/cache-loader/dist/cjs.js??ref--0-0!/data/5e-admin/node_modules/vue-loader/lib/index.js??vue-loader-options!/data/5e-admin/node_modules/eslint-loader/index.js??ref--13-0!/data/5e-admin/src/components/HeaderSearch/index.vue?vue&type=template&id=032bd1f0&scoped=true
<s> [webpack.Progress] 67% building 851/883 modules 32 active /data/5e-admin/node_modules/cache-loader/dist/cjs.js?{"cacheDirectory":"node_modules/.cache/vue-loader","cacheIdentifier":"f79bae76-vue-loader-template"}!/data/5e-admin/node_modules/vue-loader/lib/loaders/templateLoader.js??vue-loader-options!/data/5e-admin/node_modules/cache-loader/dist/cjs.js??ref--0-0!/data/5e-admin/node_modules/vue-loader/lib/index.js??vue-loader-options!/data/5e-admin/src/components/SizeSelect/index.vue?vue&type=template&id=40bd2e60
<s> [webpack.Progress] 67% building 851/884 modules 33 active /data/5e-admin/node_modules/vue-loader/lib/loaders/pitcher.js??ref--4!/data/5e-admin/node_modules/cache-loader/dist/cjs.js??ref--12-0!/data/5e-admin/node_modules/babel-loader/lib/index.js!/data/5e-admin/node_modules/cache-loader/dist/cjs.js??ref--0-0!/data/5e-admin/node_modules/vue-loader/lib/index.js??vue-loader-options!/data/5e-admin/node_modules/eslint-loader/index.js??ref--13-0!/data/5e-admin/node_modules/eslint-loader/index.js??ref--13-0!/data/5e-admin/src/components/HeaderSearch/index.vue?vue&type=script&lang=js
<s> [webpack.Progress] 67% building 852/884 modules 32 active /data/5e-admin/node_modules/cache-loader/dist/cjs.js?{"cacheDirectory":"node_modules/.cache/vue-loader","cacheIdentifier":"f79bae76-vue-loader-template"}!/data/5e-admin/node_modules/vue-loader/lib/loaders/templateLoader.js??vue-loader-options!/data/5e-admin/node_modules/cache-loader/dist/cjs.js??ref--0-0!/data/5e-admin/node_modules/vue-loader/lib/index.js??vue-loader-options!/data/5e-admin/src/components/SizeSelect/index.vue?vue&type=template&id=40bd2e60
<s> [webpack.Progress] 67% building 852/885 modules 33 active /data/5e-admin/node_modules/vue-loader/lib/loaders/pitcher.js??ref--4!/data/5e-admin/node_modules/vue-style-loader/index.js??ref--8-oneOf-1-0!/data/5e-admin/node_modules/css-loader/dist/cjs.js??ref--8-oneOf-1-1!/data/5e-admin/node_modules/postcss-loader/src/index.js??ref--8-oneOf-1-2!/data/5e-admin/node_modules/sass-loader/dist/cjs.js??ref--8-oneOf-1-3!/data/5e-admin/node_modules/cache-loader/dist/cjs.js??ref--0-0!/data/5e-admin/node_modules/vue-loader/lib/index.js??vue-loader-options!/data/5e-admin/node_modules/eslint-loader/index.js??ref--13-0!/data/5e-admin/src/components/HeaderSearch/index.vue?vue&type=style&index=0&id=032bd1f0&lang=scss&scoped=true
<s> [webpack.Progress] 67% building 853/885 modules 32 active /data/5e-admin/node_modules/cache-loader/dist/cjs.js?{"cacheDirectory":"node_modules/.cache/vue-loader","cacheIdentifier":"f79bae76-vue-loader-template"}!/data/5e-admin/node_modules/vue-loader/lib/loaders/templateLoader.js??vue-loader-options!/data/5e-admin/node_modules/cache-loader/dist/cjs.js??ref--0-0!/data/5e-admin/node_modules/vue-loader/lib/index.js??vue-loader-options!/data/5e-admin/src/components/SizeSelect/index.vue?vue&type=template&id=40bd2e60
<s> [webpack.Progress] 67% building 853/886 modules 33 active /data/5e-admin/node_modules/cache-loader/dist/cjs.js??ref--12-0!/data/5e-admin/node_modules/babel-loader/lib/index.js!/data/5e-admin/node_modules/cache-loader/dist/cjs.js??ref--0-0!/data/5e-admin/node_modules/vue-loader/lib/index.js??vue-loader-options!/data/5e-admin/src/components/HeaderSearch/index.vue?vue&type=script&lang=js
<s> [webpack.Progress] 67% building 853/887 modules 34 active /data/5e-admin/node_modules/cache-loader/dist/cjs.js?{"cacheDirectory":"node_modules/.cache/vue-loader","cacheIdentifier":"f79bae76-vue-loader-template"}!/data/5e-admin/node_modules/vue-loader/lib/loaders/templateLoader.js??vue-loader-options!/data/5e-admin/node_modules/cache-loader/dist/cjs.js??ref--0-0!/data/5e-admin/node_modules/vue-loader/lib/index.js??vue-loader-options!/data/5e-admin/src/components/HeaderSearch/index.vue?vue&type=template&id=032bd1f0&scoped=true
<s> [webpack.Progress] 67% building 853/888 modules 35 active /data/5e-admin/node_modules/vue-style-loader/index.js??ref--8-oneOf-1-0!/data/5e-admin/node_modules/css-loader/dist/cjs.js??ref--8-oneOf-1-1!/data/5e-admin/node_modules/vue-loader/lib/loaders/stylePostLoader.js!/data/5e-admin/node_modules/postcss-loader/src/index.js??ref--8-oneOf-1-2!/data/5e-admin/node_modules/sass-loader/dist/cjs.js??ref--8-oneOf-1-3!/data/5e-admin/node_modules/cache-loader/dist/cjs.js??ref--0-0!/data/5e-admin/node_modules/vue-loader/lib/index.js??vue-loader-options!/data/5e-admin/src/components/HeaderSearch/index.vue?vue&type=style&index=0&id=032bd1f0&lang=scss&scoped=true
<s> [webpack.Progress] 67% building 854/888 modules 34 active /data/5e-admin/node_modules/cache-loader/dist/cjs.js?{"cacheDirectory":"node_modules/.cache/vue-loader","cacheIdentifier":"f79bae76-vue-loader-template"}!/data/5e-admin/node_modules/vue-loader/lib/loaders/templateLoader.js??vue-loader-options!/data/5e-admin/node_modules/cache-loader/dist/cjs.js??ref--0-0!/data/5e-admin/node_modules/vue-loader/lib/index.js??vue-loader-options!/data/5e-admin/src/components/HeaderSearch/index.vue?vue&type=template&id=032bd1f0&scoped=true
<s> [webpack.Progress] 67% building 854/889 modules 35 active /data/5e-admin/node_modules/css-loader/dist/cjs.js??ref--8-oneOf-1-1!/data/5e-admin/node_modules/vue-loader/lib/loaders/stylePostLoader.js!/data/5e-admin/node_modules/postcss-loader/src/index.js??ref--8-oneOf-1-2!/data/5e-admin/node_modules/sass-loader/dist/cjs.js??ref--8-oneOf-1-3!/data/5e-admin/node_modules/cache-loader/dist/cjs.js??ref--0-0!/data/5e-admin/node_modules/vue-loader/lib/index.js??vue-loader-options!/data/5e-admin/src/components/HeaderSearch/index.vue?vue&type=style&index=0&id=032bd1f0&lang=scss&scoped=true
<s> [webpack.Progress] 67% building 854/890 modules 36 active /data/5e-admin/node_modules/axios/lib/core/enhanceError.js
<s> [webpack.Progress] 67% building 854/891 modules 37 active /data/5e-admin/node_modules/css-loader/dist/runtime/getUrl.js
<s> [webpack.Progress] 67% building 855/891 modules 36 active /data/5e-admin/node_modules/css-loader/dist/runtime/getUrl.js
<s> [webpack.Progress] 67% building 856/891 modules 35 active /data/5e-admin/node_modules/css-loader/dist/runtime/getUrl.js
<s> [webpack.Progress] 67% building 857/891 modules 34 active /data/5e-admin/node_modules/css-loader/dist/runtime/getUrl.js
<s> [webpack.Progress] 67% building 858/891 modules 33 active /data/5e-admin/node_modules/css-loader/dist/runtime/getUrl.js
<s> [webpack.Progress] 67% building 859/891 modules 32 active /data/5e-admin/node_modules/css-loader/dist/runtime/getUrl.js
<s> [webpack.Progress] 67% building 860/891 modules 31 active /data/5e-admin/node_modules/css-loader/dist/runtime/getUrl.js
<s> [webpack.Progress] 67% building 861/891 modules 30 active /data/5e-admin/node_modules/css-loader/dist/runtime/getUrl.js
<s> [webpack.Progress] 68% building 862/891 modules 29 active /data/5e-admin/node_modules/css-loader/dist/runtime/getUrl.js
<s> [webpack.Progress] 68% building 863/891 modules 28 active /data/5e-admin/node_modules/css-loader/dist/runtime/getUrl.js
<s> [webpack.Progress] 68% building 864/891 modules 27 active /data/5e-admin/node_modules/css-loader/dist/runtime/getUrl.js
<s> [webpack.Progress] 68% building 865/891 modules 26 active /data/5e-admin/node_modules/css-loader/dist/runtime/getUrl.js
<s> [webpack.Progress] 68% building 866/891 modules 25 active /data/5e-admin/node_modules/css-loader/dist/runtime/getUrl.js
<s> [webpack.Progress] 68% building 867/891 modules 24 active /data/5e-admin/node_modules/css-loader/dist/runtime/getUrl.js
<s> [webpack.Progress] 68% building 868/891 modules 23 active /data/5e-admin/node_modules/css-loader/dist/runtime/getUrl.js
<s> [webpack.Progress] 68% building 869/891 modules 22 active /data/5e-admin/node_modules/css-loader/dist/runtime/getUrl.js
<s> [webpack.Progress] 68% building 870/891 modules 21 active /data/5e-admin/node_modules/css-loader/dist/runtime/getUrl.js
<s> [webpack.Progress] 68% building 871/891 modules 20 active /data/5e-admin/node_modules/css-loader/dist/runtime/getUrl.js
<s> [webpack.Progress] 68% building 872/891 modules 19 active /data/5e-admin/node_modules/css-loader/dist/runtime/getUrl.js
<s> [webpack.Progress] 68% building 873/891 modules 18 active /data/5e-admin/node_modules/css-loader/dist/runtime/getUrl.js
<s> [webpack.Progress] 68% building 874/891 modules 17 active /data/5e-admin/node_modules/css-loader/dist/runtime/getUrl.js
<s> [webpack.Progress] 68% building 875/891 modules 16 active /data/5e-admin/node_modules/css-loader/dist/runtime/getUrl.js
<s> [webpack.Progress] 68% building 876/891 modules 15 active /data/5e-admin/node_modules/css-loader/dist/runtime/getUrl.js
<s> [webpack.Progress] 69% building 877/891 modules 14 active /data/5e-admin/node_modules/css-loader/dist/runtime/getUrl.js
<s> [webpack.Progress] 69% building 878/891 modules 13 active /data/5e-admin/node_modules/css-loader/dist/runtime/getUrl.js
<s> [webpack.Progress] 69% building 879/891 modules 12 active /data/5e-admin/node_modules/css-loader/dist/runtime/getUrl.js
<s> [webpack.Progress] 69% building 880/891 modules 11 active /data/5e-admin/node_modules/css-loader/dist/runtime/getUrl.js
<s> [webpack.Progress] 69% building 881/891 modules 10 active /data/5e-admin/node_modules/css-loader/dist/runtime/getUrl.js
<s> [webpack.Progress] 69% building 882/891 modules 9 active /data/5e-admin/node_modules/css-loader/dist/cjs.js??ref--8-oneOf-1-1!/data/5e-admin/node_modules/vue-loader/lib/loaders/stylePostLoader.js!/data/5e-admin/node_modules/postcss-loader/src/index.js??ref--8-oneOf-1-2!/data/5e-admin/node_modules/sass-loader/dist/cjs.js??ref--8-oneOf-1-3!/data/5e-admin/node_modules/cache-loader/dist/cjs.js??ref--0-0!/data/5e-admin/node_modules/vue-loader/lib/index.js??vue-loader-options!/data/5e-admin/src/components/HeaderSearch/index.vue?vue&type=style&index=0&id=032bd1f0&lang=scss&scoped=true
<s> [webpack.Progress] 69% building 882/892 modules 10 active /data/5e-admin/node_modules/url-loader/dist/cjs.js??ref--4-0!/data/5e-admin/node_modules/element-ui/lib/theme-chalk/fonts/element-icons.woff
<s> [webpack.Progress] 69% building 882/893 modules 11 active /data/5e-admin/node_modules/url-loader/dist/cjs.js??ref--4-0!/data/5e-admin/node_modules/element-ui/lib/theme-chalk/fonts/element-icons.ttf
<s> [webpack.Progress] 69% building 882/894 modules 12 active /data/5e-admin/node_modules/core-js/modules/es.string.starts-with.js
<s> [webpack.Progress] 69% building 883/894 modules 11 active /data/5e-admin/node_modules/core-js/modules/es.string.starts-with.js
<s> [webpack.Progress] 69% building 884/894 modules 10 active /data/5e-admin/node_modules/core-js/modules/es.string.starts-with.js
<s> [webpack.Progress] 69% building 885/894 modules 9 active /data/5e-admin/node_modules/css-loader/dist/cjs.js??ref--8-oneOf-1-1!/data/5e-admin/node_modules/vue-loader/lib/loaders/stylePostLoader.js!/data/5e-admin/node_modules/postcss-loader/src/index.js??ref--8-oneOf-1-2!/data/5e-admin/node_modules/sass-loader/dist/cjs.js??ref--8-oneOf-1-3!/data/5e-admin/node_modules/cache-loader/dist/cjs.js??ref--0-0!/data/5e-admin/node_modules/vue-loader/lib/index.js??vue-loader-options!/data/5e-admin/src/components/HeaderSearch/index.vue?vue&type=style&index=0&id=032bd1f0&lang=scss&scoped=true
<s> [webpack.Progress] 69% building 885/895 modules 10 active /data/5e-admin/node_modules/cache-loader/dist/cjs.js??ref--0-0!/data/5e-admin/node_modules/vue-loader/lib/index.js??vue-loader-options!/data/5e-admin/node_modules/eslint-loader/index.js??ref--13-0!/data/5e-admin/src/components/ThemePicker/index.vue
<s> [webpack.Progress] 69% building 886/895 modules 9 active /data/5e-admin/node_modules/css-loader/dist/cjs.js??ref--8-oneOf-1-1!/data/5e-admin/node_modules/vue-loader/lib/loaders/stylePostLoader.js!/data/5e-admin/node_modules/postcss-loader/src/index.js??ref--8-oneOf-1-2!/data/5e-admin/node_modules/sass-loader/dist/cjs.js??ref--8-oneOf-1-3!/data/5e-admin/node_modules/cache-loader/dist/cjs.js??ref--0-0!/data/5e-admin/node_modules/vue-loader/lib/index.js??vue-loader-options!/data/5e-admin/src/components/HeaderSearch/index.vue?vue&type=style&index=0&id=032bd1f0&lang=scss&scoped=true
<s> [webpack.Progress] 69% building 886/896 modules 10 active /data/5e-admin/node_modules/vue-loader/lib/loaders/pitcher.js??ref--4!/data/5e-admin/node_modules/cache-loader/dist/cjs.js??ref--0-0!/data/5e-admin/node_modules/vue-loader/lib/index.js??vue-loader-options!/data/5e-admin/node_modules/eslint-loader/index.js??ref--13-0!/data/5e-admin/src/components/ThemePicker/index.vue?vue&type=template&id=50c07b7a
<s> [webpack.Progress] 69% building 887/896 modules 9 active /data/5e-admin/node_modules/css-loader/dist/cjs.js??ref--8-oneOf-1-1!/data/5e-admin/node_modules/vue-loader/lib/loaders/stylePostLoader.js!/data/5e-admin/node_modules/postcss-loader/src/index.js??ref--8-oneOf-1-2!/data/5e-admin/node_modules/sass-loader/dist/cjs.js??ref--8-oneOf-1-3!/data/5e-admin/node_modules/cache-loader/dist/cjs.js??ref--0-0!/data/5e-admin/node_modules/vue-loader/lib/index.js??vue-loader-options!/data/5e-admin/src/components/HeaderSearch/index.vue?vue&type=style&index=0&id=032bd1f0&lang=scss&scoped=true
<s> [webpack.Progress] 69% building 887/897 modules 10 active /data/5e-admin/node_modules/vue-loader/lib/loaders/pitcher.js??ref--4!/data/5e-admin/node_modules/cache-loader/dist/cjs.js??ref--12-0!/data/5e-admin/node_modules/babel-loader/lib/index.js!/data/5e-admin/node_modules/cache-loader/dist/cjs.js??ref--0-0!/data/5e-admin/node_modules/vue-loader/lib/index.js??vue-loader-options!/data/5e-admin/node_modules/eslint-loader/index.js??ref--13-0!/data/5e-admin/node_modules/eslint-loader/index.js??ref--13-0!/data/5e-admin/src/components/ThemePicker/index.vue?vue&type=script&lang=js
<s> [webpack.Progress] 69% building 888/897 modules 9 active /data/5e-admin/node_modules/css-loader/dist/cjs.js??ref--8-oneOf-1-1!/data/5e-admin/node_modules/vue-loader/lib/loaders/stylePostLoader.js!/data/5e-admin/node_modules/postcss-loader/src/index.js??ref--8-oneOf-1-2!/data/5e-admin/node_modules/sass-loader/dist/cjs.js??ref--8-oneOf-1-3!/data/5e-admin/node_modules/cache-loader/dist/cjs.js??ref--0-0!/data/5e-admin/node_modules/vue-loader/lib/index.js??vue-loader-options!/data/5e-admin/src/components/HeaderSearch/index.vue?vue&type=style&index=0&id=032bd1f0&lang=scss&scoped=true
<s> [webpack.Progress] 69% building 888/898 modules 10 active /data/5e-admin/node_modules/vue-loader/lib/loaders/pitcher.js??ref--4!/data/5e-admin/node_modules/vue-style-loader/index.js??ref--6-oneOf-1-0!/data/5e-admin/node_modules/css-loader/dist/cjs.js??ref--6-oneOf-1-1!/data/5e-admin/node_modules/postcss-loader/src/index.js??ref--6-oneOf-1-2!/data/5e-admin/node_modules/cache-loader/dist/cjs.js??ref--0-0!/data/5e-admin/node_modules/vue-loader/lib/index.js??vue-loader-options!/data/5e-admin/node_modules/eslint-loader/index.js??ref--13-0!/data/5e-admin/src/components/ThemePicker/index.vue?vue&type=style&index=0&id=50c07b7a&lang=css
<s> [webpack.Progress] 69% building 889/898 modules 9 active /data/5e-admin/node_modules/css-loader/dist/cjs.js??ref--8-oneOf-1-1!/data/5e-admin/node_modules/vue-loader/lib/loaders/stylePostLoader.js!/data/5e-admin/node_modules/postcss-loader/src/index.js??ref--8-oneOf-1-2!/data/5e-admin/node_modules/sass-loader/dist/cjs.js??ref--8-oneOf-1-3!/data/5e-admin/node_modules/cache-loader/dist/cjs.js??ref--0-0!/data/5e-admin/node_modules/vue-loader/lib/index.js??vue-loader-options!/data/5e-admin/src/components/HeaderSearch/index.vue?vue&type=style&index=0&id=032bd1f0&lang=scss&scoped=true
<s> [webpack.Progress] 69% building 889/899 modules 10 active /data/5e-admin/node_modules/cache-loader/dist/cjs.js??ref--12-0!/data/5e-admin/node_modules/babel-loader/lib/index.js!/data/5e-admin/node_modules/cache-loader/dist/cjs.js??ref--0-0!/data/5e-admin/node_modules/vue-loader/lib/index.js??vue-loader-options!/data/5e-admin/src/components/ThemePicker/index.vue?vue&type=script&lang=js
<s> [webpack.Progress] 69% building 889/900 modules 11 active /data/5e-admin/node_modules/cache-loader/dist/cjs.js?{"cacheDirectory":"node_modules/.cache/vue-loader","cacheIdentifier":"f79bae76-vue-loader-template"}!/data/5e-admin/node_modules/vue-loader/lib/loaders/templateLoader.js??vue-loader-options!/data/5e-admin/node_modules/cache-loader/dist/cjs.js??ref--0-0!/data/5e-admin/node_modules/vue-loader/lib/index.js??vue-loader-options!/data/5e-admin/src/components/ThemePicker/index.vue?vue&type=template&id=50c07b7a
<s> [webpack.Progress] 69% building 889/901 modules 12 active /data/5e-admin/node_modules/vue-style-loader/index.js??ref--6-oneOf-1-0!/data/5e-admin/node_modules/css-loader/dist/cjs.js??ref--6-oneOf-1-1!/data/5e-admin/node_modules/vue-loader/lib/loaders/stylePostLoader.js!/data/5e-admin/node_modules/postcss-loader/src/index.js??ref--6-oneOf-1-2!/data/5e-admin/node_modules/cache-loader/dist/cjs.js??ref--0-0!/data/5e-admin/node_modules/vue-loader/lib/index.js??vue-loader-options!/data/5e-admin/src/components/ThemePicker/index.vue?vue&type=style&index=0&id=50c07b7a&lang=css
<s> [webpack.Progress] 69% building 890/901 modules 11 active /data/5e-admin/node_modules/cache-loader/dist/cjs.js?{"cacheDirectory":"node_modules/.cache/vue-loader","cacheIdentifier":"f79bae76-vue-loader-template"}!/data/5e-admin/node_modules/vue-loader/lib/loaders/templateLoader.js??vue-loader-options!/data/5e-admin/node_modules/cache-loader/dist/cjs.js??ref--0-0!/data/5e-admin/node_modules/vue-loader/lib/index.js??vue-loader-options!/data/5e-admin/src/components/ThemePicker/index.vue?vue&type=template&id=50c07b7a
<s> [webpack.Progress] 69% building 890/902 modules 12 active /data/5e-admin/node_modules/css-loader/dist/cjs.js??ref--6-oneOf-1-1!/data/5e-admin/node_modules/vue-loader/lib/loaders/stylePostLoader.js!/data/5e-admin/node_modules/postcss-loader/src/index.js??ref--6-oneOf-1-2!/data/5e-admin/node_modules/cache-loader/dist/cjs.js??ref--0-0!/data/5e-admin/node_modules/vue-loader/lib/index.js??vue-loader-options!/data/5e-admin/src/components/ThemePicker/index.vue?vue&type=style&index=0&id=50c07b7a&lang=css
<s> [webpack.Progress] 69% building 891/902 modules 11 active /data/5e-admin/node_modules/css-loader/dist/cjs.js??ref--6-oneOf-1-1!/data/5e-admin/node_modules/vue-loader/lib/loaders/stylePostLoader.js!/data/5e-admin/node_modules/postcss-loader/src/index.js??ref--6-oneOf-1-2!/data/5e-admin/node_modules/cache-loader/dist/cjs.js??ref--0-0!/data/5e-admin/node_modules/vue-loader/lib/index.js??vue-loader-options!/data/5e-admin/src/components/ThemePicker/index.vue?vue&type=style&index=0&id=50c07b7a&lang=css
<s> [webpack.Progress] 69% building 892/902 modules 10 active /data/5e-admin/node_modules/css-loader/dist/cjs.js??ref--6-oneOf-1-1!/data/5e-admin/node_modules/vue-loader/lib/loaders/stylePostLoader.js!/data/5e-admin/node_modules/postcss-loader/src/index.js??ref--6-oneOf-1-2!/data/5e-admin/node_modules/cache-loader/dist/cjs.js??ref--0-0!/data/5e-admin/node_modules/vue-loader/lib/index.js??vue-loader-options!/data/5e-admin/src/components/ThemePicker/index.vue?vue&type=style&index=0&id=50c07b7a&lang=css
<s> [webpack.Progress] 69% building 892/903 modules 11 active /data/5e-admin/node_modules/element-ui/package.json
<s> [webpack.Progress] 69% building 893/903 modules 10 active /data/5e-admin/node_modules/css-loader/dist/cjs.js??ref--6-oneOf-1-1!/data/5e-admin/node_modules/vue-loader/lib/loaders/stylePostLoader.js!/data/5e-admin/node_modules/postcss-loader/src/index.js??ref--6-oneOf-1-2!/data/5e-admin/node_modules/cache-loader/dist/cjs.js??ref--0-0!/data/5e-admin/node_modules/vue-loader/lib/index.js??vue-loader-options!/data/5e-admin/src/components/ThemePicker/index.vue?vue&type=style&index=0&id=50c07b7a&lang=css
<s> [webpack.Progress] 69% building 894/903 modules 9 active /data/5e-admin/node_modules/css-loader/dist/cjs.js??ref--6-oneOf-1-1!/data/5e-admin/node_modules/vue-loader/lib/loaders/stylePostLoader.js!/data/5e-admin/node_modules/postcss-loader/src/index.js??ref--6-oneOf-1-2!/data/5e-admin/node_modules/cache-loader/dist/cjs.js??ref--0-0!/data/5e-admin/node_modules/vue-loader/lib/index.js??vue-loader-options!/data/5e-admin/src/components/ThemePicker/index.vue?vue&type=style&index=0&id=50c07b7a&lang=css
<s> [webpack.Progress] 69% building 895/903 modules 8 active /data/5e-admin/node_modules/css-loader/dist/cjs.js??ref--6-oneOf-1-1!/data/5e-admin/node_modules/vue-loader/lib/loaders/stylePostLoader.js!/data/5e-admin/node_modules/postcss-loader/src/index.js??ref--6-oneOf-1-2!/data/5e-admin/node_modules/cache-loader/dist/cjs.js??ref--0-0!/data/5e-admin/node_modules/vue-loader/lib/index.js??vue-loader-options!/data/5e-admin/src/components/ThemePicker/index.vue?vue&type=style&index=0&id=50c07b7a&lang=css
<s> [webpack.Progress] 69% building 895/904 modules 9 active /data/5e-admin/node_modules/path-to-regexp/index.js
<s> [webpack.Progress] 69% building 896/904 modules 8 active /data/5e-admin/node_modules/path-to-regexp/index.js
<s> [webpack.Progress] 69% building 896/905 modules 9 active /data/5e-admin/node_modules/screenfull/dist/screenfull.js
<s> [webpack.Progress] 69% building 896/906 modules 10 active /data/5e-admin/node_modules/fuse.js/dist/fuse.js
<s> [webpack.Progress] 69% building 897/906 modules 9 active /data/5e-admin/node_modules/fuse.js/dist/fuse.js
<s> [webpack.Progress] 69% building 898/906 modules 8 active /data/5e-admin/node_modules/fuse.js/dist/fuse.js
<s> [webpack.Progress] 69% building 899/906 modules 7 active /data/5e-admin/node_modules/css-loader/dist/cjs.js??ref--6-oneOf-1-1!/data/5e-admin/node_modules/vue-loader/lib/loaders/stylePostLoader.js!/data/5e-admin/node_modules/postcss-loader/src/index.js??ref--6-oneOf-1-2!/data/5e-admin/node_modules/cache-loader/dist/cjs.js??ref--0-0!/data/5e-admin/node_modules/vue-loader/lib/index.js??vue-loader-options!/data/5e-admin/src/components/ThemePicker/index.vue?vue&type=style&index=0&id=50c07b7a&lang=css
<s> [webpack.Progress] 69% building 900/906 modules 6 active /data/5e-admin/node_modules/css-loader/dist/cjs.js??ref--6-oneOf-1-1!/data/5e-admin/node_modules/vue-loader/lib/loaders/stylePostLoader.js!/data/5e-admin/node_modules/postcss-loader/src/index.js??ref--6-oneOf-1-2!/data/5e-admin/node_modules/cache-loader/dist/cjs.js??ref--0-0!/data/5e-admin/node_modules/vue-loader/lib/index.js??vue-loader-options!/data/5e-admin/src/components/ThemePicker/index.vue?vue&type=style&index=0&id=50c07b7a&lang=css
<s> [webpack.Progress] 69% building 901/906 modules 5 active /data/5e-admin/node_modules/css-loader/dist/cjs.js??ref--6-oneOf-1-1!/data/5e-admin/node_modules/vue-loader/lib/loaders/stylePostLoader.js!/data/5e-admin/node_modules/postcss-loader/src/index.js??ref--6-oneOf-1-2!/data/5e-admin/node_modules/cache-loader/dist/cjs.js??ref--0-0!/data/5e-admin/node_modules/vue-loader/lib/index.js??vue-loader-options!/data/5e-admin/src/components/ThemePicker/index.vue?vue&type=style&index=0&id=50c07b7a&lang=css
<s> [webpack.Progress] 69% building 902/906 modules 4 active /data/5e-admin/node_modules/css-loader/dist/cjs.js??ref--6-oneOf-1-1!/data/5e-admin/node_modules/vue-loader/lib/loaders/stylePostLoader.js!/data/5e-admin/node_modules/postcss-loader/src/index.js??ref--6-oneOf-1-2!/data/5e-admin/node_modules/cache-loader/dist/cjs.js??ref--0-0!/data/5e-admin/node_modules/vue-loader/lib/index.js??vue-loader-options!/data/5e-admin/src/components/ThemePicker/index.vue?vue&type=style&index=0&id=50c07b7a&lang=css
<s> [webpack.Progress] 69% building 903/906 modules 3 active /data/5e-admin/node_modules/css-loader/dist/cjs.js??ref--6-oneOf-1-1!/data/5e-admin/node_modules/vue-loader/lib/loaders/stylePostLoader.js!/data/5e-admin/node_modules/postcss-loader/src/index.js??ref--6-oneOf-1-2!/data/5e-admin/node_modules/cache-loader/dist/cjs.js??ref--0-0!/data/5e-admin/node_modules/vue-loader/lib/index.js??vue-loader-options!/data/5e-admin/src/components/ThemePicker/index.vue?vue&type=style&index=0&id=50c07b7a&lang=css
<s> [webpack.Progress] 69% building 904/906 modules 2 active /data/5e-admin/node_modules/css-loader/dist/cjs.js??ref--6-oneOf-1-1!/data/5e-admin/node_modules/vue-loader/lib/loaders/stylePostLoader.js!/data/5e-admin/node_modules/postcss-loader/src/index.js??ref--6-oneOf-1-2!/data/5e-admin/node_modules/cache-loader/dist/cjs.js??ref--0-0!/data/5e-admin/node_modules/vue-loader/lib/index.js??vue-loader-options!/data/5e-admin/src/components/ThemePicker/index.vue?vue&type=style&index=0&id=50c07b7a&lang=css
<s> [webpack.Progress] 69% building 905/906 modules 1 active /data/5e-admin/node_modules/css-loader/dist/cjs.js??ref--6-oneOf-1-1!/data/5e-admin/node_modules/vue-loader/lib/loaders/stylePostLoader.js!/data/5e-admin/node_modules/postcss-loader/src/index.js??ref--6-oneOf-1-2!/data/5e-admin/node_modules/cache-loader/dist/cjs.js??ref--0-0!/data/5e-admin/node_modules/vue-loader/lib/index.js??vue-loader-options!/data/5e-admin/src/components/ThemePicker/index.vue?vue&type=style&index=0&id=50c07b7a&lang=css
<s> [webpack.Progress] 70% building 906/906 modules 0 active 
<s> [webpack.Progress] 70% building 906/906 modules 0 active 
<s> [webpack.Progress] 70% finish module graph
<s> [webpack.Progress] 70% finish module graph FlagDependencyExportsPlugin
<s> [webpack.Progress] 70% sealing
<s> [webpack.Progress] 70% sealing WarnCaseSensitiveModulesPlugin
<s> [webpack.Progress] 72% basic dependencies optimization
<s> [webpack.Progress] 72% dependencies optimization
<s> [webpack.Progress] 73% advanced dependencies optimization
<s> [webpack.Progress] 73% after dependencies optimization
<s> [webpack.Progress] 71% chunk graph
<s> [webpack.Progress] 71% after chunk graph
<s> [webpack.Progress] 71% after chunk graph WebAssemblyModulesPlugin
<s> [webpack.Progress] 74% optimizing
<s> [webpack.Progress] 74% basic module optimization
<s> [webpack.Progress] 75% module optimization
<s> [webpack.Progress] 75% advanced module optimization
<s> [webpack.Progress] 76% after module optimization
<s> [webpack.Progress] 76% basic chunk optimization
<s> [webpack.Progress] 76% basic chunk optimization EnsureChunkConditionsPlugin
<s> [webpack.Progress] 76% basic chunk optimization RemoveEmptyChunksPlugin
<s> [webpack.Progress] 76% basic chunk optimization MergeDuplicateChunksPlugin
<s> [webpack.Progress] 77% chunk optimization
<s> [webpack.Progress] 77% advanced chunk optimization
<s> [webpack.Progress] 77% advanced chunk optimization SplitChunksPlugin
<s> [webpack.Progress] 77% advanced chunk optimization RemoveEmptyChunksPlugin
<s> [webpack.Progress] 77% after chunk optimization
<s> [webpack.Progress] 78% module and chunk tree optimization
<s> [webpack.Progress] 78% after module and chunk tree optimization
<s> [webpack.Progress] 79% basic chunk modules optimization
<s> [webpack.Progress] 80% chunk modules optimization
<s> [webpack.Progress] 80% advanced chunk modules optimization
<s> [webpack.Progress] 81% after chunk modules optimization
<s> [webpack.Progress] 81% module reviving
<s> [webpack.Progress] 81% module reviving RecordIdsPlugin
<s> [webpack.Progress] 82% module order optimization
<s> [webpack.Progress] 82% advanced module order optimization
<s> [webpack.Progress] 83% before module ids
<s> [webpack.Progress] 83% before module ids NamedModulesPlugin
<s> [webpack.Progress] 83% module ids
<s> [webpack.Progress] 84% module id optimization
<s> [webpack.Progress] 84% module id optimization
<s> [webpack.Progress] 85% chunk reviving
<s> [webpack.Progress] 85% chunk reviving RecordIdsPlugin
<s> [webpack.Progress] 85% chunk order optimization
<s> [webpack.Progress] 85% chunk order optimization OccurrenceOrderChunkIdsPlugin
<s> [webpack.Progress] 86% before chunk ids
<s> [webpack.Progress] 86% before chunk ids NamedChunksPlugin
<s> [webpack.Progress] 86% chunk id optimization
<s> [webpack.Progress] 87% after chunk id optimization
<s> [webpack.Progress] 87% record modules
<s> [webpack.Progress] 87% record modules RecordIdsPlugin
<s> [webpack.Progress] 87% record chunks
<s> [webpack.Progress] 87% record chunks RecordIdsPlugin
<s> [webpack.Progress] 88% hashing
<s> [webpack.Progress] 88% after hashing
<s> [webpack.Progress] 88% after hashing HotModuleReplacementPlugin
<s> [webpack.Progress] 89% record hash
<s> [webpack.Progress] 89% module assets processing
<s> [webpack.Progress] 90% chunk assets processing
<s> [webpack.Progress] 90% additional chunk assets processing
<s> [webpack.Progress] 90% additional chunk assets processing HotModuleReplacementPlugin
<s> [webpack.Progress] 91% recording
<s> [webpack.Progress] 91% recording HotModuleReplacementPlugin
<s> [webpack.Progress] 92% additional asset processing
<s> [webpack.Progress] 92% chunk asset optimization
<s> [webpack.Progress] 93% after chunk asset optimization
<s> [webpack.Progress] 93% asset optimization
<s> [webpack.Progress] 94% after asset optimization
<s> [webpack.Progress] 94% after seal
<s> [webpack.Progress] 95% emitting
<s> [webpack.Progress] 95% emitting HtmlWebpackPlugin
<s> [webpack.Progress] 95% emitting CopyPlugin
<s> [webpack.Progress] 98% after emitting
<s> [webpack.Progress] 98% after emitting CopyPlugin
 DONE  Compiled successfully in 13189ms7:29:13 PM

<s> [webpack.Progress] 100% 


  App running at:
  - Local:   http://localhost:8080/ 
  - Network: unavailable

  Note that the development build is not optimized.
  To create a production build, run npm run build.

